white,ASA,929,604,1955,629,1191,1443,608,619,126,225,52,123,21,16,30,101,56,31
white,ASA,935,606,1959,624,1190,1448,604,612,126,221,52,123,21,16,30,101,56,31
white,ASA,948,609,1962,635,1191,1448,605,614,126,223,52,122,21,16,30,101,55,31
white,ASA,923,603,1952,625,1183,1444,607,614,126,220,52,123,21,16,30,101,55,30
white,ASA,900,599,1953,621,1184,1448,606,609,125,214,52,123,21,16,30,101,55,30
white,ASA,873,594,1949,614,1181,1450,605,604,125,207,52,124,21,16,30,101,56,30
white,ASA,877,596,1955,613,1181,1449,604,605,125,210,52,124,21,16,30,101,56,30
white,ASA,851,592,1951,604,1176,1456,601,601,124,206,52,123,21,16,30,101,55,30
white,ASA,863,593,1951,606,1176,1449,605,606,125,210,52,123,21,16,30,101,55,30
white,ASA,874,591,1939,609,1170,1444,606,607,125,210,52,124,21,16,30,101,56,30
white,ASA,874,594,1942,612,1171,1447,606,605,124,207,52,124,21,16,30,101,56,30
white,ASA,876,597,1951,614,1178,1453,605,605,125,207,52,124,21,16,30,101,56,30
white,ASA,840,593,1967,609,1187,1463,603,601,124,204,52,124,21,16,30,102,56,30
white,ASA,829,587,1953,605,1178,1457,603,603,124,205,52,123,21,16,30,102,56,30
white,ASA,831,588,1956,605,1175,1457,603,603,124,206,52,123,21,16,30,101,56,30
white,ASA,846,587,1953,608,1173,1446,601,601,124,206,52,123,21,16,30,101,55,30
white,ASA,872,593,1945,609,1175,1446,604,604,125,210,52,123,21,16,30,101,55,30
white,ASA,849,583,1924,609,1161,1439,605,605,125,206,52,123,21,16,30,101,55,30
white,ASA,850,585,1926,607,1164,1430,608,609,125,210,52,124,21,16,30,101,56,30
white,ASA,852,590,1946,608,1179,1432,609,611,126,213,52,124,21,16,30,101,56,30
white,ASA,868,594,1950,620,1178,1450,607,611,125,210,52,123,21,16,30,101,56,30
white,ASA,861,591,1946,613,1176,1450,609,611,125,213,52,123,21,16,30,101,56,30
white,ASA,864,596,1955,618,1181,1450,609,611,126,214,52,124,21,16,30,101,56,30
white,ASA,864,595,1961,620,1186,1449,610,612,126,212,52,124,21,16,30,101,56,30
white,ASA,863,596,1960,617,1182,1447,611,612,126,212,52,124,21,16,30,101,56,30
white,ASA,834,589,1954,616,1179,1448,607,607,126,207,52,124,21,16,30,101,56,30
white,ASA,832,593,1957,612,1192,1461,609,613,124,216,52,124,21,16,30,101,56,30
white,ASA,877,609,1992,632,1205,1481,611,619,125,218,52,124,21,16,30,101,56,31
white,ASA,898,619,2030,633,1228,1492,610,620,124,226,52,123,21,16,30,101,57,31
white,ASA,965,627,2019,661,1229,1480,612,627,125,234,52,123,21,16,30,101,57,31
white,ASA,946,630,2042,662,1242,1508,615,624,126,226,52,124,21,16,30,101,57,31
white,ASA,919,633,2064,657,1258,1527,617,620,126,219,52,125,21,16,30,101,58,31
white,ASA,877,625,2063,648,1250,1526,616,616,126,210,52,126,21,16,30,101,58,30
white,ASA,839,621,2067,633,1252,1546,615,613,126,207,52,126,21,16,30,101,58,30
white,ASA,819,611,2057,621,1242,1535,610,609,125,205,52,126,21,16,30,101,58,30
white,ASA,825,614,2059,620,1238,1534,607,606,125,207,52,124,21,16,30,101,57,30
white,ASA,801,608,2051,606,1226,1526,605,600,124,200,52,124,21,16,30,101,56,30
white,ASA,814,611,2053,606,1226,1526,605,602,124,202,52,124,21,16,30,101,56,30
white,ASA,811,598,2042,601,1219,1490,605,602,124,203,52,124,21,16,30,101,56,30
white,ASA,793,595,2006,597,1201,1494,608,604,124,203,52,124,21,16,30,101,56,30
white,ASA,810,599,2003,605,1202,1497,612,610,124,204,52,125,21,16,30,101,57,30
white,ASA,793,598,2012,604,1207,1511,612,608,124,200,52,126,21,16,30,101,57,30
white,ASA,821,610,2025,623,1219,1528,614,612,124,207,52,126,21,16,30,101,57,30
white,ASA,827,616,2060,630,1246,1546,614,612,124,206,52,126,21,16,30,101,58,30
white,ASA,818,622,2097,624,1263,1551,617,617,124,204,52,126,21,16,30,101,58,30
white,ASA,825,622,2096,626,1261,1569,614,626,126,207,52,125,21,16,30,101,58,31
white,ASA,858,633,2110,647,1275,1570,617,619,125,214,52,126,21,16,30,101,58,31
white,ASA,877,636,2110,646,1274,1568,616,621,125,221,52,125,21,16,30,101,58,31
white,ASA,904,633,2109,653,1264,1542,616,627,124,229,52,124,21,16,30,101,58,31
white,ASA,897,630,2079,652,1257,1544,614,621,124,223,52,124,21,16,30,101,58,31
white,ASA,912,636,2089,656,1265,1548,613,620,125,225,52,124,21,16,30,101,58,31
white,ASA,859,619,2088,633,1265,1536,610,609,124,207,52,125,21,16,30,101,57,30
white,ASA,815,609,2050,623,1230,1530,612,602,124,194,52,125,21,16,30,101,57,30
white,ASA,756,597,2050,590,1220,1531,615,604,125,192,52,127,21,16,30,101,57,30
white,ASA,772,601,2050,593,1230,1539,620,619,126,203,52,126,21,16,30,101,57,30
white,ASA,828,615,2056,628,1237,1543,618,619,125,210,52,126,21,16,30,101,57,30
white,ASA,886,617,2043,644,1238,1528,618,625,124,224,52,125,21,16,30,101,57,31
white,ASA,928,627,2075,652,1259,1519,613,622,123,242,52,124,21,16,30,101,57,31
white,ASA,913,627,2054,651,1242,1526,615,622,124,223,52,124,21,16,30,101,57,31
white,ASA,850,608,2042,623,1230,1510,620,620,124,212,52,126,21,16,30,101,57,30
white,ASA,815,599,2017,628,1211,1505,618,614,124,199,52,126,21,16,30,101,58,30
white,ASA,835,608,2034,618,1227,1511,619,615,125,205,52,127,21,16,30,101,57,30
white,ASA,837,611,2036,622,1228,1524,617,616,125,208,52,127,21,16,30,101,57,30
white,ASA,834,605,2051,620,1223,1512,615,618,124,216,52,126,21,16,30,101,57,30
white,ASA,882,613,2030,634,1222,1503,613,618,126,219,52,124,21,16,30,101,57,30
white,ASA,888,608,2009,629,1207,1492,611,630,125,218,52,124,21,16,30,100,56,30
white,ASA,865,603,2010,618,1205,1480,611,611,125,210,52,125,21,16,30,101,56,30
white,ASA,857,597,1983,618,1189,1467,613,613,125,207,52,125,21,16,30,101,56,30
white,ASA,845,600,1988,608,1194,1482,614,611,124,209,52,125,21,16,30,101,56,30
white,ASA,853,601,2000,613,1197,1484,616,619,124,216,52,126,21,16,30,101,57,30
white,ASA,895,612,2001,629,1222,1493,618,629,124,229,52,125,21,16,30,101,57,31
white,ASA,907,617,2027,634,1227,1501,620,633,124,228,52,125,21,16,30,101,58,31
white,ASA,936,630,2053,660,1249,1525,619,626,124,225,52,126,21,16,30,101,58,31
white,ASA,914,628,2067,655,1253,1528,617,615,124,206,52,127,21,16,30,101,58,31
white,ASA,855,617,2060,622,1241,1535,611,601,124,192,52,127,21,16,30,102,58,30
white,ASA,817,610,2059,604,1234,1537,610,599,124,202,52,127,21,16,30,102,57,30
white,ASA,790,599,2032,609,1207,1530,609,605,124,199,52,125,21,16,30,101,57,30
white,ASA,842,602,2009,589,1198,1504,611,612,124,211,52,125,21,16,30,101,56,30
white,ASA,949,619,2007,608,1205,1486,614,628,124,225,52,123,21,16,30,101,56,31
white,ASA,1036,632,2007,648,1220,1469,617,636,124,243,52,123,21,16,30,101,57,31
white,ASA,990,632,2013,661,1225,1491,618,632,125,240,52,124,21,16,30,101,57,31
white,ASA,930,626,2042,655,1236,1501,620,621,126,214,52,125,21,16,30,101,58,31
white,ASA,890,620,2047,631,1238,1520,621,611,125,197,52,128,21,16,30,101,58,30
white,ASA,849,615,2050,623,1233,1527,620,607,125,189,52,129,21,16,30,101,58,30
white,ASA,802,606,2049,598,1228,1536,621,611,125,193,52,129,21,16,30,101,58,30
white,ASA,810,609,2057,611,1231,1543,624,625,126,212,52,128,21,16,30,101,58,31
white,ASA,856,617,2067,629,1246,1544,622,626,125,221,52,127,21,16,30,101,58,31
white,ASA,949,631,2059,628,1251,1542,619,626,125,223,52,126,21,16,30,101,58,31
white,ASA,966,631,2050,663,1242,1523,617,622,124,218,52,126,21,16,30,101,58,31
white,ASA,924,621,2032,644,1225,1514,617,618,124,213,52,126,21,16,30,101,58,31
white,ASA,890,616,2029,624,1217,1503,618,621,124,217,52,126,21,16,30,101,57,31
white,ASA,1386,710,2115,766,1310,1503,623,687,131,316,51,120,21,16,30,97,58,33
white,ASA,1405,714,2118,774,1309,1495,623,687,130,312,51,120,21,16,30,98,58,33
white,ASA,1410,720,2136,775,1325,1500,626,689,130,314,51,121,21,16,30,98,59,33
white,ASA,1372,718,2149,776,1330,1523,627,683,130,306,51,122,21,16,30,98,59,33
white,ASA,1296,709,2155,759,1329,1546,628,672,129,289,51,123,21,16,30,99,59,33
white,ASA,1239,698,2161,742,1318,1544,629,670,128,282,51,123,21,16,30,99,59,32
white,ASA,1203,691,2149,732,1313,1540,628,664,128,274,51,124,21,16,30,99,59,32
white,ASA,1190,689,2139,731,1307,1542,627,662,128,273,51,123,21,16,30,99,59,32
white,ASA,1189,687,2134,727,1303,1539,626,663,128,272,51,123,21,16,30,99,58,32
white,ASA,1163,678,2118,718,1290,1528,626,660,128,268,51,123,21,16,30,99,59,32
white,ASA,1208,685,2119,728,1293,1524,626,666,128,273,51,123,21,16,30,99,59,32
white,ASA,1222,689,2123,733,1302,1527,625,667,127,283,51,123,21,16,30,99,59,32
white,ASA,1237,691,2121,740,1304,1524,625,670,127,288,51,122,21,16,30,99,58,32
white,ASA,1296,699,2121,751,1301,1514,623,671,128,287,51,122,21,16,30,99,59,33
white,ASA,1285,698,2122,750,1305,1519,623,668,128,287,51,122,21,16,30,99,59,32
white,ASA,1252,696,2135,740,1308,1530,625,665,128,280,51,123,21,16,30,99,59,32
white,ASA,1215,690,2133,733,1303,1530,628,663,128,273,51,123,21,16,30,99,59,32
white,ASA,1177,683,2130,726,1305,1536,628,662,129,270,51,124,21,16,30,99,59,32
white,ASA,1183,687,2136,725,1307,1540,627,663,129,273,51,124,21,16,30,99,59,32
white,ASA,1172,689,2138,727,1305,1553,625,661,128,269,51,123,21,16,30,99,59,32
white,ASA,1179,684,2129,725,1298,1543,622,659,127,273,51,122,21,16,30,99,59,32
white,ASA,1168,679,2117,729,1291,1534,622,657,126,271,51,123,21,16,30,99,58,32
white,ASA,1185,681,2116,723,1291,1522,623,660,127,274,51,123,21,16,30,99,58,32
white,ASA,1201,684,2119,729,1295,1520,621,660,127,274,51,122,21,16,30,99,58,32
white,ASA,1184,676,2099,723,1281,1515,620,656,127,272,51,122,21,16,30,99,58,32
white,ASA,1171,679,2100,719,1282,1519,626,661,127,273,51,123,21,16,30,99,58,32
white,ASA,1178,681,2115,721,1288,1519,628,663,128,270,51,124,21,16,30,99,59,32
white,ASA,1157,672,2091,717,1276,1520,623,656,127,266,51,123,21,16,30,99,58,32
white,ASA,1167,676,2110,719,1289,1515,623,658,127,270,51,123,21,16,30,99,58,32
white,ASA,1166,677,2107,716,1285,1519,622,656,127,269,51,122,21,16,30,99,58,32
white,ASA,1139,671,2101,710,1280,1524,622,656,126,268,51,123,21,16,30,99,58,32
white,ASA,1151,672,2100,715,1281,1514,620,654,126,267,51,123,21,16,30,99,58,32
white,ASA,1164,676,2102,709,1285,1519,622,659,128,265,51,123,21,16,30,99,58,32
white,ASA,1158,674,2107,715,1283,1516,622,653,127,265,51,123,21,16,30,99,58,32
white,ASA,1147,670,2088,714,1273,1515,624,654,127,262,51,123,21,16,30,99,58,32
white,ASA,1106,664,2092,698,1267,1512,623,650,127,258,51,124,21,16,30,99,58,32
white,ASA,1134,664,2069,703,1263,1497,615,648,127,264,51,122,21,16,30,99,58,32
white,ASA,1141,666,2080,705,1266,1498,620,654,126,266,51,122,21,16,30,99,57,32
white,ASA,1161,670,2080,704,1264,1497,620,656,126,271,51,122,21,16,30,99,58,32
white,ASA,1203,684,2104,726,1287,1523,620,657,126,273,51,122,21,16,30,99,58,32
white,ASA,1206,697,2151,731,1315,1551,619,653,126,268,51,123,21,16,30,99,59,32
white,ASA,1188,697,2163,729,1319,1560,619,651,126,262,51,123,21,16,30,99,59,32
white,ASA,1172,691,2152,724,1315,1557,621,653,126,263,51,124,21,16,30,100,59,32
white,ASA,1158,689,2151,717,1310,1557,618,650,126,263,51,123,21,16,30,99,59,32
white,ASA,1172,695,2155,719,1315,1563,616,647,126,263,51,123,21,16,30,99,58,32
white,ASA,1097,671,2120,686,1283,1530,614,636,126,246,51,123,21,16,30,99,58,31
white,ASA,1071,668,2118,682,1280,1531,617,634,126,239,51,123,21,16,30,99,57,31
white,ASA,1016,660,2115,668,1270,1529,625,638,126,236,51,125,21,16,30,99,58,31
white,ASA,1005,652,2103,671,1268,1534,622,640,126,241,51,125,21,16,30,100,58,31
white,ASA,1083,676,2141,697,1305,1557,621,647,126,256,51,124,21,16,30,99,59,32
white,ASA,1137,686,2155,720,1314,1563,619,651,126,261,51,123,21,16,30,99,59,32
white,ASA,1202,699,2165,734,1323,1565,618,654,126,267,51,123,21,16,30,99,59,32
white,ASA,1212,698,2159,725,1312,1551,615,651,126,270,51,122,21,16,30,99,58,32
white,ASA,1187,690,2137,717,1301,1536,616,652,125,268,51,122,21,16,30,100,59,32
white,ASA,1191,691,2138,720,1301,1536,616,652,125,270,51,122,21,16,30,100,58,32
white,ASA,1169,688,2140,718,1304,1548,619,648,125,265,51,123,21,16,30,100,58,32
white,ASA,1154,684,2132,712,1301,1546,621,645,126,252,51,124,21,16,30,99,59,32
white,ASA,1007,661,2130,670,1284,1562,619,625,126,222,52,126,21,16,30,100,59,31
white,ASA,886,641,2129,629,1271,1577,617,615,124,208,52,127,21,16,30,100,58,30
white,ASA,847,616,2062,611,1228,1543,613,615,123,212,52,126,21,16,30,101,57,30
white,ASA,956,634,2068,657,1243,1517,611,628,122,234,52,123,21,16,29,101,57,31
white,ASA,1001,636,2052,663,1233,1504,610,627,122,237,52,123,21,16,29,101,57,31
white,ASA,1028,645,2063,674,1243,1514,612,626,122,235,52,124,21,16,29,101,58,31
white,ASA,983,638,2067,664,1243,1513,610,617,122,220,52,124,21,16,29,101,58,31
white,ASA,906,627,2068,646,1242,1531,614,616,124,207,52,126,21,16,29,101,58,31
white,ASA,905,628,2084,635,1248,1536,610,612,123,210,52,125,21,16,29,101,58,30
white,ASA,977,636,2059,649,1234,1510,604,619,122,223,52,122,21,16,29,101,57,31
white,ASA,1023,632,2020,652,1209,1483,600,621,122,241,52,120,21,16,29,101,56,31
white,ASA,1031,630,2021,646,1198,1454,601,615,122,231,52,120,21,16,29,100,55,31
white,ASA,993,619,1999,635,1194,1442,604,610,122,225,52,122,21,16,29,100,55,30
white,ASA,920,605,1975,614,1178,1443,605,601,122,204,52,124,21,16,30,101,56,30
white,ASA,872,604,1989,610,1192,1447,609,607,124,205,52,125,21,16,29,100,57,30
white,ASA,883,608,1990,621,1193,1482,613,620,123,223,52,125,21,16,30,101,57,31
white,ASA,980,630,2035,627,1231,1485,614,633,124,242,52,123,21,16,29,100,57,31
white,ASA,1056,649,2064,682,1256,1507,609,628,123,240,52,123,21,16,29,101,58,31
white,ASA,1042,648,2066,677,1256,1511,610,619,123,225,52,124,21,16,30,100,58,31
white,ASA,956,633,2057,642,1238,1510,609,610,123,212,52,125,21,16,30,101,57,30
white,ASA,859,610,2024,611,1212,1503,610,608,123,206,52,125,21,16,30,101,57,30
white,ASA,891,617,2033,610,1215,1502,606,610,123,215,52,125,21,16,29,101,57,30
white,ASA,1037,642,2043,640,1231,1498,604,622,123,237,52,121,21,16,29,101,56,31
white,ASA,1092,647,2034,670,1227,1468,604,627,122,247,52,120,21,16,29,100,56,31
white,ASA,1088,648,2039,661,1229,1476,605,625,122,243,52,121,21,16,30,100,56,31
white,ASA,1006,633,2019,659,1219,1463,609,614,124,218,52,122,21,16,30,100,57,31
white,ASA,915,631,2058,649,1236,1481,611,604,124,198,52,126,21,16,30,100,57,30
white,ASA,857,620,2057,613,1235,1529,612,605,124,197,52,127,21,16,30,101,58,30
white,ASA,806,613,2070,600,1237,1549,609,602,123,196,52,127,21,16,29,101,58,30
white,ASA,895,635,2103,636,1260,1557,606,615,123,223,52,124,21,16,30,101,57,31
white,ASA,1011,649,2096,661,1257,1527,602,618,122,228,52,121,21,16,29,101,57,31
white,ASA,1063,653,2076,669,1251,1511,602,618,122,234,52,121,21,16,29,101,57,31
white,ASA,1043,650,2061,658,1243,1510,605,616,123,226,52,122,21,16,29,100,57,31
white,ASA,969,635,2054,639,1234,1506,605,610,123,217,52,124,21,16,29,101,57,30
white,ASA,908,627,2055,636,1233,1513,603,605,122,209,52,124,21,16,29,101,57,30
white,ASA,920,628,2050,631,1228,1515,604,609,122,213,52,123,21,16,29,101,57,30
white,ASA,964,629,2035,642,1222,1499,603,616,122,229,52,122,21,16,29,101,57,31
white,ASA,977,630,2036,650,1227,1499,607,620,122,229,52,122,21,16,29,101,57,31
white,ASA,981,633,2042,653,1230,1500,608,620,122,228,52,123,21,16,29,101,57,31
white,ASA,973,634,2044,654,1236,1505,607,615,122,224,52,124,21,16,30,101,57,31
white,ASA,929,627,2046,653,1230,1510,603,606,122,214,52,123,21,16,29,101,57,30
white,ASA,909,623,2046,626,1223,1511,604,606,122,211,52,123,21,16,29,101,57,30
white,ASA,910,615,2017,625,1202,1509,608,610,123,212,52,124,21,16,29,101,56,30
white,ASA,900,609,2003,619,1196,1473,609,611,122,210,52,124,21,16,29,101,56,30
white,ASA,891,609,1996,625,1194,1474,609,614,122,217,52,124,21,16,29,101,56,30
white,ASA,936,619,2008,643,1210,1478,610,622,123,223,52,123,21,16,29,100,57,31
white,ASA,1038,639,2031,660,1233,1481,608,629,123,244,52,122,21,16,30,100,57,31
white,ASA,1047,639,2032,672,1232,1474,607,626,123,242,52,122,21,16,29,100,57,31
white,ASA,1005,628,2011,659,1217,1468,607,619,123,229,52,122,21,16,30,100,57,31
white,ASA,929,617,2010,643,1210,1476,610,615,123,216,52,124,21,16,30,100,57,30
white,ASA,893,612,2013,631,1211,1489,610,614,123,215,52,124,21,16,29,101,57,30
white,ASA,909,614,2012,629,1211,1487,610,617,123,221,52,124,21,16,29,100,57,31
white,ASA,928,617,2015,640,1214,1486,609,619,122,226,52,124,21,16,29,101,57,31
white,ASA,973,625,2016,649,1216,1476,609,621,122,230,52,123,21,16,29,101,57,31
white,ASA,968,626,2017,652,1218,1480,609,620,122,228,52,123,21,16,29,100,57,31
white,ASA,955,624,2021,652,1219,1481,610,618,122,223,52,123,21,16,29,101,57,31
white,ASA,922,618,2022,639,1218,1485,609,615,122,218,52,124,21,16,29,101,57,30
white,ASA,915,618,2021,639,1215,1486,608,613,122,217,52,123,21,16,29,101,57,30
white,ASA,921,618,2023,637,1217,1486,606,613,122,219,52,123,21,16,29,101,57,30
white,ASA,928,619,2018,635,1212,1484,609,617,122,223,52,123,21,16,29,101,56,30
white,ASA,936,615,1996,636,1202,1470,608,616,122,223,52,123,21,16,29,101,57,30
white,ASA,937,617,2004,637,1208,1470,609,617,122,222,52,123,21,16,29,101,57,31
white,ASA,954,622,2005,648,1216,1475,609,620,122,225,52,123,21,16,29,101,57,31
white,ASA,936,620,2020,643,1216,1481,609,617,122,223,52,123,21,16,29,101,57,31
white,ASA,927,623,2033,644,1223,1485,610,617,122,220,52,124,21,16,29,101,57,31
white,ASA,920,620,2032,639,1222,1497,610,614,123,216,52,124,21,16,29,101,57,30
white,ASA,901,620,2029,632,1221,1499,611,614,122,214,52,124,21,16,29,101,57,30
white,ASA,910,616,2017,633,1213,1496,610,616,123,219,52,124,21,16,29,100,57,30
white,ASA,934,622,2020,641,1214,1487,609,621,122,229,52,123,21,16,30,101,57,31
white,ASA,966,631,2038,646,1228,1490,609,624,122,232,52,123,21,16,29,101,57,31
white,ASA,988,633,2035,661,1230,1485,609,624,122,231,52,123,21,16,29,101,57,31
white,ASA,994,636,2042,662,1237,1498,610,622,122,227,52,123,21,16,29,101,57,31
white,ASA,982,641,2068,660,1248,1515,609,619,122,226,52,123,21,16,29,101,58,31
white,ASA,988,640,2063,660,1248,1514,607,619,123,228,52,123,21,16,29,101,57,31
white,ASA,960,633,2058,650,1240,1503,607,617,123,223,52,123,21,16,29,101,57,31
white,ASA,942,626,2037,640,1221,1493,608,614,123,216,52,123,21,16,29,101,57,30
white,ASA,904,613,2006,624,1206,1483,606,605,123,206,52,124,21,16,29,101,57,30
white,ASA,850,610,2027,609,1211,1503,605,599,123,198,52,125,21,16,29,101,57,30
white,ASA,842,606,2023,607,1207,1502,608,603,123,201,52,125,21,16,29,101,56,30
white,ASA,892,616,2030,624,1213,1497,603,608,123,217,52,123,21,16,29,101,57,30
white,ASA,947,625,2031,619,1224,1492,609,624,123,230,52,122,21,16,29,100,57,31
white,ASA,1035,636,2033,670,1239,1483,608,626,123,238,52,122,21,16,30,100,57,31
white,ASA,1046,645,2049,678,1242,1493,610,624,124,232,52,123,21,16,30,100,57,31
white,ASA,980,639,2052,655,1241,1509,609,619,124,225,52,124,21,16,30,100,57,31
white,ASA,1008,641,2053,656,1241,1505,612,628,124,237,52,123,21,16,29,100,57,31
white,ASA,1036,642,2049,669,1238,1490,608,629,124,240,52,122,21,16,30,100,57,31
white,ASA,1025,645,2056,670,1245,1499,609,624,124,235,52,122,21,16,30,100,57,31
white,ASA,1001,635,2035,656,1226,1487,610,617,124,220,52,124,21,16,30,100,57,31
white,ASA,909,622,2035,633,1219,1497,608,605,125,201,52,125,21,16,30,100,57,30
white,ASA,840,604,2033,605,1204,1494,604,601,124,203,52,124,21,16,30,101,56,30
white,ASA,854,607,2016,611,1202,1493,605,608,124,212,52,124,21,16,30,101,56,30
white,ASA,1122,655,2020,686,1217,1483,608,639,126,234,52,121,21,16,30,99,56,32
white,ASA,1135,656,2048,681,1246,1479,605,634,124,256,51,120,21,16,30,100,57,32
white,ASA,1126,662,2061,697,1261,1499,608,632,124,248,52,122,21,16,30,100,58,31
white,ASA,1036,655,2093,682,1264,1524,610,621,124,227,52,124,21,16,30,100,58,31
white,ASA,979,637,2057,652,1241,1512,607,620,125,228,52,123,21,16,30,100,57,31
white,ASA,1025,635,2024,649,1217,1479,604,622,124,239,52,121,21,16,30,100,56,31
white,ASA,1027,623,1973,651,1187,1431,599,613,124,230,52,120,21,16,30,100,55,31
white,ASA,985,618,1976,641,1185,1435,602,606,124,220,52,121,21,16,30,100,55,30
white,ASA,896,602,1972,615,1181,1442,604,607,124,214,52,123,21,16,30,100,55,30
white,ASA,878,603,1979,610,1191,1463,606,613,124,218,52,123,21,16,30,101,56,30
white,ASA,906,613,2010,637,1212,1484,608,615,124,221,52,124,21,16,30,101,57,31
white,ASA,936,625,2033,652,1230,1506,610,611,124,208,52,125,21,16,30,101,58,30
white,ASA,975,634,2046,652,1237,1507,602,614,124,225,52,122,21,16,30,101,57,31
white,ASA,984,624,2007,642,1205,1467,598,618,123,240,52,120,21,16,30,101,56,31
white,ASA,1007,611,1947,632,1165,1421,597,611,123,229,52,119,21,16,29,101,55,30
white,ASA,1037,615,1937,640,1172,1401,605,619,124,228,52,121,21,16,30,100,55,31
white,ASA,913,605,1957,627,1179,1447,610,616,124,221,52,124,21,16,30,100,56,30
white,ASA,870,606,2005,618,1211,1488,609,609,125,208,52,125,21,16,30,100,57,30
white,ASA,931,623,2032,645,1230,1501,609,612,125,212,52,125,21,16,30,101,58,30
white,ASA,875,610,2012,629,1207,1492,600,601,123,209,52,123,21,16,30,101,56,30
white,ASA,917,634,2084,632,1242,1520,602,610,123,213,52,122,21,16,30,101,57,30
white,ASA,961,647,2106,643,1261,1537,606,619,122,230,52,122,21,16,29,100,57,31
white,ASA,931,650,2128,653,1283,1547,607,613,122,217,52,124,21,16,29,101,58,31
white,ASA,901,646,2131,648,1281,1576,605,608,123,211,52,124,21,16,29,101,58,30
white,ASA,891,642,2119,642,1274,1569,604,609,122,214,52,123,21,16,29,101,58,30
white,ASA,917,640,2101,641,1259,1566,603,612,122,220,52,122,21,16,29,101,57,30
white,ASA,948,639,2086,651,1254,1535,607,618,122,227,52,122,21,16,29,101,58,31
white,ASA,952,649,2094,663,1256,1555,606,616,122,226,52,123,21,16,29,101,58,31
white,ASA,953,653,2131,664,1284,1567,606,615,122,222,52,123,21,16,29,101,58,31
white,ASA,924,649,2138,658,1280,1571,606,611,122,214,52,123,21,16,29,101,58,30
white,ASA,885,642,2125,643,1273,1575,604,604,122,207,52,124,21,16,30,101,58,30
white,ASA,861,631,2108,628,1259,1561,605,603,122,203,52,124,21,16,29,101,58,30
white,ASA,850,627,2107,622,1257,1555,606,607,122,208,52,124,21,16,29,101,58,30
white,ASA,879,637,2110,624,1262,1554,605,610,122,215,52,123,21,16,29,101,57,30
white,ASA,921,649,2113,652,1278,1566,605,614,122,223,52,123,21,16,30,101,58,31
white,ASA,964,650,2109,660,1268,1543,603,613,122,223,52,122,21,16,29,101,58,31
white,ASA,941,650,2122,655,1273,1560,603,611,122,220,52,122,21,16,29,101,58,31
white,ASA,936,648,2119,654,1271,1560,604,610,121,216,52,123,21,16,29,101,58,30
white,ASA,904,645,2120,644,1274,1567,605,609,122,214,52,124,21,16,29,101,58,30
white,ASA,887,647,2147,642,1283,1573,605,607,122,209,52,124,21,16,29,101,58,30
white,ASA,903,648,2137,647,1280,1570,603,606,122,211,52,123,21,16,30,101,58,30
white,ASA,916,649,2133,648,1278,1571,601,607,122,215,52,123,21,16,29,101,58,30
white,ASA,920,649,2130,650,1273,1562,602,610,121,218,52,122,21,16,29,101,57,31
white,ASA,924,653,2123,652,1285,1568,605,612,122,219,52,123,21,16,30,101,58,30
white,ASA,899,648,2136,650,1280,1568,604,607,122,209,52,123,21,16,29,101,58,30
white,ASA,878,643,2142,634,1277,1575,602,603,122,206,52,123,21,16,29,101,58,30
white,ASA,883,643,2132,636,1273,1572,602,606,122,211,52,123,21,16,29,101,57,30
white,ASA,885,642,2138,638,1275,1568,603,610,121,217,52,123,21,16,29,101,57,30
white,ASA,924,648,2130,651,1270,1561,605,614,122,222,52,123,21,16,29,101,58,30
white,ASA,932,648,2107,653,1273,1558,605,614,122,222,52,123,21,16,29,101,58,31
white,ASA,925,640,2093,651,1262,1538,604,615,122,224,52,123,21,16,29,101,58,31
white,ASA,917,651,2097,651,1262,1573,603,609,122,216,52,123,21,16,29,101,58,30
white,ASA,884,634,2093,633,1253,1541,601,601,122,205,52,123,21,16,29,101,57,30
white,ASA,826,612,2036,610,1216,1532,601,598,121,200,52,124,21,16,29,101,57,30
white,ASA,842,616,2068,613,1232,1538,603,602,121,206,52,124,21,16,29,101,57,30
white,ASA,862,621,2070,625,1233,1537,604,609,121,209,52,123,21,16,29,101,57,30
white,ASA,954,617,2005,629,1206,1499,603,616,121,228,52,122,21,16,29,101,56,31
white,ASA,956,620,2010,648,1211,1481,602,613,121,223,52,122,21,16,29,101,56,31
white,ASA,964,623,2022,650,1215,1484,604,615,121,224,52,122,21,16,29,101,57,31
white,ASA,942,624,2036,648,1226,1498,605,612,121,220,52,123,21,16,29,101,57,30
white,ASA,920,619,2030,639,1223,1494,601,606,121,218,52,122,21,16,29,101,56,30
white,ASA,895,618,2047,637,1218,1500,602,604,121,209,52,123,21,16,29,101,56,30
white,ASA,851,608,2047,611,1218,1502,601,597,122,205,52,124,21,16,29,101,57,30
white,ASA,797,589,1997,599,1186,1494,598,588,122,186,52,124,21,16,29,101,56,30
white,ASA,798,587,1991,589,1182,1478,598,594,122,192,52,123,21,16,29,101,56,30
white,ASA,865,594,1983,611,1181,1456,601,607,121,209,52,122,21,16,29,101,56,30
white,ASA,970,611,1973,641,1178,1445,602,618,121,233,52,121,21,16,29,101,56,31
white,ASA,994,621,1985,649,1200,1458,601,609,121,221,52,122,21,16,29,101,56,30
white,ASA,923,611,1995,630,1198,1471,602,604,122,207,52,124,21,16,29,101,56,30
white,ASA,916,605,1977,625,1185,1453,601,610,121,218,52,122,21,16,29,101,56,30
white,ASA,966,607,1973,634,1183,1434,598,612,121,228,52,121,21,16,29,101,55,30
white,ASA,961,610,1966,634,1180,1435,602,604,122,209,52,122,21,16,29,101,56,30
white,ASA,847,593,1964,599,1178,1459,604,595,122,194,52,125,21,16,29,101,56,30
white,ASA,808,588,1973,589,1175,1472,603,596,122,191,52,125,21,16,29,101,56,30
white,ASA,884,601,1974,613,1179,1465,605,612,122,218,52,123,21,16,29,101,56,30
white,ASA,977,615,1980,627,1189,1453,604,617,121,229,52,122,21,16,29,101,56,31
white,ASA,1022,626,1990,657,1200,1459,604,618,121,229,52,122,21,16,29,101,56,31
white,ASA,987,623,1997,649,1208,1468,607,611,122,213,52,123,21,16,29,101,57,31
white,ASA,940,616,2012,637,1215,1478,606,611,122,214,52,124,21,16,29,101,57,30
white,ASA,971,622,2004,640,1204,1469,604,613,122,221,52,123,21,16,29,101,57,31
white,ASA,1012,623,1990,640,1194,1453,601,614,122,229,52,121,21,16,29,101,56,31
white,ASA,973,609,1960,628,1170,1436,601,607,121,217,52,121,21,16,29,101,55,30
white,ASA,846,593,1962,605,1173,1439,610,600,123,192,52,126,21,16,29,101,56,30
white,ASA,884,607,1996,620,1199,1478,608,612,123,213,52,124,21,16,29,101,57,30
white,ASA,1042,627,1992,652,1198,1448,597,623,122,236,52,119,21,16,29,101,56,31
white,ASA,1118,632,1975,653,1185,1434,599,624,121,248,52,119,21,16,29,101,55,31
white,ASA,1057,627,1978,649,1188,1425,616,621,122,221,52,124,21,16,29,101,56,31
white,ASA,916,618,2020,634,1221,1490,618,615,122,204,52,128,21,16,29,101,58,31
white,ASA,789,603,2051,627,1236,1548,609,600,123,194,52,128,21,16,29,101,59,30
white,ASA,851,619,2079,611,1243,1559,606,602,122,202,52,126,21,16,29,101,58,30
white,ASA,1056,639,2058,656,1230,1483,604,623,121,238,52,122,21,16,29,101,57,31
white,ASA,1088,633,1986,661,1198,1436,603,629,121,249,52,120,21,16,29,101,56,31
white,ASA,1010,626,1990,645,1199,1462,609,608,121,207,52,124,21,16,30,101,57,30
white,ASA,929,616,2006,619,1202,1475,605,595,122,187,52,126,21,16,29,101,57,30
white,ASA,780,590,2002,578,1188,1497,610,604,123,197,52,126,21,16,30,101,56,30
white,ASA,934,617,2014,630,1210,1489,615,622,122,221,52,125,21,16,29,101,57,31
white,ASA,971,628,2031,652,1228,1496,612,615,122,215,52,125,21,16,29,101,57,31
white,ASA,925,623,2034,633,1226,1506,608,607,122,208,52,125,21,16,29,101,57,30
white,ASA,939,618,2012,623,1201,1488,603,611,122,218,52,123,21,16,29,101,56,30
white,ASA,981,619,1979,630,1183,1450,605,619,121,230,52,122,21,16,29,101,55,31
white,ASA,1009,621,1979,641,1185,1444,610,619,121,226,52,123,21,16,29,101,56,31
white,ASA,1000,623,1981,644,1193,1458,613,624,122,226,52,124,21,16,29,101,57,31
white,ASA,969,625,2015,641,1213,1484,615,617,122,215,52,125,21,16,29,101,57,31
white,ASA,937,626,2034,637,1223,1505,613,618,122,214,52,125,21,16,29,101,57,31
white,ASA,921,619,2035,635,1221,1503,614,616,121,216,52,125,21,16,29,101,57,31
white,ASA,966,627,2038,640,1223,1500,617,621,122,218,52,126,21,16,29,101,57,31
white,ASA,950,623,2026,642,1215,1489,613,614,122,210,52,125,21,16,29,101,57,31
white,ASA,888,613,2024,619,1214,1500,612,605,122,198,52,126,21,16,30,101,57,30
white,ASA,865,609,2023,610,1205,1500,612,613,124,199,52,126,21,16,29,100,57,30
white,ASA,878,608,2009,615,1199,1483,609,608,122,207,52,125,21,16,29,101,57,30
white,ASA,936,616,2004,628,1198,1473,611,617,122,218,52,124,21,16,29,101,56,31
white,ASA,973,620,2003,638,1205,1468,609,615,121,220,52,124,21,16,29,101,56,31
white,ASA,983,630,2026,644,1219,1487,612,617,122,218,52,125,21,16,29,101,57,31
white,ASA,943,625,2032,639,1221,1491,613,614,122,213,52,125,21,16,29,101,57,31
white,ASA,914,613,2027,630,1217,1486,614,617,121,214,52,125,21,16,30,101,57,30
white,ASA,920,618,2017,634,1212,1500,611,613,121,212,52,125,21,16,29,101,57,30
white,ASA,955,621,2020,636,1213,1491,609,613,121,215,52,124,21,16,29,101,57,30
white,ASA,934,615,2007,636,1199,1488,608,612,121,215,52,124,21,16,29,101,57,30
white,ASA,926,610,1994,628,1197,1470,610,614,121,214,52,124,21,16,29,101,57,30
white,ASA,938,615,1993,629,1198,1474,609,612,121,214,52,125,21,16,29,101,57,30
white,ASA,929,618,2013,632,1209,1487,608,609,121,210,52,125,21,16,29,101,57,30
white,ASA,885,608,2010,617,1206,1481,610,608,122,205,52,125,21,16,29,101,57,30
white,ASA,873,607,2007,616,1198,1484,609,602,122,197,52,126,21,16,29,101,57,30
white,ASA,868,604,2005,607,1197,1483,608,602,122,197,52,126,21,16,30,101,57,30
white,ASA,879,607,2006,609,1198,1486,609,606,122,203,52,125,21,16,29,101,56,30
white,ASA,914,612,2007,622,1200,1482,608,611,121,213,52,124,21,16,29,101,56,30
white,ASA,952,617,2000,630,1201,1473,605,613,121,222,52,123,21,16,29,101,57,31
white,ASA,961,622,2008,640,1205,1480,608,613,121,218,52,124,21,16,29,101,56,30
white,ASA,953,621,2015,634,1208,1477,610,609,121,209,52,124,21,16,29,101,57,30
white,ASA,894,608,2006,620,1203,1480,607,604,121,202,52,125,21,16,29,101,57,30
white,ASA,858,602,1998,608,1195,1484,605,602,122,200,52,125,21,16,29,101,56,30
white,ASA,879,606,2001,608,1195,1480,604,601,121,202,52,124,21,16,29,101,56,30
white,ASA,890,605,1993,612,1190,1469,606,605,121,205,52,124,21,16,29,101,56,30
white,ASA,919,606,1980,621,1188,1459,605,610,121,215,52,123,21,16,29,101,56,30
white,ASA,1000,627,2013,632,1212,1466,607,619,121,228,52,123,21,16,29,101,56,31
white,ASA,1013,630,2015,652,1213,1478,607,618,121,227,52,123,21,16,29,101,57,31
white,ASA,990,629,2022,650,1219,1481,605,610,121,216,52,123,21,16,29,101,57,31
white,ASA,942,619,2023,634,1208,1480,607,608,121,210,52,124,21,16,29,101,56,30
white,ASA,876,598,1988,605,1186,1465,605,601,121,201,52,125,21,16,29,101,56,30
white,ASA,825,594,1985,595,1184,1476,604,594,121,189,52,126,21,16,29,101,56,30
white,ASA,795,589,1981,587,1182,1485,608,592,123,186,52,127,21,16,29,101,57,30
white,ASA,781,587,1990,578,1190,1491,610,601,122,193,52,127,21,16,30,101,57,30
white,ASA,923,606,1976,601,1187,1482,594,610,121,227,52,120,21,16,29,101,56,31
white,ASA,1036,613,1944,640,1167,1408,589,610,120,237,52,117,21,16,29,101,54,31
white,ASA,1050,609,1919,635,1151,1383,596,610,121,230,52,118,21,16,29,101,54,30
white,ASA,1008,600,1902,619,1138,1384,602,600,122,205,52,122,21,16,29,101,54,30
white,ASA,859,581,1905,591,1139,1404,609,593,123,181,52,126,21,16,29,101,55,29
white,ASA,751,566,1917,572,1149,1427,612,594,123,180,52,128,21,16,30,101,56,29
white,ASA,723,570,1925,575,1155,1489,612,602,123,193,52,128,21,16,30,101,58,30
white,ASA,867,608,2022,630,1223,1513,608,614,122,218,52,125,21,16,30,101,58,31
white,ASA,993,623,2009,640,1216,1496,604,612,123,221,52,124,21,16,30,101,57,31
white,ASA,995,614,1968,629,1180,1437,599,601,122,208,52,122,21,16,29,101,55,30
white,ASA,950,603,1944,625,1165,1439,603,605,122,207,52,123,21,16,29,101,55,30
white,ASA,873,591,1947,603,1163,1435,611,613,122,211,52,124,21,16,29,101,56,30
white,ASA,871,599,1976,613,1195,1457,615,621,122,220,52,126,21,16,29,101,57,31
white,ASA,874,614,2035,627,1238,1527,612,603,122,196,52,128,21,16,29,101,58,30
white,ASA,856,611,2041,617,1225,1522,605,588,123,178,52,128,21,16,30,101,58,30
white,ASA,826,599,2004,613,1196,1495,601,588,123,182,52,126,21,16,29,101,57,29
white,ASA,790,584,1980,573,1177,1467,602,596,123,195,52,124,21,16,30,101,55,30
white,ASA,831,580,1929,587,1141,1428,607,611,123,207,52,123,21,16,30,101,55,30
white,ASA,1011,611,1938,639,1156,1418,612,628,123,236,52,123,21,16,30,101,56,31
white,ASA,1081,623,1951,671,1192,1414,606,626,123,237,52,122,21,16,30,100,56,31
white,ASA,1089,634,1984,670,1212,1446,605,622,123,236,52,122,21,16,30,100,57,31
white,ASA,1002,623,1993,644,1210,1462,606,616,123,230,52,122,21,16,29,101,56,31
white,ASA,960,616,1994,623,1192,1461,610,611,124,212,52,124,21,16,29,100,56,30
white,ASA,907,605,1970,619,1183,1457,615,609,124,200,52,126,21,16,30,101,56,30
white,ASA,857,598,1974,610,1185,1458,617,608,124,195,52,128,21,16,30,101,57,30
white,ASA,903,619,2033,617,1226,1495,613,623,123,225,52,127,21,16,30,101,58,31
white,ASA,1010,632,2031,656,1225,1489,605,624,123,240,52,121,21,16,30,101,57,31
white,ASA,1046,636,2018,656,1213,1481,608,620,123,229,52,122,21,16,29,101,56,31
white,ASA,1044,629,2011,647,1207,1445,612,618,123,221,52,124,21,16,29,101,56,31
white,ASA,983,619,1983,633,1190,1443,613,616,122,215,52,125,21,16,30,101,56,31
white,ASA,900,612,2004,626,1206,1477,615,621,123,219,52,125,21,16,29,101,57,31
white,ASA,856,617,2042,633,1229,1529,616,618,123,215,52,126,21,16,30,101,58,31
white,ASA,957,638,2071,650,1250,1532,611,616,123,217,52,126,21,16,29,101,58,31
white,ASA,962,639,2066,659,1245,1509,609,622,123,229,52,123,21,16,29,101,57,31
white,ASA,941,628,2050,647,1232,1501,613,628,123,233,52,123,21,16,30,101,57,31
white,ASA,944,630,2053,657,1235,1502,614,627,123,230,52,123,21,16,29,101,57,31
white,ASA,928,628,2047,659,1241,1502,615,614,123,207,52,126,21,16,29,101,58,30
white,ASA,843,619,2060,622,1239,1529,610,603,123,196,52,126,21,16,29,101,58,30
white,ASA,800,599,2024,606,1205,1520,609,608,123,206,52,124,21,16,30,101,57,30
white,ASA,894,616,2027,630,1211,1483,611,623,123,229,52,123,21,16,30,101,56,31
white,ASA,935,612,1993,639,1199,1456,613,619,122,220,52,124,21,16,29,101,56,31
white,ASA,875,607,2001,627,1201,1468,608,606,121,204,52,125,21,16,29,101,57,30
white,ASA,819,601,2009,609,1204,1494,606,599,121,196,52,125,21,16,29,101,57,30
white,ASA,807,602,2024,601,1204,1501,608,600,121,194,52,125,21,16,29,101,57,30
white,ASA,821,602,2017,598,1199,1495,609,606,121,203,52,125,21,16,29,101,56,30
white,ASA,857,608,2012,604,1202,1480,609,613,121,215,52,123,21,16,29,101,56,30
white,ASA,839,606,2012,614,1203,1486,608,610,120,213,52,123,21,16,29,102,56,30
white,ASA,882,617,2034,622,1220,1487,612,615,121,214,52,124,21,16,29,101,57,30
white,ASA,887,628,2043,645,1227,1526,614,616,121,213,52,125,21,16,29,102,58,30
white,ASA,857,622,2069,639,1244,1526,611,610,121,206,52,126,21,16,29,102,58,30
white,ASA,831,618,2069,623,1242,1537,607,604,121,202,52,125,21,16,29,101,58,30
white,ASA,800,610,2062,610,1231,1536,607,601,121,198,52,125,21,16,29,102,57,30
white,ASA,781,603,2058,602,1225,1530,612,599,121,192,52,127,21,16,29,102,57,30
white,ASA,757,598,2052,596,1222,1532,614,600,121,185,52,128,21,16,29,102,58,30
white,ASA,829,610,2040,605,1224,1524,602,601,122,203,52,127,21,16,29,101,57,30
white,ASA,881,615,2029,624,1209,1484,590,599,122,216,52,119,21,16,29,101,55,30
white,ASA,927,605,1967,615,1157,1414,589,603,121,226,52,117,21,16,29,101,53,30
white,ASA,949,598,1963,607,1128,1376,598,610,121,227,52,118,21,16,29,100,53,30
white,ASA,885,601,1938,613,1152,1420,611,616,122,222,52,122,21,16,29,101,54,30
white,ASA,799,599,2003,614,1214,1496,619,610,122,198,52,127,21,16,30,101,57,30
white,ASA,796,623,2117,625,1281,1559,616,605,123,189,52,129,21,16,29,101,59,30
white,ASA,841,641,2140,655,1295,1622,615,617,122,199,52,128,21,16,29,101,60,31
white,ASA,867,638,2140,655,1293,1614,610,626,121,235,52,126,21,16,29,102,59,31
white,ASA,1078,656,2137,688,1252,1500,600,617,122,234,52,120,21,16,29,101,57,31
white,ASA,952,624,2056,635,1239,1468,598,594,122,220,52,122,21,16,29,101,56,30
white,ASA,808,596,1994,585,1177,1465,596,579,122,177,52,124,21,16,29,101,55,29
white,ASA,687,566,1966,539,1154,1453,592,571,122,173,52,123,21,16,29,101,55,29
white,ASA,664,561,1956,534,1141,1453,594,584,122,182,52,122,21,16,29,101,54,29
white,ASA,705,564,1951,553,1143,1443,598,594,122,190,52,122,21,16,29,101,54,30
white,ASA,783,585,1969,559,1171,1448,607,608,121,211,52,122,21,16,29,101,55,30
white,ASA,821,595,1985,590,1188,1464,611,610,121,207,52,124,21,16,29,101,56,30
white,ASA,869,616,2031,623,1225,1487,614,612,121,205,52,125,21,16,29,102,57,30
white,ASA,887,628,2066,652,1263,1539,617,616,122,207,52,127,21,16,29,101,58,30
white,ASA,827,629,2085,644,1271,1590,618,613,122,204,52,128,21,16,29,102,59,30
white,ASA,765,620,2132,635,1291,1601,614,607,122,200,52,128,21,16,29,102,60,30
white,ASA,818,628,2136,635,1291,1596,603,610,122,218,52,125,21,16,30,101,58,30
white,ASA,993,647,2142,664,1289,1523,598,613,122,230,52,120,21,16,29,101,56,31
white,ASA,973,626,2026,636,1204,1455,596,610,122,226,52,119,21,16,29,100,55,30
white,ASA,957,617,2009,629,1196,1438,599,611,123,230,52,120,21,16,29,100,55,30
white,ASA,892,607,1986,622,1185,1440,603,607,124,212,52,121,21,16,29,100,55,30
white,ASA,937,617,1990,636,1191,1458,608,617,124,218,51,122,21,16,30,100,56,30
white,ASA,906,604,1965,625,1185,1446,611,617,124,219,52,123,21,16,29,100,56,31
white,ASA,1000,635,2018,668,1222,1489,613,635,124,237,52,123,21,16,29,100,57,31
white,ASA,1110,662,2082,670,1275,1493,608,642,122,265,52,121,21,16,29,101,58,32
white,ASA,1139,662,2074,708,1267,1496,601,634,122,263,52,119,21,16,29,101,57,32
white,ASA,1168,656,2045,692,1246,1454,594,623,122,259,52,118,21,16,29,101,55,31
white,ASA,1064,627,1983,650,1193,1414,593,606,122,234,52,119,21,16,29,100,55,30
white,ASA,928,599,1934,603,1148,1406,598,589,123,195,52,122,21,16,29,100,54,29
white,ASA,725,563,1929,549,1143,1434,608,581,123,163,52,128,21,16,30,101,55,29
white,ASA,724,578,1995,554,1195,1458,619,611,123,196,52,129,21,16,30,101,58,30
white,ASA,847,608,2005,639,1204,1527,606,619,123,202,52,124,21,16,29,101,58,31
white,ASA,1080,651,2067,657,1256,1528,596,624,122,252,52,122,21,16,29,101,57,31
white,ASA,1276,669,2033,708,1237,1439,594,638,123,277,51,117,21,16,29,100,56,31
white,ASA,1235,653,2010,690,1222,1400,598,638,124,271,51,117,21,16,29,99,55,31
white,ASA,1099,629,1973,662,1195,1405,604,628,124,248,51,120,21,16,29,100,55,31
white,ASA,1022,632,1980,662,1199,1438,607,621,125,227,52,122,21,16,30,100,56,31
white,ASA,1010,630,2004,658,1215,1457,609,616,125,220,52,123,21,16,30,100,57,31
white,ASA,946,625,2014,639,1216,1485,610,612,125,214,51,124,21,16,30,100,57,30
white,ASA,924,622,2030,638,1224,1492,614,622,125,223,52,125,21,16,30,100,58,31
white,ASA,969,630,2033,657,1226,1497,614,633,125,230,52,123,21,16,30,100,58,31
white,ASA,1104,654,2055,665,1250,1497,605,643,124,268,52,123,21,16,30,100,57,32
white,ASA,1177,662,2049,711,1249,1473,601,645,124,270,51,118,21,16,29,100,57,32
white,ASA,1257,669,2036,713,1242,1456,599,642,123,277,51,118,21,16,29,100,56,32
white,ASA,1246,666,2028,702,1235,1439,604,635,124,260,51,119,21,16,29,100,56,31
white,ASA,1111,659,2037,675,1234,1486,611,621,124,225,52,123,21,16,30,100,57,31
white,ASA,962,622,1999,641,1205,1464,616,618,124,216,52,125,21,16,29,100,56,30
white,ASA,887,614,2011,633,1210,1497,617,623,125,212,52,126,21,16,30,100,58,31
white,ASA,952,636,2079,649,1260,1535,614,627,124,232,52,125,21,16,30,100,58,31
white,ASA,1101,657,2082,694,1262,1502,611,636,123,242,52,122,21,16,30,100,58,31
white,ASA,1173,652,2013,691,1215,1433,596,634,122,267,52,117,21,16,29,100,56,31
white,ASA,1104,626,1953,654,1166,1395,596,621,123,249,52,117,21,16,29,100,54,31
white,ASA,1054,614,1946,633,1160,1376,603,611,123,221,51,120,21,16,29,100,54,30
white,ASA,938,608,1963,607,1163,1423,611,608,123,202,52,124,21,16,29,100,55,30
white,ASA,736,582,1988,578,1187,1449,617,607,122,194,52,126,21,16,29,101,57,30
white,ASA,887,633,2030,651,1217,1572,617,626,122,211,52,126,21,16,29,101,59,31
white,ASA,1135,698,2204,697,1354,1595,615,646,122,262,52,125,21,16,29,100,61,31
white,ASA,1156,710,2237,749,1377,1643,607,633,122,250,52,123,21,16,29,101,61,32
white,ASA,1155,703,2220,736,1352,1628,603,625,122,241,52,123,21,16,29,101,60,31
white,ASA,1104,677,2146,693,1284,1562,596,617,122,239,52,120,21,16,29,100,58,31
white,ASA,1071,645,2052,654,1215,1462,594,615,121,239,51,118,21,16,29,100,55,31
white,ASA,1119,639,2019,652,1195,1411,595,625,121,243,51,117,21,16,29,100,55,31
white,ASA,1059,633,1987,649,1189,1423,602,622,122,241,51,119,21,16,29,100,55,31
white,ASA,953,625,2018,636,1207,1473,609,612,123,212,51,123,21,16,29,100,56,30
white,ASA,913,633,2064,632,1240,1513,614,609,123,202,52,126,21,16,30,100,57,30
white,ASA,841,625,2090,629,1254,1530,621,618,124,206,52,128,21,16,30,100,59,30
white,ASA,885,636,2116,633,1271,1570,617,628,124,228,52,127,21,16,30,100,59,31
white,ASA,1087,674,2141,682,1303,1561,608,638,124,257,52,121,21,16,30,100,58,32
white,ASA,1219,694,2139,726,1300,1536,606,643,124,271,51,119,21,16,30,100,58,32
white,ASA,1184,681,2117,709,1283,1516,606,636,124,260,52,120,21,16,30,100,57,31
white,ASA,991,650,2098,651,1263,1530,606,610,122,223,52,124,21,16,29,101,57,30
white,ASA,883,631,2083,641,1254,1540,612,606,122,201,52,125,21,16,29,101,58,30
white,ASA,909,639,2088,648,1256,1555,609,613,122,204,52,125,21,16,29,101,58,31
white,ASA,887,633,2097,636,1263,1559,604,609,122,216,52,124,21,16,29,101,58,31
white,ASA,926,637,2098,647,1260,1541,607,611,123,218,52,123,21,16,29,100,58,30
white,ASA,956,642,2096,649,1250,1537,606,608,123,210,52,123,21,16,29,101,57,30
white,ASA,943,637,2078,641,1242,1517,607,607,123,208,52,124,21,16,29,100,57,30
white,ASA,843,620,2042,623,1221,1514,607,611,123,208,52,123,21,16,29,100,57,30
white,ASA,1010,644,2070,649,1248,1520,608,630,124,244,51,123,21,16,30,100,57,31
white,ASA,1182,668,2067,702,1254,1486,604,639,124,263,51,119,21,16,30,99,57,32
white,ASA,1137,663,2066,698,1255,1490,607,631,124,249,51,121,21,16,30,100,57,31
white,ASA,1054,660,2099,687,1270,1515,609,615,125,219,51,123,21,16,30,100,58,31
white,ASA,928,642,2100,641,1266,1551,610,604,125,209,52,126,21,16,30,100,58,30
white,ASA,884,629,2075,632,1242,1546,610,604,125,197,52,126,21,16,30,100,58,30
white,ASA,920,634,2085,648,1255,1542,606,627,124,241,51,122,21,16,29,100,57,31
white,ASA,1253,664,2064,696,1242,1439,567,634,123,301,51,111,21,16,29,99,54,32
white,ASA,1053,628,1980,665,1206,1440,604,636,124,261,52,120,21,16,30,100,56,31
white,ASA,955,608,1967,635,1193,1442,607,626,124,239,52,122,21,16,30,100,56,31
white,ASA,889,594,1951,610,1177,1439,602,608,124,235,52,122,21,16,30,100,56,30
white,ASA,876,600,1970,612,1181,1456,600,600,124,205,52,122,21,16,30,100,56,30
white,ASA,963,616,1981,633,1192,1454,598,603,124,213,52,122,21,16,30,100,56,30
white,ASA,1018,628,1992,657,1215,1465,606,617,124,224,52,123,21,16,30,100,57,31
white,ASA,982,623,2010,660,1217,1472,608,622,125,230,52,123,21,16,30,100,57,31
white,ASA,954,618,1997,649,1210,1468,608,624,125,233,52,122,21,16,30,100,57,31
white,ASA,967,620,1994,649,1211,1464,609,625,125,237,52,123,21,16,30,100,57,31
white,ASA,975,619,1989,647,1204,1452,607,620,124,231,52,122,21,16,30,100,56,31
white,ASA,991,612,1967,646,1194,1423,608,619,125,225,52,122,21,16,30,100,56,31
white,ASA,981,608,1944,637,1173,1415,606,619,124,230,52,121,21,16,30,100,55,31
white,ASA,998,617,1969,645,1184,1424,601,623,124,243,52,120,21,16,30,100,55,31
white,ASA,944,608,1973,636,1187,1444,598,617,123,236,52,120,21,16,29,100,55,30
white,ASA,826,590,1970,607,1182,1460,604,607,124,217,52,123,21,16,30,101,56,30
white,ASA,791,584,1964,593,1177,1458,606,603,124,199,52,124,21,16,30,101,56,30
white,ASA,851,596,1967,610,1179,1451,607,605,124,203,52,124,21,16,30,101,56,30
white,ASA,974,622,1990,642,1201,1443,609,617,123,221,52,122,21,16,29,100,56,30
white,ASA,1113,638,1984,663,1202,1416,602,629,123,249,52,119,21,16,29,100,55,31
white,ASA,1067,640,2027,683,1229,1461,603,637,124,264,52,119,21,16,30,100,56,31
white,ASA,1031,659,2120,690,1281,1527,611,640,124,257,52,121,21,16,30,100,58,31
white,ASA,897,647,2165,667,1313,1607,614,618,126,223,52,126,21,16,30,100,60,31
white,ASA,876,634,2106,659,1283,1570,620,622,125,213,52,128,21,16,30,100,60,31
white,ASA,949,649,2107,680,1290,1562,625,637,125,234,52,127,21,16,30,100,60,31
white,ASA,929,628,2042,664,1237,1508,622,635,125,234,52,125,21,16,30,100,58,31
white,ASA,834,599,1990,637,1182,1461,610,617,125,221,52,122,21,16,30,100,55,30
white,ASA,813,588,1956,577,1151,1430,601,603,125,209,51,121,21,16,30,100,54,30
white,ASA,819,588,1963,571,1147,1433,597,595,125,202,52,120,21,16,30,100,54,29
white,ASA,866,602,1977,593,1166,1448,598,597,125,202,52,121,21,16,30,100,54,30
white,ASA,1015,636,2009,646,1208,1459,600,610,124,224,52,120,21,16,30,100,55,30
white,ASA,1217,685,2110,713,1280,1504,596,628,124,258,51,118,21,16,30,100,57,31
white,ASA,1196,701,2194,727,1338,1538,604,643,124,271,52,119,21,16,30,100,59,32
white,ASA,1062,687,2205,735,1352,1622,612,649,125,271,52,122,21,16,30,100,61,32
white,ASA,1003,672,2190,716,1349,1612,619,647,125,255,52,125,21,16,30,100,61,32
white,ASA,931,644,2120,676,1292,1579,628,633,126,221,52,128,21,16,30,100,60,31
white,ASA,882,611,2005,634,1214,1496,618,624,125,221,52,125,21,16,30,100,57,31
white,ASA,947,612,1967,632,1185,1431,609,623,124,232,51,122,21,16,30,100,56,31
white,ASA,1076,632,1967,660,1187,1417,607,629,124,240,51,120,21,16,30,100,55,31
white,ASA,1113,637,1984,676,1201,1417,599,628,124,254,51,118,21,16,29,100,56,31
white,ASA,1042,636,2019,682,1229,1461,599,632,124,260,52,118,21,16,30,100,57,31
white,ASA,891,611,2010,658,1220,1475,609,664,125,239,52,120,21,16,30,100,57,31
white,ASA,818,594,1987,612,1199,1479,613,618,125,218,52,125,21,16,30,100,57,30
white,ASA,801,590,1978,597,1187,1469,613,608,125,204,52,126,21,16,30,100,57,30
white,ASA,862,602,1979,611,1187,1459,611,607,125,200,52,125,21,16,30,100,56,30
white,ASA,974,612,1956,626,1180,1437,605,610,125,216,52,123,21,16,30,100,55,30
white,ASA,1106,632,1965,658,1195,1419,599,625,124,248,52,119,21,16,30,100,55,31
white,ASA,1131,633,1961,683,1196,1405,599,631,124,260,51,118,21,16,29,100,55,31
white,ASA,1098,634,1980,681,1205,1424,601,637,124,264,51,118,21,16,30,100,56,31
white,ASA,1039,641,2032,678,1236,1452,606,637,125,258,51,119,21,16,30,100,57,31
white,ASA,1000,639,2048,672,1240,1480,608,630,125,246,52,121,21,16,30,100,57,31
white,ASA,859,613,2042,650,1234,1505,609,612,125,214,52,123,21,16,30,100,58,31
white,ASA,739,580,1986,591,1197,1494,612,605,126,197,52,126,21,16,30,100,57,30
white,ASA,774,578,1939,583,1168,1459,614,609,125,200,52,127,21,16,30,100,56,30
white,ASA,928,616,1986,622,1191,1444,615,615,125,210,51,124,21,16,30,100,56,30
white,ASA,1152,645,1990,641,1197,1410,599,619,124,239,51,118,21,16,30,100,54,31
white,ASA,1271,686,2077,733,1271,1473,585,634,124,280,51,114,21,16,29,100,56,32
white,ASA,1173,686,2135,743,1314,1544,601,654,124,291,52,118,21,16,29,100,58,32
white,ASA,976,658,2142,699,1310,1582,615,644,125,258,52,123,21,16,30,100,59,32
white,ASA,852,630,2105,645,1272,1569,619,630,126,226,52,125,21,16,30,100,59,31
white,ASA,773,601,2062,592,1235,1525,615,607,126,196,52,127,21,16,30,100,57,30
white,ASA,837,608,2029,605,1209,1491,609,603,126,198,52,125,21,16,30,100,56,30
white,ASA,947,622,2013,634,1207,1465,605,610,125,216,51,122,21,16,30,100,56,30
white,ASA,1046,642,2035,668,1227,1468,601,618,125,235,51,120,21,16,29,100,56,31
white,ASA,1099,667,2105,702,1278,1518,601,631,125,255,52,120,21,16,30,100,57,31
white,ASA,1142,684,2140,728,1313,1550,606,640,125,265,52,120,21,16,30,100,59,32
white,ASA,1154,686,2142,739,1324,1555,612,650,127,271,51,121,21,16,30,99,59,32
white,ASA,963,635,2124,672,1253,1508,621,643,127,247,51,124,21,16,30,99,58,31
white,ASA,981,617,1958,644,1187,1423,617,636,127,242,51,123,21,16,30,99,56,31
white,ASA,1015,616,1950,634,1164,1398,604,618,127,233,51,119,21,16,30,99,54,30
white,ASA,1030,629,1996,658,1203,1443,600,623,128,245,51,119,21,16,30,99,56,31
white,ASA,1105,646,2017,685,1228,1456,602,630,128,254,51,120,21,16,30,99,57,31
white,ASA,1207,671,2058,723,1268,1476,608,638,127,257,51,121,21,16,30,99,58,31
white,ASA,1254,683,2078,735,1282,1480,610,641,126,260,51,121,21,16,30,99,58,32
white,ASA,1318,688,2073,753,1282,1475,610,653,125,280,51,120,21,16,30,99,58,32
white,ASA,982,642,2077,730,1261,1513,609,643,126,264,51,121,21,16,30,100,58,32
white,ASA,783,594,2005,629,1206,1494,617,614,126,203,52,127,21,16,30,100,58,30
white,ASA,839,584,1926,589,1149,1412,613,603,126,191,51,125,21,16,30,99,56,30
white,ASA,954,591,1888,612,1127,1362,599,609,125,224,51,119,21,16,30,99,53,30
white,ASA,1079,623,1950,651,1168,1385,588,618,125,251,51,116,21,16,30,99,54,31
white,ASA,1134,654,2039,692,1231,1474,596,624,126,251,52,118,21,16,30,100,56,31
white,ASA,1110,674,2138,721,1307,1559,606,633,126,252,52,122,21,16,30,100,59,31
white,ASA,985,642,2080,712,1274,1547,607,628,124,243,52,123,21,16,30,101,59,31
white,ASA,961,615,2057,648,1259,1451,615,631,124,237,52,123,21,16,30,100,57,31
white,ASA,988,609,1948,633,1165,1413,595,615,123,237,52,120,21,16,29,100,54,30
white,ASA,967,610,1964,639,1184,1424,597,615,124,235,52,118,21,16,29,100,55,31
white,ASA,939,606,1962,639,1177,1435,604,621,124,233,52,121,21,16,30,100,55,31
white,ASA,914,604,1975,629,1179,1434,603,614,124,226,52,121,21,16,30,100,55,30
white,ASA,929,614,2002,639,1202,1471,604,616,125,224,52,122,21,16,30,100,56,30
white,ASA,975,625,2017,640,1220,1479,607,621,124,230,52,122,21,16,30,100,57,31
white,ASA,981,622,2004,658,1212,1465,607,623,124,232,52,122,21,16,30,100,57,31
white,ASA,1006,621,1991,659,1204,1442,606,629,124,240,52,120,21,16,30,100,56,31
white,ASA,962,613,1984,643,1195,1451,604,625,124,243,52,121,21,16,30,100,56,31
white,ASA,917,615,2002,637,1200,1483,605,618,124,231,52,122,21,16,30,100,56,31
white,ASA,977,629,2024,659,1215,1487,604,618,124,228,52,123,21,16,30,100,57,31
white,ASA,1092,636,2020,684,1217,1440,607,635,124,252,52,121,21,16,30,100,56,31
white,ASA,1026,619,1969,659,1190,1421,606,637,124,260,52,119,21,16,29,100,56,31
white,ASA,953,611,1966,635,1181,1438,603,628,124,248,52,119,21,16,30,100,55,31
white,ASA,963,617,1978,647,1184,1454,601,612,124,223,52,121,21,16,30,100,56,30
white,ASA,913,603,1975,632,1192,1448,608,620,125,222,52,123,21,16,30,100,56,31
white,ASA,929,604,1965,627,1177,1433,608,627,125,239,52,121,21,16,30,100,56,31
white,ASA,1011,616,1956,645,1177,1415,599,618,125,235,52,119,21,16,30,100,55,30
white,ASA,1065,637,2017,672,1217,1463,603,626,125,240,52,120,21,16,30,100,56,31
white,ASA,995,638,2062,671,1251,1487,604,630,125,252,52,120,21,16,30,100,57,31
white,ASA,928,618,2014,647,1218,1493,609,625,125,233,52,122,21,16,30,100,57,31
white,ASA,968,610,1956,636,1178,1431,609,620,125,226,52,123,21,16,30,100,56,30
white,ASA,1095,636,1965,671,1182,1436,596,624,124,232,52,117,21,16,30,100,55,31
white,ASA,1089,638,2004,677,1214,1453,595,631,124,256,52,118,21,16,30,100,56,31
white,ASA,929,612,1979,640,1193,1458,603,618,124,230,52,121,21,16,30,100,56,31
white,ASA,834,598,2004,619,1190,1464,604,606,124,210,52,123,21,16,30,100,56,30
white,ASA,902,618,2031,609,1215,1489,600,606,124,214,52,123,21,16,30,101,57,30
white,ASA,1119,648,2023,688,1243,1477,601,622,124,239,52,121,21,16,30,100,57,31
white,ASA,1030,619,2007,665,1229,1433,611,643,123,261,52,121,21,16,30,100,56,31
white,ASA,935,598,1938,624,1162,1412,605,631,123,251,52,120,21,16,29,100,55,31
white,ASA,867,584,1918,614,1139,1405,598,615,124,231,52,119,21,16,30,100,54,30
white,ASA,875,591,1937,592,1150,1420,594,599,124,209,52,121,21,16,30,100,54,30
white,ASA,988,623,2003,636,1206,1459,597,605,124,219,52,121,21,16,30,100,56,30
white,ASA,923,612,2005,642,1208,1477,602,623,124,242,52,121,21,16,30,100,57,31
white,ASA,853,591,1975,607,1192,1446,607,615,125,227,52,123,21,16,30,100,56,30
white,ASA,926,595,1925,612,1154,1403,605,611,125,216,52,123,21,16,30,100,55,30
white,ASA,1059,617,1916,642,1150,1401,594,614,123,240,51,118,21,16,30,100,55,30
white,ASA,1116,648,2003,687,1206,1478,590,626,125,246,51,117,21,16,30,99,55,31
white,ASA,887,616,2058,642,1257,1519,611,623,126,250,51,125,21,16,30,100,58,31
white,ASA,886,606,1993,630,1209,1485,620,620,128,208,52,127,21,16,30,100,58,31
white,ASA,840,584,1952,606,1181,1437,614,607,127,198,52,126,21,16,30,100,57,30
white,ASA,896,586,1911,610,1147,1408,601,608,124,218,52,123,21,16,30,101,55,30
white,ASA,923,592,1915,614,1160,1403,598,614,125,231,52,120,21,16,30,101,55,31
white,ASA,899,592,1928,624,1167,1416,604,615,124,227,52,121,21,16,30,101,55,31
white,ASA,853,582,1923,606,1158,1422,606,611,124,217,52,123,21,16,30,101,55,30
white,ASA,785,570,1929,589,1159,1432,606,607,124,210,52,123,21,16,30,101,56,30
white,ASA,735,563,1927,573,1152,1442,604,597,125,197,52,124,21,16,30,101,55,30
white,ASA,741,565,1929,573,1153,1450,602,595,125,195,52,124,21,16,30,101,56,30
white,ASA,746,568,1934,572,1157,1452,605,595,125,189,52,125,21,16,30,101,56,29
white,ASA,779,575,1933,587,1164,1450,606,599,125,196,52,125,21,16,30,101,56,30
white,ASA,874,595,1937,619,1162,1444,603,607,124,197,52,123,21,16,30,101,56,30
white,ASA,917,598,1947,629,1171,1428,601,611,124,214,52,121,21,16,30,101,56,30
white,ASA,897,594,1942,634,1171,1426,604,617,124,223,52,121,21,16,29,101,55,31
white,ASA,910,598,1938,628,1167,1427,604,616,124,221,52,121,21,16,30,101,55,30
white,ASA,866,589,1937,614,1162,1434,604,612,124,214,52,122,21,16,30,101,56,30
white,ASA,848,591,1946,611,1164,1447,606,611,125,207,52,123,21,16,30,100,56,30
white,ASA,846,593,1968,605,1179,1455,605,615,125,208,52,123,21,16,30,100,56,30
white,ASA,965,617,1988,616,1202,1452,607,624,125,229,52,121,21,16,30,100,56,31
white,ASA,985,622,1996,653,1206,1453,606,631,125,238,52,121,21,16,29,100,56,31
white,ASA,969,617,1985,653,1199,1449,607,626,125,240,52,121,21,16,30,100,56,31
white,ASA,934,610,1982,622,1193,1444,608,623,123,233,52,122,21,16,30,100,56,30
white,ASA,919,606,1973,615,1187,1444,606,620,125,229,52,123,21,16,30,100,56,31
white,ASA,959,620,1977,648,1185,1461,609,623,125,213,52,122,21,16,30,100,56,31
white,ASA,937,612,1978,642,1188,1456,608,623,125,234,52,122,21,16,30,100,56,30
white,ASA,912,605,1981,634,1194,1450,609,623,124,232,52,122,21,16,30,100,56,31
white,ASA,925,610,1981,637,1196,1454,609,624,125,234,52,122,21,16,30,100,56,31
white,ASA,956,614,1982,646,1194,1450,608,624,125,237,52,122,21,16,30,100,56,31
white,ASA,951,625,2000,649,1203,1476,609,623,125,224,52,122,21,16,30,100,57,31
white,ASA,948,622,2002,648,1203,1474,610,624,125,223,52,123,21,16,30,100,56,31
white,ASA,964,628,2029,646,1229,1483,610,625,126,235,52,123,21,16,30,100,57,31
white,ASA,942,632,2042,658,1231,1504,614,623,125,214,52,124,21,16,30,100,57,31
white,ASA,1042,637,2021,657,1228,1463,610,634,125,249,51,122,21,16,30,100,57,31
white,ASA,982,635,2044,652,1232,1485,610,633,125,243,52,121,21,16,30,100,56,31
white,ASA,976,625,1992,657,1197,1467,609,629,125,222,52,122,21,16,30,100,56,31
white,ASA,872,605,1991,626,1213,1472,612,626,125,233,52,124,21,16,30,100,57,30
white,ASA,907,614,2007,612,1211,1473,613,621,124,223,52,124,21,16,30,100,57,30
white,ASA,913,617,2017,627,1215,1476,614,624,125,226,52,123,21,16,30,100,57,31
white,ASA,883,622,2056,638,1235,1486,612,623,125,220,52,123,21,16,30,100,57,31
white,ASA,960,650,2091,671,1259,1555,613,631,125,239,52,124,21,16,30,100,58,31
white,ASA,957,649,2100,679,1272,1555,617,635,125,240,52,125,21,16,30,100,59,31
white,ASA,911,630,2077,648,1250,1532,617,632,126,236,52,123,21,16,30,100,58,31
white,ASA,824,615,2061,614,1250,1541,613,620,125,222,52,125,21,16,30,101,58,30
white,ASA,1031,642,2023,678,1221,1488,611,629,125,216,52,122,21,16,30,100,57,31
white,ASA,1114,652,2046,684,1238,1470,609,643,123,266,52,119,21,16,30,100,57,31
white,ASA,1015,639,2058,665,1231,1497,605,636,124,255,52,119,21,16,30,100,57,31
white,ASA,945,636,2081,645,1252,1512,603,618,125,230,52,121,21,16,30,100,58,31
white,ASA,881,628,2088,646,1257,1550,615,621,125,214,52,125,21,16,29,100,58,31
white,ASA,757,560,1890,573,1132,1417,603,598,124,198,52,124,21,16,30,101,55,30
white,ASA,889,579,1877,590,1117,1378,602,605,124,207,52,121,21,16,30,101,54,30
white,ASA,831,597,1974,612,1180,1486,593,600,125,212,52,121,21,16,30,101,55,30
white,ASA,809,591,1987,608,1201,1485,611,606,125,206,52,127,21,16,30,101,57,30
white,ASA,895,599,1979,622,1185,1446,616,616,125,212,52,126,21,16,30,101,57,30
white,ASA,1015,614,1952,647,1179,1419,601,621,124,240,52,119,21,16,30,100,55,31
white,ASA,981,619,1972,650,1194,1455,601,621,125,243,52,121,21,16,30,100,56,31
white,ASA,940,614,1988,646,1206,1471,606,621,125,232,52,122,21,16,30,100,57,31
white,ASA,924,605,1968,638,1192,1453,608,617,126,225,52,123,21,16,30,100,56,31
white,ASA,857,583,1920,601,1154,1421,607,611,125,216,52,123,21,16,30,100,55,30
white,ASA,773,567,1921,573,1149,1427,604,599,125,200,52,124,21,16,30,101,55,30
white,ASA,756,571,1938,572,1162,1456,603,593,125,191,52,125,21,16,30,101,56,29
white,ASA,819,581,1893,597,1170,1444,606,600,125,198,52,125,21,16,30,101,56,30
white,ASA,911,594,1931,600,1143,1397,606,610,124,216,52,123,21,16,30,101,56,30
white,ASA,946,598,1927,628,1164,1413,583,598,124,226,52,119,21,16,30,101,54,30
white,ASA,848,584,1931,605,1164,1435,601,609,125,221,52,122,21,16,30,101,56,30
white,ASA,811,582,1949,597,1175,1455,606,602,125,209,52,125,21,16,30,101,56,30
white,ASA,830,583,1935,600,1164,1437,608,604,125,204,52,124,21,16,30,101,56,30
white,ASA,810,575,1919,597,1152,1429,602,604,124,210,52,123,21,16,30,101,55,30
white,ASA,740,566,1929,569,1157,1453,604,592,125,188,52,126,21,16,30,101,56,29
white,ASA,825,581,1927,598,1163,1437,603,596,124,196,52,124,21,16,30,101,56,30
white,ASA,936,599,1937,626,1170,1424,602,612,124,224,52,121,21,16,30,101,55,30
white,ASA,904,596,1941,623,1176,1438,601,612,124,227,52,121,21,16,30,101,55,30
white,ASA,873,590,1938,613,1171,1436,605,613,124,221,52,123,21,16,30,101,56,30
white,ASA,829,583,1943,599,1170,1449,607,607,125,210,52,124,21,16,30,101,56,30
white,ASA,804,577,1933,589,1164,1443,606,604,125,205,52,124,21,16,30,100,56,30
white,ASA,779,574,1941,583,1163,1453,605,599,126,197,52,125,21,16,30,100,56,30
white,ASA,819,583,1940,590,1172,1452,607,601,126,201,52,125,21,16,30,101,56,30
white,ASA,885,596,1954,618,1182,1449,610,610,125,210,52,124,21,16,30,100,56,30
white,ASA,926,597,1937,629,1174,1429,607,618,125,227,52,123,21,16,30,100,56,31
white,ASA,895,595,1942,619,1176,1440,606,615,125,225,52,123,21,16,30,100,56,30
white,ASA,837,588,1952,601,1173,1452,607,608,125,209,52,124,21,16,30,100,56,30
white,ASA,848,589,1950,606,1174,1450,609,609,126,209,52,124,21,16,30,100,56,30
white,ASA,895,599,1951,620,1177,1452,612,616,126,217,52,124,21,16,30,100,56,30
white,ASA,926,603,1956,631,1188,1446,609,617,125,223,52,123,21,16,30,100,56,30
white,ASA,926,598,1940,628,1176,1434,610,621,125,228,52,123,21,16,30,100,56,31
white,ASA,929,599,1939,632,1179,1433,611,623,126,231,52,123,21,16,30,100,56,31
white,ASA,903,597,1946,627,1177,1435,609,617,127,222,52,124,21,16,30,100,56,30
white,ASA,924,603,1959,624,1190,1452,609,616,127,221,52,123,21,16,30,100,56,30
white,ASA,908,602,1963,626,1188,1454,610,616,126,221,52,123,21,16,30,100,56,30
white,ASA,914,600,1953,626,1184,1442,610,618,127,225,52,123,21,16,30,100,56,31
white,ASA,945,607,1961,626,1189,1445,612,622,126,227,52,123,21,16,30,100,56,30
white,ASA,898,600,1966,619,1182,1446,609,614,127,218,52,123,21,16,30,100,56,31
white,ASA,858,594,1965,615,1182,1460,607,609,128,214,52,124,21,16,30,100,56,30
white,ASA,920,606,1973,633,1196,1460,612,619,128,221,52,124,21,16,30,100,56,31
white,ASA,943,610,1974,640,1201,1452,615,624,127,225,52,124,21,16,30,100,57,31
white,ASA,1125,638,1983,687,1218,1439,617,647,130,263,51,122,21,16,30,98,57,32
white,ASA,1108,634,1973,690,1213,1434,617,649,130,266,51,122,21,16,30,98,57,32
white,ASA,1049,626,1972,663,1206,1441,618,642,130,254,51,122,21,16,30,99,57,31
white,ASA,972,615,1975,658,1203,1453,617,630,130,235,51,124,21,16,30,99,57,31
white,ASA,987,621,1987,652,1211,1464,618,632,129,237,52,124,21,16,30,99,57,31
white,ASA,1031,625,1980,658,1213,1452,617,632,129,243,51,124,21,16,30,99,57,31
white,ASA,998,615,1960,652,1195,1436,615,633,128,242,51,123,21,16,30,99,56,31
white,ASA,977,611,1956,654,1191,1436,614,632,129,241,51,123,21,16,30,99,56,31
white,ASA,986,620,1986,650,1210,1463,614,628,128,236,52,123,21,16,30,99,57,31
white,ASA,1029,627,1990,669,1220,1459,616,634,129,242,51,124,21,16,30,99,57,31
white,ASA,1031,622,1969,666,1209,1443,617,639,128,250,51,123,21,16,30,99,57,31
white,ASA,920,595,1951,622,1191,1421,615,628,128,245,52,123,21,16,30,99,56,31
white,ASA,926,601,1936,618,1170,1432,611,622,128,234,52,123,21,16,30,99,56,30
white,ASA,1063,624,1948,655,1179,1421,607,624,128,238,51,121,21,16,30,99,55,31
white,ASA,1091,641,1964,679,1196,1471,611,636,128,253,51,121,21,16,30,99,57,31
white,ASA,1039,637,2026,681,1240,1489,614,642,128,258,52,122,21,16,30,99,58,31
white,ASA,950,609,2001,641,1227,1451,617,629,129,233,51,124,21,16,30,99,57,31
white,ASA,836,589,1954,596,1177,1448,611,615,128,221,52,124,21,16,30,99,56,30
white,ASA,868,598,1962,602,1178,1451,605,606,128,214,51,123,21,16,30,99,56,30
white,ASA,977,621,1973,642,1206,1460,607,612,128,218,52,123,21,16,30,99,56,30
white,ASA,1105,644,2015,682,1227,1460,607,629,128,246,51,121,21,16,30,99,56,31
white,ASA,1211,664,2036,707,1252,1468,608,647,128,275,51,120,21,16,30,99,57,32
white,ASA,1150,657,2045,712,1264,1491,614,654,129,275,51,121,21,16,30,99,58,32
white,ASA,1079,645,2024,705,1247,1489,621,648,130,258,51,123,21,16,30,98,57,32
white,ASA,984,620,1986,678,1204,1455,616,633,130,242,51,123,21,16,30,98,56,31
white,ASA,960,628,2029,645,1232,1482,614,622,130,226,51,124,21,16,30,99,57,31
white,ASA,1026,641,2031,668,1244,1495,615,629,130,236,51,124,21,16,30,99,57,31
white,ASA,1103,646,2013,688,1238,1474,612,635,129,250,51,122,21,16,30,99,57,31
white,ASA,1175,660,2034,695,1247,1463,611,646,129,269,51,120,21,16,30,98,57,32
white,ASA,1086,644,2029,679,1239,1469,609,641,128,269,51,120,21,16,30,99,56,31
white,ASA,1015,638,2039,666,1240,1494,611,635,129,253,51,122,21,16,30,99,57,31
white,ASA,995,638,2050,666,1249,1499,614,628,130,233,51,124,21,16,30,99,58,31
white,ASA,1020,643,2049,669,1251,1505,615,629,130,235,51,124,21,16,30,99,58,31
white,ASA,1051,643,2037,674,1243,1490,617,639,130,249,51,123,21,16,30,99,57,31
white,ASA,998,639,2050,675,1247,1505,616,636,130,247,51,123,21,16,30,99,57,31
white,ASA,945,633,2049,656,1247,1508,618,626,130,228,51,125,21,16,30,99,58,31
white,ASA,1004,637,2034,661,1243,1501,618,629,130,232,51,125,21,16,30,99,58,31
white,ASA,1122,654,2033,695,1251,1478,620,642,131,251,51,123,21,16,30,98,58,32
white,ASA,1190,665,2042,710,1258,1470,614,652,130,274,51,121,21,16,30,98,57,32
white,ASA,1187,667,2049,711,1262,1481,611,651,130,277,51,120,21,16,30,98,57,32
white,ASA,1242,677,2059,727,1270,1485,617,661,132,285,51,121,21,16,30,98,58,33
white,ASA,1046,648,2061,677,1256,1503,615,638,128,251,51,123,21,16,30,99,58,32
white,ASA,1049,649,2055,675,1256,1505,617,641,129,251,51,123,21,16,30,99,58,31
white,ASA,1043,643,2045,675,1242,1493,618,638,130,247,51,123,21,16,30,98,58,31
white,ASA,1034,642,2043,673,1245,1499,619,635,130,242,51,124,21,16,30,98,58,31
white,ASA,1075,652,2059,683,1257,1501,619,639,130,246,51,124,21,16,30,98,58,31
white,ASA,1141,661,2054,704,1263,1493,619,645,131,260,51,123,21,16,30,98,58,32
white,ASA,1202,668,2051,714,1264,1478,619,654,131,273,51,122,21,16,30,98,58,32
white,ASA,1156,660,2045,705,1255,1480,617,651,130,270,51,122,21,16,30,98,57,32
white,ASA,1144,658,2042,700,1252,1482,620,653,131,266,51,122,21,16,30,98,58,32
white,ASA,1144,666,2053,710,1263,1502,622,654,132,269,51,123,21,16,30,98,58,32
white,ASA,1180,676,2087,720,1286,1510,623,659,132,276,51,123,21,16,30,98,58,32
white,ASA,1188,671,2067,723,1279,1499,621,650,132,278,51,122,21,16,30,98,57,32
white,ASA,1206,674,2065,727,1277,1499,621,653,132,283,51,122,21,16,30,98,57,32
white,ASA,1190,667,2055,715,1269,1486,621,652,132,281,51,122,21,16,30,97,57,32
white,ASA,1164,668,2062,709,1274,1496,617,645,131,274,51,122,21,16,30,98,57,32
white,ASA,1159,667,2066,711,1275,1500,621,647,132,272,51,123,21,16,30,98,57,32
white,ASA,1179,673,2080,720,1282,1509,622,648,132,273,51,123,21,16,30,97,57,32
white,ASA,1197,674,2072,722,1283,1503,623,650,133,277,51,123,22,16,30,97,57,32
white,ASA,1181,668,2057,715,1275,1489,624,650,132,278,51,123,21,16,30,98,57,32
white,ASA,1237,673,2055,724,1273,1476,621,654,132,284,51,122,21,16,30,97,57,32
white,ASA,1227,673,2054,717,1265,1476,618,652,132,285,51,121,21,16,30,97,56,32
white,ASA,1175,669,2065,716,1274,1498,618,648,132,279,51,121,21,16,30,97,57,32
white,ASA,1107,663,2076,702,1276,1513,621,643,132,268,51,124,21,16,30,98,57,32
white,ASA,1084,657,2065,689,1269,1511,624,639,132,259,51,124,22,16,30,98,57,32
white,ASA,1083,652,2050,691,1264,1496,623,640,132,264,51,124,21,16,30,98,57,32
white,ASA,1191,671,2062,716,1274,1489,621,646,132,274,51,122,21,16,30,98,57,32
white,ASA,1285,683,2066,737,1282,1481,618,653,133,287,51,121,21,16,30,97,57,32
white,ASA,1301,683,2062,743,1283,1471,616,659,132,299,51,120,21,16,30,97,57,33
white,ASA,1224,670,2048,722,1265,1477,620,656,132,289,51,122,21,16,30,97,57,33
white,ASA,1126,661,2062,704,1263,1495,622,645,132,267,51,123,22,16,30,98,57,32
white,ASA,1118,664,2074,703,1273,1510,621,639,132,261,51,124,22,16,30,98,57,32
white,ASA,1168,668,2065,718,1278,1497,624,648,132,272,51,123,21,16,30,98,57,32
white,ASA,1187,671,2060,720,1275,1489,623,651,132,276,51,123,21,16,30,98,57,32
white,ASA,1226,671,2045,722,1264,1470,618,652,132,286,51,121,21,16,30,97,57,32
white,ASA,1197,668,2051,722,1262,1477,617,648,132,279,51,121,21,16,30,97,57,32
white,ASA,1099,667,2085,718,1288,1526,620,643,133,266,51,123,21,16,30,97,58,32
white,ASA,1127,666,2063,710,1276,1501,625,647,134,265,51,124,22,16,30,97,57,32
white,ASA,1220,669,2044,715,1265,1455,621,648,133,275,51,122,21,16,30,97,56,32
white,ASA,1232,669,2032,718,1249,1452,611,646,132,284,51,120,21,16,30,97,56,32
white,ASA,1256,679,2055,726,1272,1464,611,652,133,293,51,119,21,16,30,97,56,32
white,ASA,1097,669,2103,708,1288,1532,615,638,129,263,51,123,21,16,30,99,58,32
white,ASA,1097,667,2090,705,1286,1529,623,645,130,265,51,124,21,16,30,98,58,32
white,ASA,1121,665,2070,709,1274,1513,622,646,130,268,51,124,21,16,30,98,58,32
white,ASA,1176,666,2039,710,1255,1465,617,647,130,277,51,121,21,16,30,98,56,32
white,ASA,973,630,2030,654,1236,1482,615,631,130,264,51,123,21,16,30,98,56,31
white,ASA,954,621,2004,641,1214,1471,623,626,130,245,51,126,21,16,30,99,56,31
white,ASA,1038,635,2002,663,1217,1454,619,623,130,231,51,125,21,16,30,98,56,31
white,ASA,1241,665,2018,691,1238,1442,615,645,129,277,51,123,21,16,30,98,56,32
white,ASA,1256,677,2061,723,1270,1450,612,656,129,298,51,120,21,16,30,98,56,33
white,ASA,1181,669,2069,719,1273,1498,620,651,130,282,51,123,21,16,30,98,57,32
white,ASA,1192,669,2058,722,1271,1490,630,657,132,274,51,125,21,16,30,98,58,32
white,ASA,1221,666,2030,717,1251,1458,630,663,133,286,51,123,22,16,30,97,57,32
white,ASA,1125,652,2031,712,1243,1459,629,654,133,272,51,124,22,16,30,98,57,32
white,ASA,1090,654,2058,690,1255,1487,634,650,133,259,51,126,22,16,30,98,57,32
white,ASA,1142,662,2057,697,1260,1494,633,651,133,261,51,126,22,16,30,98,57,32
white,ASA,1255,678,2059,731,1276,1482,633,658,133,276,51,125,22,16,30,97,58,32
white,ASA,1301,680,2043,738,1267,1461,630,664,132,287,51,123,21,16,30,98,57,33
white,ASA,1318,680,2039,738,1263,1450,628,669,131,298,51,122,21,16,30,98,57,33
white,ASA,1329,679,2030,734,1254,1443,623,669,131,306,51,121,21,16,30,98,56,33
white,ASA,1298,677,2041,731,1257,1455,623,668,131,304,51,121,21,16,30,98,56,33
white,ASA,1215,670,2057,725,1265,1483,627,662,131,287,51,123,21,16,30,98,57,33
white,ASA,1171,665,2060,711,1268,1498,634,659,132,274,51,125,21,16,30,98,58,32
white,ASA,1142,660,2058,708,1267,1497,635,657,131,271,51,126,22,16,30,98,58,32
white,ASA,1131,657,2056,700,1258,1495,635,655,131,264,51,126,21,16,30,98,58,32
white,ASA,1108,655,2057,697,1257,1495,631,653,131,267,51,125,21,16,30,98,57,32
white,ASA,1090,650,2047,689,1254,1494,635,656,132,265,51,126,22,16,30,98,58,32
white,ASA,1082,644,2027,685,1242,1480,637,655,132,261,51,127,21,16,30,98,57,32
white,ASA,1151,656,2034,696,1245,1472,636,656,132,266,51,126,21,16,30,98,57,32
white,ASA,1275,673,2037,720,1257,1462,633,662,132,281,51,125,21,16,30,98,57,32
white,ASA,1377,688,2044,749,1268,1449,628,672,133,303,51,122,22,16,30,97,57,33
white,ASA,1414,695,2050,760,1275,1457,627,680,133,319,51,121,21,16,30,97,57,33
white,ASA,1362,692,2069,757,1286,1472,628,680,133,317,51,122,22,16,30,97,57,33
white,ASA,1229,678,2080,736,1287,1500,633,672,132,298,51,124,21,16,30,98,58,33
white,ASA,1181,671,2078,722,1279,1502,638,666,132,281,51,125,22,16,30,98,58,33
white,ASA,1140,661,2060,714,1263,1492,638,661,132,273,51,126,22,16,30,98,58,32
white,ASA,1152,665,2070,713,1270,1497,638,664,133,277,51,125,22,16,30,97,58,32
white,ASA,1282,688,2092,741,1290,1496,636,676,134,299,51,124,22,16,30,97,58,33
white,ASA,1284,694,2113,748,1305,1514,639,677,135,298,51,125,22,16,30,97,58,33
white,ASA,1330,703,2121,759,1314,1513,640,681,135,302,51,125,22,16,30,97,59,33
white,ASA,1373,711,2122,776,1322,1511,639,686,134,311,51,124,22,16,30,97,59,33
white,ASA,1379,710,2119,779,1323,1503,636,687,134,317,51,123,21,16,30,97,58,33
white,ASA,1331,701,2112,770,1308,1499,635,687,134,318,50,122,21,16,30,97,58,33
white,ASA,1364,708,2119,769,1316,1506,636,687,135,317,50,123,22,16,30,96,58,33
white,ASA,1363,708,2120,774,1320,1510,638,687,136,314,50,123,22,16,30,96,58,33
white,ASA,1371,709,2118,776,1322,1506,637,686,136,314,50,123,22,16,30,96,58,33
white,ASA,1454,722,2125,792,1329,1497,637,697,137,332,50,122,22,16,30,95,59,34
white,ASA,1414,711,2105,786,1317,1499,634,689,135,324,50,122,22,16,30,96,58,34
white,ASA,1373,717,2144,783,1336,1524,635,690,135,323,50,123,22,16,30,96,59,33
white,ASA,1360,717,2153,782,1340,1534,634,686,135,318,50,122,22,16,30,96,59,33
white,ASA,1354,717,2161,780,1345,1536,634,684,135,314,50,123,22,16,30,96,59,33
white,ASA,1330,710,2145,776,1335,1530,637,684,135,312,50,123,22,16,30,96,59,33
white,ASA,1361,718,2152,784,1340,1531,638,687,136,316,50,123,22,16,30,96,59,33
white,ASA,1384,723,2154,786,1342,1528,636,688,135,318,50,123,22,16,30,96,59,33
white,ASA,1386,719,2146,785,1339,1519,634,686,135,320,50,122,22,16,30,96,58,33
white,ASA,1413,728,2161,794,1349,1531,633,691,136,327,50,122,22,16,30,96,58,34
white,ASA,1383,725,2167,792,1350,1530,633,688,136,324,50,122,22,16,30,96,59,34
white,ASA,1351,728,2194,790,1364,1565,634,685,136,317,50,122,22,16,30,96,59,33
white,ASA,1280,709,2169,768,1347,1550,635,677,134,303,50,124,22,16,30,97,59,33
white,ASA,1309,717,2177,774,1349,1555,635,676,134,301,51,124,22,16,30,97,59,33
white,ASA,1326,716,2163,780,1347,1547,636,679,134,304,50,124,22,16,30,96,59,33
white,ASA,1381,718,2139,785,1334,1527,634,688,135,320,50,123,22,16,30,96,59,33
white,ASA,1429,725,2137,791,1333,1507,630,689,135,328,50,121,22,16,30,96,58,34
white,ASA,1437,726,2141,793,1335,1512,628,684,135,323,50,121,22,16,30,96,58,33
white,ASA,1406,718,2129,792,1333,1510,628,686,135,327,50,121,22,16,30,96,58,34
white,ASA,1380,723,2158,785,1342,1530,633,689,136,324,50,122,22,16,30,96,59,34
white,ASA,1351,723,2168,786,1352,1548,634,684,136,316,50,123,22,16,30,96,59,33
white,ASA,1378,726,2166,788,1351,1540,636,685,136,314,50,123,22,16,30,96,59,33
white,ASA,1439,734,2165,803,1359,1534,635,689,137,322,50,122,22,16,30,96,59,33
white,ASA,1494,740,2154,816,1357,1517,631,695,137,336,50,121,22,16,30,96,59,34
white,ASA,1455,729,2144,804,1347,1516,633,697,137,336,50,122,22,16,30,96,59,34
white,ASA,1352,715,2146,776,1338,1529,638,692,138,329,50,123,22,16,30,95,59,34
white,ASA,1296,709,2151,768,1339,1540,638,682,138,312,50,124,22,16,30,96,59,33
white,ASA,1403,712,2129,777,1314,1485,636,681,138,309,50,123,22,16,30,95,58,33
white,ASA,1544,731,2099,793,1320,1476,632,692,138,331,50,121,22,16,30,95,58,34
white,ASA,1511,717,2089,784,1312,1446,626,691,137,339,50,120,22,16,30,96,58,34
white,ASA,1502,710,2057,785,1286,1438,621,694,137,346,50,119,22,16,30,96,57,34
white,ASA,1485,718,2090,786,1308,1463,626,694,138,341,50,120,22,16,30,95,58,34
white,ASA,1489,727,2101,795,1317,1494,635,692,139,328,50,123,22,16,30,95,59,34
white,ASA,1465,727,2130,795,1335,1504,635,685,138,317,50,123,22,16,30,96,59,33
white,ASA,1497,712,2060,803,1298,1478,623,684,136,330,50,120,22,16,30,96,58,34
white,ASA,1544,717,2057,795,1297,1438,621,690,135,342,50,119,22,16,30,96,57,34
white,ASA,1486,706,2057,772,1295,1439,621,687,137,336,50,119,22,16,30,96,57,34
white,ASA,1337,690,2068,748,1276,1466,628,676,138,313,50,121,22,16,30,96,57,33
white,ASA,1327,688,2058,744,1278,1470,632,666,138,290,50,124,22,16,30,96,58,33
white,ASA,1398,697,2058,757,1285,1463,637,673,139,297,50,125,22,16,30,96,58,33
white,ASA,1477,711,2069,777,1297,1464,636,682,139,312,50,123,22,16,30,95,58,33
white,ASA,1536,718,2069,790,1300,1451,627,685,138,328,50,121,22,16,30,96,58,34
white,ASA,1538,715,2060,789,1290,1450,623,687,137,334,50,120,22,16,30,96,57,34
white,ASA,1518,717,2074,782,1297,1461,621,684,136,334,50,120,22,16,30,96,57,33
white,ASA,1520,719,2084,789,1306,1463,626,688,137,333,50,121,22,16,30,96,58,34
white,ASA,1502,720,2091,792,1312,1472,625,687,137,330,50,121,22,16,30,96,58,34
white,ASA,1521,716,2069,789,1301,1457,631,694,137,333,50,121,22,16,30,95,58,34
white,ASA,1503,714,2072,780,1296,1454,633,693,137,331,50,122,22,16,30,96,58,34
white,ASA,1528,715,2075,781,1296,1457,630,688,138,329,50,121,22,16,30,96,57,34
white,ASA,1494,713,2072,777,1295,1460,628,686,138,326,50,121,22,16,30,96,57,33
white,ASA,1482,708,2066,772,1291,1459,630,686,138,328,50,122,22,16,30,96,58,34
white,ASA,1437,705,2075,770,1294,1468,631,685,138,322,50,122,22,16,30,96,58,33
white,ASA,1399,702,2082,766,1295,1478,632,681,138,314,50,123,22,16,30,96,58,33
white,ASA,1331,694,2083,745,1291,1491,631,670,136,296,50,124,22,16,30,97,58,33
white,ASA,1376,696,2071,752,1287,1477,631,672,136,299,51,123,22,16,30,97,58,33
white,ASA,1457,707,2071,761,1288,1467,630,678,137,308,50,123,22,16,30,96,58,33
white,ASA,1520,706,2035,765,1271,1427,622,674,134,318,50,120,22,16,30,97,57,33
white,ASA,1555,708,2029,773,1270,1416,618,682,135,335,50,119,22,16,30,96,57,33
white,ASA,1553,708,2037,775,1269,1420,618,688,136,338,50,118,22,16,30,96,57,34
white,ASA,1560,714,2054,779,1283,1435,619,689,137,342,50,118,22,16,30,96,57,34
white,ASA,1547,719,2070,787,1298,1450,620,689,139,341,50,119,22,16,30,95,57,34
white,ASA,1499,719,2095,786,1312,1476,626,688,139,332,50,121,22,16,30,95,58,34
white,ASA,1469,720,2114,791,1321,1490,632,688,139,323,50,122,22,16,30,95,59,33
white,ASA,1391,710,2109,770,1313,1501,630,676,137,310,50,123,22,16,30,96,58,33
white,ASA,1390,708,2102,775,1310,1493,633,679,137,310,50,123,22,16,30,96,58,33
white,ASA,1439,714,2099,781,1309,1484,633,686,137,320,50,122,22,16,30,96,58,33
white,ASA,1463,715,2098,781,1311,1480,632,689,138,327,50,122,22,16,30,96,58,33
white,ASA,1469,715,2089,783,1311,1478,632,690,139,329,50,122,22,16,30,95,58,34
white,ASA,1457,718,2092,784,1314,1481,634,694,140,331,50,122,22,16,30,95,58,34
white,ASA,1472,723,2112,785,1316,1484,634,692,139,327,50,122,22,16,30,95,58,34
white,ASA,1554,736,2113,805,1327,1473,630,695,140,339,50,120,22,16,30,95,58,34
white,ASA,1577,742,2120,822,1335,1475,622,692,138,341,50,119,22,16,30,95,58,34
white,ASA,1603,753,2148,822,1353,1492,622,696,138,347,50,119,22,16,30,95,58,34
white,ASA,1619,758,2158,840,1366,1500,620,702,138,359,50,118,22,16,30,95,58,34
white,ASA,1597,751,2148,833,1361,1496,623,706,139,361,50,119,22,16,30,95,59,34
white,ASA,1582,751,2146,828,1357,1500,625,703,140,355,50,119,22,16,30,95,58,34
white,ASA,1510,741,2151,813,1353,1507,627,694,139,344,50,120,22,16,30,95,58,34
white,ASA,1432,732,2158,793,1342,1518,628,685,137,325,50,121,22,16,30,96,58,33
white,ASA,1491,738,2154,802,1347,1512,628,694,139,336,50,120,22,16,30,95,58,34
white,ASA,1496,745,2170,820,1362,1519,629,696,140,338,50,121,22,16,30,95,59,34
white,ASA,1494,749,2185,822,1375,1540,634,698,140,338,50,122,22,16,30,95,60,34
white,ASA,1489,748,2187,824,1378,1539,638,699,141,340,50,122,22,16,30,95,60,34
white,ASA,1480,744,2175,828,1373,1533,637,698,140,334,50,123,22,16,30,95,60,34
white,ASA,1506,747,2168,823,1364,1521,636,699,140,337,50,122,22,16,30,95,60,34
white,ASA,1558,750,2156,830,1363,1504,635,703,141,346,50,121,22,16,30,94,59,34
white,ASA,1605,752,2149,833,1360,1482,628,704,141,354,50,120,22,16,30,94,59,34
white,ASA,1666,759,2133,846,1356,1470,627,712,142,367,49,119,22,16,30,94,59,35
white,ASA,1619,752,2131,841,1352,1477,626,708,141,361,49,119,22,16,30,94,59,34
white,ASA,1529,727,2096,815,1318,1459,627,698,139,345,50,119,22,16,30,95,58,34
white,ASA,1529,744,2148,819,1352,1501,630,700,139,346,50,120,22,16,30,95,59,34
white,ASA,1575,748,2146,827,1356,1485,629,701,140,350,49,120,22,16,30,94,59,34
white,ASA,1597,745,2117,826,1339,1467,628,703,141,352,50,119,22,16,30,94,59,34
white,ASA,1578,747,2134,827,1346,1480,624,699,139,349,50,119,22,16,30,95,58,34
white,ASA,1608,747,2119,826,1339,1467,625,702,140,355,50,119,22,16,30,94,58,34
white,ASA,1604,746,2118,827,1341,1470,624,703,140,358,50,119,22,16,30,94,58,34
white,ASA,1626,747,2112,835,1340,1460,625,708,142,362,49,119,22,16,30,94,58,34
white,ASA,1633,743,2093,829,1332,1449,628,710,142,361,49,119,22,16,30,94,58,34
white,ASA,1612,746,2114,831,1334,1458,629,706,141,356,49,119,22,16,30,94,58,34
white,ASA,1638,761,2148,843,1362,1489,629,710,142,359,49,119,22,16,30,94,59,34
white,ASA,1650,763,2146,848,1364,1486,627,709,142,361,49,119,22,16,30,94,59,34
white,ASA,1675,763,2143,850,1367,1478,625,711,142,369,49,119,22,16,30,93,59,35
white,ASA,1680,763,2134,856,1361,1477,628,716,143,370,49,119,22,16,30,93,59,35
white,ASA,1684,769,2147,856,1369,1479,628,718,143,372,49,119,22,16,30,93,59,35
white,ASA,1679,762,2133,853,1356,1468,626,715,143,371,49,118,22,16,30,93,59,35
white,ASA,1695,765,2137,849,1361,1472,623,711,143,370,49,118,22,16,30,93,58,34
white,ASA,1706,766,2132,855,1360,1469,623,712,143,370,49,118,22,16,30,93,59,35
white,ASA,1715,771,2134,859,1364,1472,623,717,143,376,49,118,22,16,30,93,59,35
white,ASA,1719,774,2156,863,1373,1484,626,718,144,376,49,118,22,16,30,93,59,35
white,ASA,1669,766,2153,860,1372,1487,627,716,144,372,49,118,22,16,30,93,59,35
white,ASA,1616,754,2144,845,1360,1488,630,713,143,364,49,120,22,16,30,93,59,35
white,ASA,1627,755,2139,840,1363,1485,634,713,144,363,49,121,22,16,30,93,59,34
white,ASA,1685,763,2129,851,1362,1471,632,716,144,367,49,120,22,16,30,93,59,35
white,ASA,1716,763,2123,853,1358,1457,627,715,143,372,49,118,22,16,30,93,58,35
white,ASA,1665,750,2100,835,1335,1446,621,708,141,369,49,118,22,16,30,94,58,34
white,ASA,1680,758,2117,843,1346,1459,623,713,141,372,49,118,22,16,30,94,59,35
white,ASA,1686,761,2127,847,1356,1467,624,714,142,371,49,118,22,16,30,94,59,34
white,ASA,1660,757,2132,850,1356,1471,627,712,143,367,49,118,22,16,30,94,59,35
white,ASA,1666,752,2113,839,1345,1462,628,713,143,368,49,119,22,16,30,94,59,34
white,ASA,1663,753,2114,837,1345,1462,628,712,142,368,49,119,22,16,30,94,59,35
white,ASA,1673,756,2121,841,1350,1465,630,713,142,365,49,120,22,16,30,94,59,34
white,ASA,1644,757,2143,842,1358,1484,629,711,142,362,49,120,22,16,30,94,59,34
white,ASA,1671,759,2139,843,1359,1468,603,689,141,364,49,115,22,16,30,94,58,34
white,ASA,1722,741,2028,841,1316,1430,622,717,142,381,49,117,22,16,30,93,58,35
white,ASA,1645,756,2148,840,1365,1475,633,710,143,357,49,120,22,16,30,93,60,34
white,ASA,1682,772,2175,858,1380,1499,624,712,142,370,49,118,22,16,30,93,59,35
white,ASA,1592,751,2147,827,1363,1490,621,697,139,364,50,118,22,16,30,94,58,34
white,ASA,1548,735,2143,805,1355,1468,622,689,137,338,50,119,22,16,30,95,58,34
white,ASA,1524,728,2102,796,1316,1464,621,691,136,341,50,119,22,16,30,95,58,34
white,ASA,1557,735,2106,808,1319,1465,619,690,136,340,50,118,22,16,30,95,58,34
white,ASA,1611,751,2132,819,1348,1464,626,704,140,355,49,119,22,16,30,94,58,34
white,ASA,1674,760,2131,834,1352,1467,621,710,140,369,49,118,22,16,30,94,59,34
white,ASA,1627,763,2165,837,1366,1501,625,701,139,356,49,119,22,16,30,95,58,34
