white,PLA,1121,475,1431,591,929,1103,661,685,209,295,47,116,20,14,24,75,42,29
white,PLA,1121,476,1432,592,929,1102,660,685,209,295,47,116,20,14,24,75,42,29
white,PLA,1121,476,1432,592,928,1102,660,684,209,295,47,116,20,14,24,75,42,29
white,PLA,1121,477,1432,593,928,1102,659,684,209,294,47,116,20,14,24,75,42,29
white,PLA,1122,477,1432,593,928,1101,660,684,209,294,47,116,20,14,24,75,42,29
white,PLA,1122,477,1432,593,928,1101,659,684,209,295,47,116,20,14,24,75,42,29
white,PLA,1122,477,1432,593,928,1101,659,684,209,294,47,116,20,14,24,75,42,29
white,PLA,1122,477,1432,593,928,1101,659,684,209,294,47,116,20,14,24,75,42,29
white,PLA,1122,477,1432,593,927,1100,659,684,209,294,47,116,20,14,24,75,42,29
white,PLA,1121,477,1430,593,927,1101,659,684,209,294,47,116,20,14,24,75,42,29
white,PLA,1122,477,1432,593,927,1101,659,683,209,294,47,115,20,14,24,74,42,29
white,PLA,1123,477,1432,593,927,1099,659,684,208,294,47,115,20,14,24,74,42,29
white,PLA,1121,477,1430,593,927,1099,659,683,208,294,47,115,20,14,24,74,42,29
white,PLA,1123,478,1431,593,927,1101,659,683,208,294,47,115,20,14,24,74,42,29
white,PLA,1122,478,1432,593,927,1101,659,683,208,294,47,116,20,14,24,74,42,29
white,PLA,1123,477,1430,593,927,1100,659,683,208,294,47,115,20,14,24,74,42,29
white,PLA,1123,478,1432,593,927,1100,659,683,208,294,47,115,20,14,24,74,42,29
white,PLA,1122,478,1432,593,927,1100,659,683,208,294,47,116,20,14,24,74,42,29
white,PLA,1123,478,1432,594,927,1101,659,683,208,294,47,115,20,14,24,74,42,29
white,PLA,1123,478,1432,594,927,1099,659,683,209,294,47,116,20,14,24,74,42,29
white,PLA,1123,478,1432,594,927,1100,659,683,208,294,47,115,20,14,24,74,42,29
white,PLA,1123,478,1432,594,927,1099,659,683,208,294,47,116,20,14,24,74,42,29
white,PLA,1123,478,1432,594,927,1099,659,683,208,294,47,116,20,14,24,74,42,29
white,PLA,1123,478,1431,594,927,1100,659,683,208,294,47,115,20,14,24,74,42,29
white,PLA,1123,478,1432,594,927,1100,659,683,208,294,47,116,20,14,24,74,42,29
white,PLA,1123,478,1431,594,927,1099,658,683,209,294,47,115,20,14,24,74,42,29
white,PLA,1123,478,1431,594,927,1100,659,683,208,294,47,115,20,14,24,74,42,29
white,PLA,1123,478,1431,594,927,1100,659,683,208,294,47,116,20,14,24,74,42,29
white,PLA,1122,478,1431,594,927,1100,659,683,208,294,47,115,20,14,24,74,42,29
white,PLA,1123,478,1433,594,927,1100,659,683,209,294,47,116,20,14,24,74,42,29
white,PLA,1124,478,1431,594,926,1100,658,683,208,294,47,115,20,14,24,74,42,29
white,PLA,1124,478,1432,594,926,1100,658,683,208,294,47,116,20,14,24,74,43,29
white,PLA,1123,478,1431,594,926,1100,658,683,208,294,47,115,20,14,24,74,43,29
white,PLA,1123,478,1431,594,926,1100,658,683,208,294,47,115,20,14,24,74,43,29
white,PLA,1124,478,1431,594,926,1099,658,683,208,294,47,115,20,14,24,74,42,29
white,PLA,1124,478,1431,594,926,1100,658,683,208,294,47,115,20,14,24,74,42,29
white,PLA,1124,478,1431,594,926,1099,658,683,208,294,47,116,20,14,24,74,43,29
white,PLA,1124,478,1431,594,926,1100,658,683,208,294,47,115,20,14,24,74,43,29
white,PLA,1123,478,1432,594,926,1099,658,683,208,294,47,115,20,14,24,74,43,29
white,PLA,1123,479,1431,594,926,1099,658,683,208,294,47,115,20,14,24,74,43,29
white,PLA,1124,478,1430,594,926,1100,658,683,208,294,47,115,20,14,24,73,43,29
white,PLA,1123,478,1431,594,926,1100,658,679,208,294,47,115,20,14,24,74,43,29
white,PLA,1124,478,1430,594,926,1098,658,683,208,294,47,116,20,14,24,74,43,29
white,PLA,1124,478,1432,594,926,1099,658,683,208,294,47,115,20,14,24,74,43,29
white,PLA,1123,479,1430,594,926,1099,658,683,208,293,47,115,20,14,24,74,43,29
white,PLA,1124,479,1432,594,926,1099,658,683,208,294,47,115,20,14,24,73,43,29
white,PLA,1123,478,1430,594,926,1099,658,683,208,293,47,115,20,14,23,73,43,29
white,PLA,1124,478,1432,594,926,1100,658,683,208,294,47,115,20,14,24,74,43,29
white,PLA,1124,478,1430,594,926,1098,658,683,208,294,47,116,20,14,24,73,43,29
white,PLA,1125,479,1432,594,926,1099,658,683,208,294,47,115,20,14,24,73,43,29
white,PLA,1124,478,1431,594,926,1099,658,683,208,294,47,115,20,14,23,74,43,29
white,PLA,1124,479,1431,594,926,1099,658,682,208,293,47,115,20,14,24,74,43,29
white,PLA,1124,479,1432,594,926,1099,658,683,208,293,47,115,20,14,24,73,43,29
white,PLA,1124,479,1432,594,926,1099,658,683,208,294,47,115,20,14,24,74,43,29
white,PLA,1124,479,1431,594,926,1098,658,683,208,294,47,115,20,14,24,73,43,29
white,PLA,1124,478,1431,594,926,1098,658,682,208,293,47,115,20,14,24,73,43,29
white,PLA,1124,479,1432,594,926,1099,658,683,208,294,47,116,20,14,24,73,43,29
white,PLA,1124,478,1431,594,926,1100,658,683,208,293,47,115,20,14,24,73,43,29
white,PLA,1124,479,1432,594,926,1099,658,683,208,294,47,116,20,14,24,73,43,29
white,PLA,1124,479,1432,594,926,1099,658,683,208,293,47,115,20,14,24,73,43,29
white,PLA,1124,479,1432,595,926,1099,658,683,208,293,47,115,20,14,24,73,43,29
white,PLA,1124,479,1431,594,926,1098,658,683,208,293,47,115,20,14,24,73,43,29
white,PLA,1125,479,1432,595,926,1099,658,683,208,293,47,115,20,14,24,73,43,29
white,PLA,1125,479,1431,594,926,1099,658,683,208,293,47,115,20,14,24,73,43,29
white,PLA,1125,479,1432,594,926,1099,658,683,208,294,47,115,20,14,24,73,43,29
white,PLA,1124,479,1432,594,926,1098,658,683,208,293,47,116,20,14,24,73,43,29
white,PLA,1125,479,1432,594,926,1099,658,683,208,293,47,115,20,14,24,73,43,29
white,PLA,1125,479,1431,595,926,1099,658,682,208,293,47,115,20,14,24,73,43,29
white,PLA,1125,479,1433,595,926,1099,658,683,208,293,47,115,20,14,23,73,43,29
white,PLA,1123,479,1432,595,926,1099,658,683,208,293,47,115,20,14,24,73,43,29
white,PLA,1125,479,1432,595,926,1099,658,683,208,293,47,115,20,14,24,73,43,29
white,PLA,1124,479,1432,594,926,1099,658,683,208,293,47,115,20,14,24,73,43,29
white,PLA,1124,479,1431,595,926,1098,658,683,208,294,47,115,20,14,24,73,43,29
white,PLA,1125,479,1432,594,926,1099,658,682,208,293,47,115,20,14,24,73,43,29
white,PLA,1125,479,1432,595,926,1099,658,682,208,293,47,115,20,14,24,73,43,29
white,PLA,1125,479,1431,595,926,1099,658,682,208,293,47,116,20,14,23,73,43,29
white,PLA,1125,479,1431,595,925,1099,658,682,208,293,47,115,20,14,24,73,43,29
white,PLA,1124,479,1432,595,925,1099,658,682,208,293,47,115,20,14,24,73,43,29
white,PLA,1124,479,1431,595,925,1099,658,682,208,293,47,115,20,14,24,73,43,29
white,PLA,1125,479,1432,595,925,1098,658,682,208,293,47,115,20,14,24,73,43,29
white,PLA,1124,479,1432,595,926,1099,658,683,208,293,47,116,20,14,23,73,43,29
white,PLA,1125,479,1432,595,926,1099,658,683,208,294,47,116,20,14,23,73,43,29
white,PLA,1125,479,1432,595,926,1099,658,683,208,293,47,116,20,14,24,73,43,29
white,PLA,1125,479,1432,595,925,1098,658,682,208,293,47,115,20,14,23,73,43,29
white,PLA,1125,479,1432,595,926,1099,658,683,208,294,47,115,20,14,24,73,43,29
white,PLA,1125,479,1432,595,925,1099,658,683,208,293,47,115,20,14,24,73,43,29
white,PLA,1125,479,1432,595,925,1099,658,682,208,293,47,115,20,14,24,73,43,29
white,PLA,1125,479,1431,595,925,1098,658,682,208,293,47,115,20,14,23,73,43,29
white,PLA,1125,479,1432,595,925,1098,658,682,208,293,47,115,20,14,23,73,43,29
white,PLA,1125,479,1432,595,925,1099,658,683,208,293,47,115,20,14,23,73,43,29
white,PLA,1125,479,1432,595,925,1099,658,683,208,293,47,115,20,14,24,73,43,29
white,PLA,1125,479,1432,595,925,1099,658,682,208,293,47,115,20,14,23,73,43,29
white,PLA,1125,479,1432,595,925,1099,658,682,208,293,47,115,20,14,24,73,43,29
white,PLA,1125,479,1432,595,926,1098,658,682,208,293,47,115,20,14,24,73,43,29
white,PLA,1124,479,1432,595,925,1098,658,683,208,293,47,115,20,14,24,73,43,29
white,PLA,1125,479,1432,595,925,1099,658,683,208,293,47,115,20,14,24,73,43,29
white,PLA,1124,479,1432,595,926,1099,658,683,208,293,47,116,20,14,23,73,43,29
white,PLA,1125,480,1432,595,926,1099,658,683,208,293,47,115,20,14,23,73,43,29
white,PLA,1125,479,1432,595,925,1099,658,683,208,293,47,116,20,14,23,73,43,29
white,PLA,1125,480,1432,595,926,1099,658,683,208,293,47,116,20,14,24,73,43,29
white,PLA,2646,662,1410,765,891,678,391,618,159,398,32,46,20,13,17,51,34,30
white,PLA,2647,663,1411,766,891,678,391,618,158,397,32,46,20,13,17,51,34,30
white,PLA,2647,663,1411,766,891,678,390,618,158,397,32,46,20,13,17,51,34,30
white,PLA,2647,663,1411,766,890,677,390,617,158,397,32,46,20,13,17,51,34,30
white,PLA,2647,663,1411,766,890,677,390,617,158,397,32,46,20,13,17,51,34,30
white,PLA,2646,663,1411,767,890,677,390,617,158,397,32,46,20,13,17,51,34,30
white,PLA,2647,663,1410,767,890,677,390,617,158,397,32,46,20,13,17,51,34,30
white,PLA,2647,663,1410,767,890,677,390,617,158,397,32,46,20,13,17,51,34,30
white,PLA,2646,663,1411,767,890,677,390,617,158,397,32,46,20,13,17,51,34,30
white,PLA,2629,662,1420,765,896,696,398,621,160,397,33,48,20,13,18,52,35,30
white,PLA,2629,662,1421,766,895,696,398,621,160,397,33,48,20,13,18,52,35,30
white,PLA,2629,662,1421,766,895,696,398,621,160,397,33,48,20,13,18,51,35,30
white,PLA,2629,663,1421,766,895,696,398,621,160,397,33,48,20,13,17,51,35,30
white,PLA,2630,663,1421,766,895,695,398,621,160,397,33,48,20,13,18,51,35,30
white,PLA,2629,663,1421,767,895,695,398,621,160,397,33,48,20,13,17,51,35,30
white,PLA,2629,663,1421,767,895,695,398,621,160,396,33,48,20,13,18,51,35,30
white,PLA,2629,663,1421,767,895,696,398,621,160,397,33,48,20,13,18,51,35,30
white,PLA,2629,663,1421,767,895,695,398,621,160,396,33,48,20,13,18,51,35,30
white,PLA,2540,655,1453,757,915,769,426,629,163,394,34,53,20,13,18,54,35,30
white,PLA,2541,656,1453,758,914,768,425,629,163,394,34,53,21,13,18,53,36,30
white,PLA,2541,656,1453,759,914,768,425,629,163,394,34,53,21,13,18,53,36,30
white,PLA,2541,657,1453,759,913,767,425,628,163,394,34,53,21,13,18,53,36,30
white,PLA,2541,657,1453,759,913,768,425,628,162,394,34,53,20,13,18,53,36,30
white,PLA,2541,657,1452,759,913,767,425,628,163,393,34,53,21,13,18,53,36,30
white,PLA,2541,657,1453,759,913,767,425,628,162,393,34,53,20,13,18,53,36,30
white,PLA,2541,657,1453,759,913,767,425,628,162,393,34,53,20,13,18,53,36,30
white,PLA,2542,658,1453,759,912,767,425,628,162,393,34,53,20,13,18,53,36,30
white,PLA,2315,640,1530,720,933,913,466,610,154,356,33,68,20,13,18,53,36,29
white,PLA,2314,641,1531,720,933,912,466,610,154,355,33,68,20,13,18,52,37,29
white,PLA,2315,641,1530,721,932,911,466,610,153,355,33,68,20,13,17,52,37,29
white,PLA,2315,641,1530,721,932,911,466,609,154,355,33,68,20,13,18,52,37,29
white,PLA,2315,641,1530,721,932,911,466,610,153,355,33,68,20,13,18,52,37,29
white,PLA,2315,641,1530,721,932,910,465,609,153,355,33,68,20,13,18,52,37,29
white,PLA,2313,641,1530,721,932,912,466,609,154,355,33,68,20,13,17,52,37,29
white,PLA,2313,641,1531,721,932,912,466,609,153,355,33,68,20,13,18,52,37,29
white,PLA,2314,641,1531,721,932,912,466,609,154,355,33,68,20,13,18,52,37,29
white,PLA,1830,557,1444,642,888,954,507,607,168,325,36,82,20,13,19,59,37,28
white,PLA,1829,557,1444,642,887,954,507,606,168,325,37,82,20,13,19,58,37,28
white,PLA,1828,557,1444,642,887,954,507,606,168,325,37,82,20,13,19,58,37,28
white,PLA,1827,558,1444,642,887,954,507,606,168,324,37,82,20,13,19,58,37,28
white,PLA,1827,558,1445,642,887,954,507,606,168,325,37,82,20,13,19,58,37,28
white,PLA,1827,558,1444,642,887,954,507,606,168,325,36,82,20,13,19,58,37,28
white,PLA,1828,558,1444,642,886,954,507,606,167,325,37,82,20,13,19,58,37,28
white,PLA,1828,558,1444,642,886,953,507,606,168,324,37,82,20,13,19,58,37,28
white,PLA,1828,558,1444,642,886,953,507,606,168,325,37,82,20,13,19,58,37,28
white,PLA,1813,556,1448,644,892,962,509,612,170,330,38,82,20,13,19,59,37,28
white,PLA,1814,556,1447,644,891,962,509,611,170,330,38,82,20,13,19,59,37,28
white,PLA,1819,556,1442,644,888,960,508,611,170,331,38,82,20,13,19,59,38,28
white,PLA,1826,557,1441,645,888,955,508,611,170,331,38,82,20,13,19,59,37,28
white,PLA,1828,557,1441,645,888,955,507,611,170,331,38,81,20,13,19,59,37,28
white,PLA,1827,557,1442,644,888,955,507,611,170,331,38,81,20,13,19,59,37,28
white,PLA,1823,557,1442,645,888,958,507,611,170,331,38,81,20,13,19,59,37,28
white,PLA,1820,557,1444,644,889,958,508,611,170,330,38,81,20,13,19,59,37,28
white,PLA,1819,556,1443,645,889,959,508,611,170,330,38,82,20,13,19,59,38,28
white,PLA,1822,556,1446,643,890,959,508,612,171,330,37,81,20,13,19,59,37,28
white,PLA,1821,556,1445,644,888,958,508,612,170,330,37,81,20,13,19,59,37,28
white,PLA,1821,556,1446,644,889,959,508,611,170,330,37,81,20,13,19,59,37,28
white,PLA,1820,556,1446,644,888,959,508,611,170,329,37,82,20,14,19,59,37,28
white,PLA,1820,556,1446,644,888,958,508,611,170,329,37,82,20,13,19,59,37,28
white,PLA,1820,557,1446,644,888,958,508,611,170,329,37,81,20,13,19,59,37,28
white,PLA,1820,557,1446,644,888,958,508,611,170,329,37,81,20,13,19,59,37,28
white,PLA,1820,556,1446,644,888,958,508,611,170,329,37,82,20,13,19,59,37,28
white,PLA,1820,557,1446,644,888,958,508,611,170,329,37,81,20,13,19,59,38,28
white,PLA,1820,556,1445,643,889,959,508,612,170,330,37,81,20,13,19,59,37,28
white,PLA,1820,556,1445,643,888,958,508,611,170,329,37,81,20,13,19,59,37,28
white,PLA,1820,556,1445,644,888,958,508,611,170,329,37,82,20,13,19,59,37,28
white,PLA,1820,556,1445,644,888,958,508,611,170,329,37,82,20,13,19,59,38,28
white,PLA,1820,556,1445,644,888,958,507,611,170,329,37,81,20,13,19,59,38,28
white,PLA,1820,556,1445,644,888,958,507,611,170,329,37,81,20,13,19,59,38,28
white,PLA,1820,556,1445,644,888,957,507,611,170,329,37,81,20,13,19,59,38,28
white,PLA,1820,556,1444,644,888,957,507,610,170,329,37,82,20,13,19,59,38,28
white,PLA,1819,556,1445,644,888,957,508,611,170,329,37,82,20,13,19,59,38,28
white,PLA,1166,471,1398,553,869,1038,584,605,187,251,44,105,20,14,22,71,39,27
white,PLA,1440,500,1382,588,885,1019,596,646,186,303,44,104,20,14,22,70,39,28
white,PLA,1602,516,1359,636,881,965,573,675,184,354,44,91,20,14,22,70,38,29
white,PLA,1653,519,1351,641,878,970,563,672,183,364,44,79,19,14,22,70,38,29
white,PLA,1247,477,1375,563,860,1010,577,605,185,259,44,103,20,14,22,70,38,27
white,PLA,1248,477,1377,563,859,1010,577,605,185,260,44,103,20,14,22,70,38,27
white,PLA,1620,519,1370,634,892,963,579,676,184,356,44,95,19,14,22,70,39,29
white,PLA,1594,523,1402,644,911,994,588,676,184,352,44,97,20,14,22,70,40,30
white,PLA,1651,524,1368,647,893,982,588,675,184,357,44,97,20,14,22,70,39,30
white,PLA,2269,601,1326,763,907,752,491,728,201,447,40,60,20,13,21,64,38,32
white,PLA,2269,601,1325,763,906,752,491,727,201,447,40,60,20,13,21,64,38,32
white,PLA,2270,601,1325,765,905,751,491,728,201,446,41,60,20,13,21,64,38,32
white,PLA,2270,601,1324,764,905,752,491,727,201,446,40,60,20,13,21,64,38,32
white,PLA,2269,602,1324,765,905,752,491,727,201,446,40,60,20,13,21,64,38,32
white,PLA,2270,602,1325,765,905,751,491,727,201,446,40,60,20,13,21,64,38,32
white,PLA,2272,602,1325,765,905,752,491,727,201,446,40,60,20,13,21,64,38,32
white,PLA,2271,602,1326,765,905,752,491,727,201,446,40,60,20,13,21,64,38,32
white,PLA,2271,602,1326,765,905,751,491,726,201,446,40,60,20,13,21,64,38,32
white,PLA,1463,477,1231,558,725,785,419,509,161,294,38,77,19,14,19,62,32,43
white,PLA,1462,477,1231,559,725,785,419,509,161,292,38,77,19,14,19,62,32,42
white,PLA,1463,477,1232,559,725,785,419,509,161,293,38,77,19,14,19,62,32,43
white,PLA,1463,476,1231,559,724,784,418,509,161,289,38,77,19,14,19,62,32,42
white,PLA,1465,482,1233,561,726,786,420,512,162,299,39,79,20,14,19,62,33,44
white,PLA,1465,483,1233,561,726,786,420,512,162,299,39,79,20,14,19,62,33,44
white,PLA,1465,483,1233,561,726,786,420,512,162,299,39,79,20,14,19,62,33,44
white,PLA,1465,483,1233,561,726,786,420,512,162,299,39,79,20,14,19,62,33,44
white,PLA,1465,483,1233,561,726,786,420,512,162,299,39,79,20,14,19,62,33,44
white,ASA,1606,527,1405,589,844,953,510,599,156,322,40,92,20,14,19,64,41,28
white,ASA,1605,527,1405,589,843,952,510,598,156,321,40,92,20,14,19,64,41,28
white,ASA,1606,528,1406,590,842,952,510,598,156,321,40,92,20,14,19,64,41,28
white,ASA,1607,528,1405,590,842,952,509,598,156,321,40,92,20,14,19,64,41,28
white,ASA,1605,528,1405,590,842,951,509,598,156,321,40,91,20,14,19,64,41,28
white,ASA,1606,529,1406,590,842,952,509,598,156,321,40,92,20,14,19,64,41,28
white,ASA,1605,529,1406,590,842,952,509,598,156,321,40,91,20,14,19,64,41,28
white,ASA,1605,529,1405,590,842,951,509,597,156,321,40,92,20,14,19,63,41,28
white,ASA,1606,529,1406,590,842,951,509,598,156,321,40,91,20,14,19,64,41,28
white,ASA,1605,527,1407,589,843,953,510,599,156,322,40,92,20,14,19,64,41,28
white,ASA,1604,528,1406,589,842,952,510,598,156,321,40,91,20,14,19,64,41,28
white,ASA,1605,528,1407,590,842,952,509,598,156,321,40,92,20,14,19,64,41,28
white,ASA,1605,528,1407,590,842,951,509,598,156,321,40,91,20,14,19,64,41,28
white,ASA,1604,528,1406,590,841,951,509,598,156,321,40,91,20,14,19,64,41,28
white,ASA,1605,528,1405,590,841,950,509,597,156,321,40,92,20,14,19,64,41,28
white,ASA,1605,529,1406,590,841,951,509,597,155,321,40,91,20,14,19,64,41,28
white,ASA,1605,529,1406,590,841,951,509,597,155,321,40,91,20,14,19,64,41,28
white,ASA,1605,529,1406,590,841,951,509,597,156,320,40,91,20,14,19,63,41,28
white,ASA,1604,528,1410,589,842,952,510,598,156,319,39,92,20,14,19,64,41,28
white,ASA,1575,527,1423,588,847,965,514,597,156,314,39,93,20,14,19,63,42,28
white,ASA,1634,526,1395,587,832,933,500,595,155,324,39,88,20,14,19,63,41,28
white,ASA,1596,528,1416,589,842,961,514,596,156,316,39,93,20,14,19,63,42,28
white,ASA,1610,528,1405,589,837,948,505,596,156,321,39,91,20,14,19,63,41,28
white,ASA,1584,524,1410,584,839,955,511,594,156,313,39,93,20,14,19,63,42,28
white,ASA,1582,524,1409,584,838,955,511,594,156,313,39,93,20,14,19,63,42,28
white,ASA,1581,524,1409,584,838,955,511,595,156,313,39,93,20,14,19,63,42,28
white,ASA,1565,524,1415,582,841,990,522,594,156,310,39,97,20,14,19,63,42,28
white,ASA,1521,526,1445,584,857,991,520,596,156,307,39,96,20,14,19,64,42,28
white,ASA,1520,526,1444,585,856,991,519,596,156,306,39,96,20,14,19,63,43,28
white,ASA,1520,526,1444,585,855,990,519,596,156,306,39,96,20,14,19,63,43,28
white,ASA,1521,526,1445,585,855,990,519,596,156,306,39,96,20,14,19,63,43,28
white,ASA,1521,527,1444,585,855,990,519,596,156,306,39,96,20,14,19,63,43,28
white,ASA,1521,526,1445,585,855,990,519,595,156,306,39,96,20,14,19,63,43,28
white,ASA,1521,527,1444,586,855,990,519,596,156,306,39,96,20,14,19,63,43,28
white,ASA,1521,527,1445,586,855,989,519,596,156,306,39,96,20,14,19,63,43,28
white,ASA,1521,527,1445,586,855,990,519,596,156,306,39,96,20,14,19,63,43,28
white,ASA,1521,525,1442,584,857,991,520,597,156,308,40,96,20,14,19,64,42,28
white,ASA,1521,526,1441,585,855,991,519,596,156,307,40,96,20,14,19,63,42,28
white,ASA,1521,526,1441,585,855,990,519,596,156,307,40,96,20,14,19,63,43,28
white,ASA,1521,526,1441,585,855,990,519,595,156,307,40,96,20,14,19,63,43,28
white,ASA,1521,526,1441,585,854,989,518,595,156,307,40,96,20,14,19,63,43,28
white,ASA,1521,526,1441,585,854,989,519,595,156,307,40,96,20,14,19,63,43,28
white,ASA,1521,526,1441,585,854,989,518,595,156,307,40,96,20,14,19,63,43,28
white,ASA,1521,526,1441,586,854,989,518,595,156,307,40,96,20,14,19,63,43,28
white,ASA,1521,527,1441,586,854,989,518,595,156,307,40,96,20,14,19,63,43,28
white,ASA,1578,526,1420,581,846,987,520,594,157,313,39,96,20,14,19,64,42,28
white,ASA,1613,523,1393,582,831,975,505,595,156,320,39,96,20,14,19,63,41,28
white,ASA,1742,531,1343,597,811,872,479,597,154,344,39,79,20,14,19,63,40,28
white,ASA,1515,525,1444,587,856,978,529,597,157,302,39,99,20,14,19,63,43,28
white,ASA,1471,522,1443,579,853,1007,521,593,157,300,39,98,20,14,19,63,43,28
white,ASA,1553,519,1417,577,842,957,512,592,156,303,39,94,20,14,19,63,43,28
white,ASA,1543,528,1442,590,857,975,518,596,156,309,39,94,20,14,19,63,43,28
white,ASA,1521,525,1452,585,863,986,522,595,156,305,39,97,20,14,19,63,43,28
white,ASA,1501,525,1452,582,858,1001,520,593,156,302,39,97,20,14,19,63,43,28
white,ASA,1566,525,1421,585,846,966,517,597,156,314,39,94,20,14,19,64,42,28
white,ASA,1567,525,1421,586,845,965,516,596,156,313,39,94,20,14,19,63,42,28
white,ASA,1567,526,1421,586,845,965,516,596,156,313,39,94,20,14,19,63,42,28
white,ASA,1567,526,1422,587,845,965,516,596,156,313,39,94,20,14,19,63,42,28
white,ASA,1567,526,1421,587,844,965,516,596,156,313,39,94,20,14,19,63,42,28
white,ASA,1568,526,1421,587,844,965,516,596,156,313,39,94,20,14,19,63,42,28
white,ASA,1567,526,1421,587,844,965,516,596,156,313,39,94,20,14,19,63,43,28
white,ASA,1567,526,1421,587,844,965,516,596,156,313,39,94,20,14,19,63,43,28
white,ASA,1567,526,1421,587,844,965,516,596,156,313,39,94,20,14,19,63,42,28
white,ASA,1566,526,1421,586,845,966,517,597,156,310,39,94,20,14,19,63,42,28
white,ASA,1566,526,1422,587,845,966,516,596,156,310,39,94,20,14,19,63,42,28
white,ASA,1567,526,1422,587,844,965,516,596,156,310,39,94,20,14,19,63,43,28
white,ASA,1567,526,1422,587,844,965,516,596,156,310,39,94,20,14,19,63,43,28
white,ASA,1567,526,1422,587,844,965,516,596,156,310,39,94,20,14,19,63,43,28
white,ASA,1567,527,1421,587,844,964,516,596,156,310,39,94,20,14,19,63,43,28
white,ASA,1567,527,1422,587,844,965,516,596,156,310,39,94,20,14,19,63,43,28
white,ASA,1568,527,1422,587,844,965,516,596,156,310,39,94,20,14,19,63,43,28
white,ASA,1567,527,1422,587,844,965,516,596,156,310,39,94,20,14,19,63,43,28
white,ASA,1566,526,1426,586,848,965,514,597,156,309,39,93,20,14,19,63,42,28
white,ASA,1477,522,1454,579,859,1009,525,594,157,297,39,98,20,14,19,63,43,28
white,ASA,1520,527,1451,585,857,993,522,595,156,302,39,97,20,14,19,63,43,28
white,ASA,1580,529,1424,592,849,966,513,598,156,315,39,93,20,14,19,63,42,28
white,ASA,1600,530,1417,589,841,957,511,595,156,314,39,93,20,14,19,63,42,28
white,ASA,1468,522,1456,580,859,1009,525,593,157,297,39,98,20,14,19,63,44,28
white,ASA,1456,519,1451,577,856,1011,525,592,157,295,39,99,20,14,19,63,43,28
white,ASA,1518,526,1452,585,857,990,518,594,156,304,39,95,20,14,19,63,43,28
white,ASA,1592,529,1420,589,844,965,514,596,156,313,39,94,20,14,19,63,43,28
white,ASA,1545,526,1434,585,849,978,515,594,156,308,39,95,20,14,19,63,42,28
white,ASA,1547,526,1435,585,849,978,515,594,156,307,39,94,20,14,19,63,42,28
white,ASA,1547,527,1435,585,848,977,515,593,156,307,39,95,20,14,19,63,42,28
white,ASA,1546,526,1435,585,848,977,515,593,156,307,39,95,20,14,19,63,43,28
white,ASA,1547,527,1436,586,848,978,515,593,156,307,39,95,20,14,19,63,43,28
white,ASA,1546,527,1435,585,848,977,515,593,156,307,39,95,20,14,19,63,43,28
white,ASA,1546,527,1436,586,848,977,515,593,156,307,39,95,20,14,19,63,43,28
white,ASA,1547,527,1436,585,848,977,515,593,156,307,39,95,20,14,19,63,43,28
white,ASA,1546,527,1435,586,848,977,515,593,156,307,39,95,20,14,19,63,43,28
white,PET,1512,540,1485,603,885,1012,521,602,157,309,39,90,19,13,19,63,40,28
white,PET,1513,541,1485,603,884,1011,520,602,157,308,39,90,20,14,19,63,40,28
white,PET,1512,541,1485,604,884,1010,520,601,156,308,39,90,19,14,19,63,40,28
white,PET,1512,541,1486,604,883,1010,520,601,156,308,39,90,19,13,19,63,41,28
white,PET,1512,542,1485,604,883,1010,519,601,156,308,39,90,20,13,19,63,41,28
white,PET,1513,542,1485,604,883,1010,519,601,156,308,39,90,19,13,19,63,41,28
white,PET,1512,542,1486,604,883,1010,519,601,156,308,39,90,19,14,19,63,41,28
white,PET,1514,542,1486,604,883,1010,519,601,156,308,39,90,19,13,19,63,41,28
white,PET,1513,542,1485,604,883,1009,519,601,156,307,39,90,19,13,19,63,41,28
white,PET,1512,541,1481,604,884,1010,520,601,156,310,40,90,20,13,19,63,40,28
white,PET,1513,542,1482,604,883,1010,519,601,156,310,40,90,19,13,19,63,40,28
white,PET,1514,542,1482,605,883,1010,519,601,156,310,40,90,20,13,19,63,40,28
white,PET,1514,542,1482,605,883,1010,519,601,156,310,40,90,19,13,19,63,40,28
white,PET,1513,542,1482,605,883,1009,519,600,156,310,40,90,20,14,19,63,40,28
white,PET,1513,542,1482,605,883,1009,519,600,156,309,40,90,19,13,19,63,40,28
white,PET,1514,542,1482,605,883,1009,519,600,156,309,40,90,20,14,19,63,40,28
white,PET,1513,543,1482,605,883,1010,519,600,156,309,40,90,19,14,19,62,40,28
white,PET,1513,542,1482,605,883,1009,519,600,156,309,40,90,19,13,19,62,40,28
white,PET,1512,541,1498,605,885,998,518,602,156,308,39,89,19,13,19,63,39,28
white,PET,1540,539,1472,608,871,971,514,598,156,309,39,86,19,14,19,63,39,28
white,PET,1564,542,1473,606,871,980,511,599,156,313,39,87,19,13,19,63,39,28
white,PET,1510,540,1495,605,881,1015,511,594,156,306,39,87,19,13,19,63,40,28
white,PET,1509,540,1485,604,878,1004,516,595,156,302,39,90,20,13,19,63,40,28
white,PET,1406,524,1504,581,881,1008,521,589,157,283,39,92,20,14,19,63,40,27
white,PET,1497,533,1467,586,863,969,511,589,156,300,39,88,20,14,19,63,39,28
white,PET,1493,537,1488,599,878,1001,516,593,156,298,39,90,19,13,19,62,39,28
white,PET,1595,544,1455,616,863,952,497,598,155,322,39,83,19,14,19,62,39,28
white,PET,1570,534,1416,598,849,942,503,597,156,318,39,84,19,13,19,63,38,28
white,PET,1571,534,1416,599,848,941,502,596,155,317,39,84,19,13,19,62,38,28
white,PET,1570,535,1416,599,848,941,502,596,155,317,39,84,19,13,19,62,38,28
white,PET,1570,535,1416,600,847,940,502,596,156,317,39,84,20,13,19,62,38,28
white,PET,1571,535,1416,600,847,940,502,596,155,317,39,84,19,13,19,62,38,28
white,PET,1571,535,1416,600,847,940,502,596,155,317,39,84,19,13,19,62,38,28
white,PET,1571,535,1416,600,848,940,502,596,155,317,39,84,19,14,19,62,38,28
white,PET,1571,535,1417,600,847,940,502,596,155,317,39,84,19,13,19,62,38,28
white,PET,1571,535,1417,600,848,940,502,596,155,317,39,84,19,14,19,62,38,28
white,PET,1571,534,1415,599,848,941,502,596,155,317,39,84,19,13,19,63,38,28
white,PET,1571,535,1416,599,847,940,502,596,155,317,39,84,19,13,19,62,38,28
white,PET,1571,535,1416,600,848,940,502,596,155,317,39,84,19,13,19,62,38,28
white,PET,1572,535,1416,600,847,940,502,596,155,317,39,84,19,13,19,62,38,28
white,PET,1572,535,1416,600,847,940,501,596,155,317,39,84,19,13,19,62,38,28
white,PET,1573,535,1416,600,847,940,501,595,155,317,39,84,19,13,19,62,38,28
white,PET,1572,536,1416,600,847,940,502,595,155,317,39,84,19,13,19,62,39,28
white,PET,1572,536,1417,600,847,940,501,595,155,317,39,84,19,13,19,62,39,28
white,PET,1573,536,1416,600,847,940,501,595,155,317,39,84,19,13,19,62,39,28
white,PET,1571,534,1417,599,850,943,503,597,156,318,39,84,19,13,19,63,38,28
white,PET,1500,524,1417,589,848,959,509,593,156,307,39,87,20,13,19,62,39,28
white,PET,1567,539,1440,595,851,960,501,588,156,313,39,85,19,13,19,62,38,28
white,PET,1501,545,1511,602,890,986,507,594,157,309,39,89,20,14,19,62,40,28
white,PET,1317,544,1596,603,930,1121,544,599,158,274,39,97,20,14,19,63,43,28
white,PET,1245,532,1558,595,922,1120,552,599,159,256,39,101,20,14,19,63,44,27
white,PET,1467,530,1451,590,862,1021,539,605,157,295,39,98,20,13,19,62,40,28
white,PET,1523,537,1447,596,858,987,513,595,156,309,39,87,19,14,19,62,39,28
white,PET,1315,526,1507,600,897,1097,551,600,158,273,39,101,20,14,19,63,42,28
white,PET,1318,544,1584,605,940,1123,544,602,158,283,40,98,20,14,19,63,43,28
white,PET,1342,544,1573,607,933,1116,540,601,158,286,40,98,20,14,19,63,43,28
white,PET,1277,521,1508,581,898,1061,553,597,158,263,40,101,20,14,19,63,43,27
white,PET,1483,527,1430,577,846,968,519,588,156,301,40,88,19,13,19,62,39,27
white,PET,1227,524,1492,586,913,1095,562,602,159,258,40,103,20,14,19,63,44,27
white,PET,1238,525,1480,587,882,1092,560,600,159,269,40,103,20,14,19,63,42,27
white,PET,1352,521,1462,582,870,1066,548,597,157,273,40,103,20,14,19,63,42,27
white,PET,1448,523,1434,573,846,969,525,590,157,292,40,92,20,13,19,62,40,27
white,PET,1238,528,1540,591,918,1100,559,602,159,262,40,103,20,14,19,63,44,28
white,PET,1268,539,1594,603,943,1135,555,605,159,270,39,102,20,14,19,63,44,28
white,PET,1268,540,1594,604,942,1135,555,604,159,270,39,102,20,14,19,63,44,28
white,PET,1268,540,1594,604,942,1134,555,604,159,270,39,102,20,14,19,63,44,28
white,PET,1268,540,1594,604,942,1134,555,604,159,270,39,102,20,14,19,63,44,28
white,PET,1268,540,1594,604,941,1134,555,604,159,270,39,102,20,14,19,63,44,28
white,PET,1269,540,1594,604,942,1134,554,603,159,270,39,102,20,14,19,63,44,28
white,PET,1269,540,1594,604,941,1134,554,604,159,270,39,102,20,14,19,63,44,28
white,PET,1269,540,1594,604,941,1134,554,603,159,269,39,102,20,14,19,63,44,28
white,PET,1269,540,1593,604,941,1133,554,603,159,269,39,101,20,14,19,63,44,28
white,PET,1269,539,1594,603,943,1136,555,605,159,270,39,102,20,14,19,63,44,28
white,PET,1269,540,1594,603,942,1135,555,604,159,270,39,102,20,14,19,63,44,28
white,PET,1269,540,1594,604,942,1134,555,604,159,270,39,102,20,14,19,63,44,28
white,PET,1269,540,1594,604,941,1134,554,603,159,270,39,101,20,14,19,63,44,28
white,PET,1269,540,1594,604,941,1134,554,603,158,269,39,102,20,14,19,63,44,28
white,PET,1269,540,1594,604,941,1134,554,603,159,269,39,102,20,14,19,63,44,28
white,PET,1269,541,1594,604,941,1134,555,603,159,270,39,102,20,14,19,63,44,28
white,PET,1270,541,1594,605,941,1132,554,603,159,269,39,102,20,14,19,63,44,28
white,PET,1270,541,1594,605,941,1133,554,603,159,269,39,102,20,14,19,63,44,28
white,PET,1270,540,1594,603,943,1136,556,604,159,270,39,102,20,14,19,63,44,28
white,PET,1247,530,1552,596,923,1098,557,599,159,264,39,103,20,14,19,63,44,27
white,PET,1297,520,1488,579,886,1038,557,599,158,261,39,101,20,14,19,63,42,27
white,PET,1395,526,1479,578,871,1015,539,594,157,277,39,96,20,13,19,62,41,27
white,PET,1395,528,1481,579,871,1017,538,593,157,279,39,97,20,14,19,62,41,27
white,PET,1347,523,1459,584,915,1026,560,603,158,262,39,99,20,14,19,62,44,28
white,PET,1331,550,1612,610,949,1125,545,604,158,280,39,99,20,14,19,62,44,28
white,PET,1427,551,1567,611,921,1089,525,599,157,299,39,93,20,14,19,62,42,28
white,PET,1476,548,1549,605,908,1043,523,595,157,297,39,92,20,14,19,62,41,28
red,PLA,413,87,257,78,138,197,91,190,146,174,37,49,18,13,18,62,20,17
red,PLA,413,87,257,78,138,197,91,190,146,174,37,49,18,13,18,61,20,17
red,PLA,413,87,257,78,138,197,91,189,146,174,37,49,18,13,18,61,20,17
red,PLA,413,87,257,78,138,197,91,189,146,174,37,49,18,13,18,61,20,17
red,PLA,413,87,257,78,138,197,91,189,146,174,37,49,18,13,18,61,20,17
red,PLA,413,87,257,78,138,197,91,189,146,174,37,49,18,13,18,61,20,17
red,PLA,412,87,257,78,138,197,91,189,146,174,37,49,18,13,18,61,20,17
red,PLA,413,87,257,78,138,197,91,189,146,174,37,49,18,13,18,61,20,17
red,PLA,412,87,257,78,138,197,91,189,146,174,37,49,18,13,18,61,20,17
red,PLA,413,87,257,78,138,197,91,189,146,174,37,49,18,13,18,61,20,17
red,PLA,412,87,257,78,138,197,91,189,146,174,37,49,18,13,18,61,20,17
red,PLA,412,87,257,78,137,197,91,189,146,174,37,49,18,13,18,61,20,17
red,PLA,412,87,257,78,137,197,91,189,146,174,37,49,18,13,18,61,20,17
red,PLA,412,87,257,78,137,197,91,189,146,174,37,49,18,13,18,61,20,17
red,PLA,412,87,257,78,137,197,91,189,146,174,37,49,18,13,18,61,20,17
red,PLA,412,87,257,78,137,197,91,189,146,173,37,49,18,13,18,61,20,17
red,PLA,412,87,257,78,137,197,91,189,146,173,37,49,18,13,18,61,21,17
red,PLA,412,87,257,78,137,197,91,189,146,173,37,49,18,13,18,61,20,17
red,PLA,412,86,257,76,138,197,90,186,146,174,37,49,18,13,18,61,20,16
red,PLA,414,87,257,81,142,198,94,195,146,183,37,49,18,13,18,61,21,17
red,PLA,412,89,268,85,148,204,95,198,146,194,37,48,18,13,18,61,20,17
red,PLA,412,86,251,76,136,197,90,187,147,162,37,51,18,13,18,61,21,16
red,PLA,413,87,257,80,137,199,90,187,146,166,37,49,18,13,18,61,21,17
red,PLA,415,86,249,76,134,196,89,184,146,153,37,51,18,13,18,61,21,16
red,PLA,421,87,251,77,135,194,91,186,146,157,37,51,18,13,18,61,21,16
red,PLA,419,87,253,80,140,196,93,193,146,176,37,49,18,13,18,61,21,17
red,PLA,415,91,268,84,148,203,94,198,146,186,37,49,18,13,18,60,21,17
red,PLA,416,89,260,83,146,201,94,199,145,194,38,46,18,13,18,61,20,17
red,PLA,415,89,260,83,145,201,94,198,145,194,38,46,18,13,18,60,20,17
red,PLA,415,89,260,83,145,201,94,198,145,194,38,46,18,13,18,60,20,17
red,PLA,415,89,260,83,145,201,94,198,145,194,38,46,18,13,18,60,21,17
red,PLA,414,89,255,83,141,199,93,196,145,192,38,46,18,13,18,60,20,17
red,PLA,416,87,250,80,138,193,93,194,145,190,38,45,18,13,18,60,20,17
red,PLA,411,90,264,83,148,199,95,199,145,195,38,46,18,13,18,60,21,17
red,PLA,418,89,259,82,143,201,92,190,146,176,38,49,18,13,18,60,21,17
red,PLA,420,88,253,81,141,196,93,194,145,189,38,46,18,13,18,60,21,17
red,PLA,417,86,252,80,139,194,93,193,146,181,37,48,18,13,18,61,21,17
red,PLA,417,86,252,80,138,194,93,193,146,181,37,48,18,13,18,60,21,17
red,PLA,416,86,252,80,138,194,93,193,146,180,37,48,18,13,18,60,21,17
red,PLA,416,86,252,80,138,194,93,193,146,180,37,48,18,13,18,60,21,17
red,PLA,416,86,252,80,138,194,93,193,146,180,37,48,18,13,18,60,21,17
red,PLA,416,86,252,80,138,194,93,193,146,180,37,48,18,13,18,60,21,17
red,PLA,416,86,252,80,138,194,93,193,146,180,37,48,18,13,18,60,21,17
red,PLA,416,86,252,80,138,194,93,193,146,180,37,48,18,13,18,60,21,17
red,PLA,416,86,252,80,138,194,93,193,146,180,37,48,18,13,18,60,21,17
red,PLA,417,86,250,79,138,194,93,193,146,183,37,48,18,13,18,61,21,17
red,PLA,417,86,250,80,138,194,93,193,146,182,37,48,18,13,18,60,21,17
red,PLA,416,86,250,80,138,194,93,193,146,182,37,48,18,13,18,60,21,17
red,PLA,416,86,250,80,138,194,93,193,146,182,37,48,18,13,18,60,21,17
red,PLA,416,86,250,80,138,194,93,193,146,182,37,48,18,13,18,60,21,17
red,PLA,416,86,250,80,138,194,93,193,146,182,37,48,18,13,18,60,21,17
red,PLA,416,86,250,80,138,194,93,193,146,182,37,48,18,13,18,60,21,17
red,PLA,416,86,250,80,138,194,93,193,146,182,37,48,18,13,18,60,21,17
red,PLA,416,86,250,80,138,194,93,193,146,182,37,48,18,13,18,60,21,17
red,PLA,416,86,252,80,138,194,93,193,146,180,38,48,18,13,18,60,21,17
red,PLA,417,86,252,80,138,194,93,193,146,180,38,48,18,13,18,60,21,17
red,PLA,418,87,251,80,138,195,91,191,146,166,38,50,18,13,18,60,22,17
red,PLA,401,87,261,86,148,200,95,204,146,194,38,48,18,13,18,60,21,17
red,PLA,418,88,258,81,141,200,92,194,146,182,38,48,18,13,18,60,20,17
red,PLA,413,87,255,81,142,199,90,189,146,173,38,49,18,13,18,60,21,17
red,PLA,415,87,255,78,138,198,91,190,146,168,38,50,18,13,18,60,21,17
red,PLA,411,87,255,84,143,199,94,197,146,178,38,51,18,13,18,60,22,17
red,PLA,415,88,253,81,140,197,91,189,146,164,38,51,18,13,18,60,22,17
red,PLA,414,87,254,78,138,197,93,192,147,166,37,52,18,13,18,61,21,17
red,PLA,415,88,254,78,137,196,93,191,147,167,37,52,18,13,18,60,22,17
red,PLA,415,88,252,83,140,198,92,193,146,168,37,50,18,13,18,60,22,17
red,PLA,409,87,255,85,145,200,94,198,146,182,37,50,18,13,18,60,22,17
red,PLA,413,87,253,82,141,196,94,195,146,171,37,51,18,13,18,60,22,17
red,PLA,415,87,249,79,138,194,91,188,146,163,37,52,18,13,18,60,22,17
red,PLA,416,87,254,77,137,193,93,192,146,171,37,51,18,13,18,60,21,17
red,PLA,414,86,253,80,139,195,92,193,146,177,37,49,18,13,18,60,21,17
red,PLA,413,86,251,80,138,195,92,192,146,174,37,50,18,13,18,60,21,17
red,PLA,414,86,251,80,138,195,92,192,146,174,37,50,18,13,18,60,21,17
red,PLA,413,86,251,80,138,195,92,192,146,174,37,50,18,13,18,60,21,17
red,PLA,413,86,251,80,138,195,92,192,146,174,37,50,18,13,18,60,21,17
red,PLA,413,86,251,80,138,195,92,192,146,173,37,50,18,13,18,60,21,17
red,PLA,413,86,251,80,138,195,92,192,146,174,37,50,18,13,18,60,21,17
red,PLA,413,86,251,80,138,195,92,192,146,174,37,50,18,13,18,60,21,17
red,PLA,413,86,251,80,138,195,92,192,146,174,37,50,18,13,18,60,21,17
red,PLA,413,86,251,80,138,195,92,192,146,173,37,50,18,13,18,60,21,17
red,PLA,413,86,251,80,138,195,92,192,146,174,37,50,18,13,18,60,21,17
red,PLA,414,86,250,79,138,195,92,192,146,176,38,50,18,13,18,60,21,17
red,PLA,413,86,250,80,138,195,92,192,146,176,38,50,18,13,18,60,21,17
red,PLA,413,86,250,80,138,195,92,192,146,176,38,50,18,13,18,60,21,17
red,PLA,413,86,250,80,138,195,92,192,146,176,38,50,18,13,18,60,21,17
red,PLA,413,86,250,80,138,195,92,192,146,175,38,50,18,13,18,60,21,17
red,PLA,413,86,250,80,138,195,92,192,146,175,38,50,18,13,18,60,21,17
red,PLA,413,86,250,80,138,195,92,192,146,175,38,50,18,13,18,60,21,17
red,PLA,413,86,250,80,138,195,92,192,146,175,38,50,18,13,18,60,21,17
red,PLA,413,86,250,80,138,195,92,192,146,175,38,50,18,13,18,60,21,17
red,ASA,415,94,265,91,152,206,106,211,144,329,39,57,19,13,19,62,24,20
red,ASA,416,94,264,91,151,206,106,211,144,328,39,57,19,13,19,62,24,19
red,ASA,415,94,264,91,151,205,106,211,144,328,39,56,19,13,19,61,24,20
red,ASA,415,94,264,91,151,205,106,211,144,328,39,57,19,14,18,61,24,20
red,ASA,415,94,264,91,151,205,106,210,144,328,39,57,19,13,19,61,25,20
red,ASA,416,94,264,91,151,205,106,210,144,328,39,57,19,13,18,61,25,20
red,ASA,415,94,264,91,151,205,106,210,144,328,39,57,19,13,18,61,25,19
red,ASA,415,94,264,91,151,205,106,210,144,328,39,57,19,13,19,61,25,20
red,ASA,415,94,264,91,151,205,106,210,144,328,39,56,19,13,18,61,25,20
red,ASA,416,94,267,91,151,206,106,211,144,326,38,57,19,13,19,62,24,20
red,ASA,416,94,267,91,151,205,106,211,144,326,38,56,19,13,19,61,24,20
red,ASA,415,94,267,91,151,205,106,211,144,326,38,57,19,13,18,61,25,20
red,ASA,415,94,267,91,151,205,106,210,144,326,38,57,19,13,18,61,25,20
red,ASA,415,94,267,91,151,205,106,210,144,326,38,57,19,13,19,61,25,20
red,ASA,425,91,261,82,145,198,105,201,144,297,38,74,19,13,19,61,26,19
red,ASA,428,91,257,84,144,200,105,203,144,301,38,72,20,13,19,61,25,19
red,ASA,419,93,266,89,150,205,106,208,144,316,38,63,19,13,19,61,25,19
red,ASA,418,93,266,89,150,205,106,208,144,316,38,63,19,14,19,61,25,19
red,ASA,419,93,266,89,150,206,106,208,144,320,38,63,19,13,19,61,25,19
red,ASA,419,93,266,89,150,206,106,208,144,319,38,63,19,13,18,61,25,19
red,ASA,419,93,266,89,150,206,106,208,144,319,38,63,19,13,18,61,25,19
red,ASA,419,93,266,89,150,205,106,208,144,319,38,63,19,14,18,61,25,19
red,ASA,418,93,266,89,150,206,106,208,144,319,38,63,19,14,19,61,25,19
red,ASA,419,93,266,89,150,205,106,208,144,319,38,63,19,13,19,61,25,19
red,ASA,419,94,266,89,150,205,106,208,144,319,38,63,19,13,18,61,25,19
red,ASA,418,93,266,89,150,206,106,208,144,319,38,63,19,13,18,61,25,19
red,ASA,419,94,266,89,150,206,106,208,144,319,38,63,19,14,18,61,25,19
red,ASA,419,93,262,89,150,206,106,208,144,320,39,63,19,13,19,62,24,19
red,ASA,419,93,262,89,150,206,106,208,144,319,39,63,19,13,18,61,25,19
red,ASA,419,93,262,89,150,206,106,208,144,319,39,63,19,14,19,61,25,19
red,ASA,419,93,262,89,150,206,106,208,144,319,39,63,19,13,18,61,25,19
red,ASA,419,93,262,89,150,206,106,208,144,319,39,63,19,14,19,61,25,19
red,ASA,419,94,262,89,150,205,106,208,144,319,39,63,19,13,19,61,25,19
red,ASA,419,94,262,89,150,206,106,208,144,319,39,63,19,14,18,61,25,19
red,ASA,419,94,262,89,150,205,106,208,144,319,39,63,19,13,19,61,25,19
red,ASA,419,94,262,89,150,206,106,208,144,319,39,63,19,13,18,61,25,19
red,ASA,420,93,266,89,150,206,106,208,144,318,38,63,19,13,19,61,25,19
red,ASA,420,93,266,89,150,206,106,208,144,317,38,63,19,14,19,61,25,19
red,ASA,420,93,266,89,150,206,106,208,144,317,38,63,19,13,18,61,25,19
red,ASA,419,93,266,89,150,206,106,208,144,317,38,63,19,13,18,61,25,19
red,ASA,419,94,266,89,150,206,106,208,144,317,38,63,19,14,19,61,25,19
red,ASA,419,94,266,89,150,206,106,208,144,317,38,63,19,13,18,61,25,19
red,ASA,419,94,266,89,150,206,106,208,144,317,38,63,19,13,18,61,25,19
red,ASA,419,94,266,89,150,206,106,208,144,317,38,63,19,13,18,61,25,19
red,ASA,419,94,266,89,150,206,106,208,144,317,38,63,19,14,19,61,25,19
red,ASA,425,95,270,91,152,208,105,209,144,315,38,63,19,14,19,61,25,19
red,ASA,418,93,267,87,150,204,105,209,144,325,38,67,19,13,19,61,25,19
red,ASA,415,97,279,92,155,211,104,209,144,322,38,58,19,13,18,61,25,20
red,ASA,425,98,279,95,158,211,104,209,144,329,38,56,19,14,18,61,25,20
red,ASA,431,99,284,94,158,215,105,209,144,327,38,58,19,13,18,61,25,20
red,ASA,431,99,285,93,159,212,104,209,144,326,38,58,19,13,18,61,25,20
red,ASA,424,94,265,89,150,205,104,208,144,323,38,63,19,14,18,61,25,19
red,ASA,428,94,280,90,158,206,104,208,144,323,38,60,19,13,18,61,25,20
red,ASA,431,98,276,92,153,207,104,210,144,333,38,55,19,13,18,61,25,20
red,ASA,418,95,268,90,152,207,104,208,144,324,39,60,19,13,19,61,25,20
red,ASA,423,95,267,90,152,207,104,208,144,324,39,60,19,13,18,61,25,20
red,ASA,422,95,267,90,152,207,104,208,144,324,39,60,19,13,18,61,25,20
red,ASA,422,95,267,90,151,207,104,208,144,324,39,60,19,13,18,61,25,20
red,ASA,422,95,267,90,151,207,104,208,144,324,39,60,19,14,18,61,25,20
red,ASA,422,95,267,90,151,207,104,208,144,324,39,60,19,13,18,61,25,20
red,ASA,422,95,267,90,152,207,104,208,144,324,39,60,19,13,18,61,25,20
red,ASA,422,95,267,90,151,207,104,208,144,324,39,60,19,13,18,61,25,20
red,ASA,422,95,267,90,151,207,104,208,144,324,39,60,19,14,18,61,25,20
red,ASA,422,95,269,90,152,207,104,208,144,323,38,60,19,14,18,61,25,20
red,ASA,422,95,269,90,151,207,104,208,144,323,38,60,19,13,18,61,25,20
red,ASA,422,95,269,90,151,207,104,208,144,323,38,60,19,13,18,61,25,20
red,ASA,422,95,269,90,151,207,104,208,144,323,38,60,19,13,18,61,25,19
red,ASA,422,95,269,90,151,207,104,208,144,323,38,60,19,14,18,61,25,20
red,ASA,422,95,269,90,152,207,104,208,144,323,38,60,19,13,18,61,25,20
red,ASA,422,95,269,90,151,207,104,208,144,323,38,60,19,14,18,61,25,19
red,ASA,422,95,269,90,151,207,104,208,144,323,38,60,19,13,18,61,25,20
red,ASA,422,95,269,90,151,207,104,208,144,323,38,60,19,13,18,61,25,20
red,ASA,422,95,269,90,152,207,104,208,144,323,38,60,19,13,18,61,25,20
red,ASA,421,95,270,90,152,207,104,209,144,326,38,60,19,14,18,61,25,20
red,ASA,424,97,276,92,156,213,104,206,144,323,38,65,19,13,18,61,26,19
red,ASA,406,96,281,92,154,213,104,206,144,319,38,65,19,13,18,61,25,19
red,ASA,420,97,274,92,154,208,105,211,144,331,38,56,19,13,18,61,25,20
red,ASA,417,93,271,89,154,203,104,208,144,323,38,60,19,13,18,61,25,19
red,ASA,417,97,278,93,155,212,104,208,144,325,38,59,19,13,18,60,25,20
red,ASA,431,99,280,94,156,213,104,210,144,326,38,58,19,13,18,60,25,20
red,ASA,430,94,265,89,149,205,104,208,144,322,38,60,19,14,18,60,25,19
red,ASA,417,95,278,90,152,207,104,208,144,329,38,61,19,13,19,61,25,20
red,ASA,417,95,278,90,151,207,104,208,144,329,38,61,19,13,18,61,25,20
red,ASA,417,95,278,90,151,207,104,208,144,329,38,61,19,13,18,61,25,20
red,ASA,417,95,278,90,151,207,104,208,144,329,38,61,19,13,18,61,25,20
red,ASA,417,95,278,90,151,207,104,208,144,329,38,61,19,13,19,61,25,20
red,ASA,417,95,278,90,151,207,104,208,144,329,38,61,19,13,18,60,25,19
red,ASA,417,95,278,90,151,207,104,208,144,329,38,61,19,13,18,60,25,20
red,ASA,417,95,278,90,151,207,104,208,144,329,38,61,19,13,18,60,25,20
red,ASA,417,95,278,90,151,207,104,210,144,329,38,61,19,13,18,61,25,20
red,PET,401,87,260,83,144,207,100,186,146,245,38,63,19,13,19,62,22,18
red,PET,400,87,260,83,144,207,100,186,145,245,38,63,19,13,19,62,23,18
red,PET,400,87,260,83,144,206,100,186,145,245,38,63,19,13,19,62,23,18
red,PET,397,86,256,84,142,206,100,186,145,245,38,61,19,13,19,61,23,18
red,PET,410,83,234,76,130,184,99,185,145,241,38,63,19,13,19,61,23,18
red,PET,399,83,239,77,134,190,99,184,145,241,38,63,19,13,19,61,23,18
red,PET,399,83,240,77,134,190,99,184,145,241,38,63,19,13,19,61,23,18
red,PET,400,83,240,77,134,190,99,184,145,241,38,63,19,13,19,61,23,18
red,PET,400,83,240,77,134,190,99,184,145,241,38,63,19,13,18,61,23,18
red,PET,400,83,240,77,134,191,99,184,145,242,38,63,19,13,19,61,22,18
red,PET,400,83,240,77,134,191,99,184,145,242,38,63,19,13,19,61,23,18
red,PET,400,83,240,77,134,191,99,184,145,242,38,63,19,13,19,61,23,18
red,PET,400,83,240,77,134,191,99,184,145,242,38,63,19,13,18,61,23,18
red,PET,400,84,240,77,134,191,99,184,145,242,38,63,19,13,18,61,23,18
red,PET,401,83,240,77,134,191,99,184,145,242,38,63,19,13,19,61,23,18
red,PET,401,83,240,77,134,191,99,184,145,242,38,63,19,13,18,61,23,18
red,PET,401,83,240,77,134,191,99,184,145,242,38,63,19,13,19,61,23,18
red,PET,401,84,240,77,134,191,99,184,145,242,38,63,19,13,18,61,23,18
red,PET,402,83,240,77,134,191,99,184,145,242,38,63,19,13,19,61,22,18
red,PET,402,83,240,77,134,191,99,184,145,242,38,63,19,13,18,61,23,18
red,PET,401,84,240,77,134,190,99,184,145,242,38,63,19,13,19,61,23,18
red,PET,401,84,240,77,134,191,99,184,145,241,38,63,19,13,19,61,23,18
red,PET,401,84,240,77,134,191,99,184,145,241,38,63,19,13,18,61,23,18
red,PET,402,84,240,77,134,191,99,184,144,241,38,63,19,13,19,61,23,18
red,PET,401,84,240,77,134,191,99,184,145,242,38,63,19,13,19,61,23,18
red,PET,401,84,240,77,134,191,99,184,145,242,38,63,19,13,19,61,23,18
red,PET,401,84,240,77,134,191,99,184,145,241,38,63,19,13,18,61,23,18
red,PET,402,84,240,77,134,191,100,184,145,242,38,63,19,13,19,61,23,18
red,PET,402,84,240,77,134,191,100,184,145,242,38,63,19,13,19,61,23,18
red,PET,419,86,240,79,133,190,100,185,145,251,38,61,19,13,19,61,22,18
red,PET,406,86,257,85,145,209,102,197,144,274,38,51,19,13,18,61,22,19
red,PET,399,93,281,97,161,228,102,198,144,275,38,55,19,13,18,61,23,19
red,PET,404,100,292,103,164,241,102,194,144,265,38,53,19,13,18,60,23,19
red,PET,414,87,251,84,141,199,101,191,143,260,38,52,19,13,18,61,22,18
red,PET,350,85,269,85,152,200,101,192,144,266,38,50,19,13,18,60,22,18
red,PET,350,85,258,85,144,200,101,192,144,262,38,50,19,13,18,61,22,18
red,PET,351,85,258,85,144,200,101,192,144,261,38,50,19,13,18,61,22,18
red,PET,351,85,258,85,144,200,101,192,144,261,38,50,19,13,18,61,22,18
red,PET,351,85,258,85,144,200,101,192,144,261,38,50,19,13,18,61,22,18
red,PET,351,85,258,85,144,200,101,192,144,261,38,50,19,13,18,61,22,18
red,PET,351,85,258,85,144,200,101,192,144,261,38,50,19,13,18,60,22,18
red,PET,351,85,258,85,144,200,101,192,144,261,38,50,19,13,18,60,22,18
red,PET,351,85,258,85,144,200,101,192,144,261,38,50,19,13,18,61,22,18
red,PET,351,85,258,85,144,200,101,192,144,261,38,50,19,13,18,61,22,18
red,PET,351,85,258,85,144,200,101,192,144,261,38,50,19,13,18,60,22,18
red,PET,351,85,258,85,144,200,101,192,144,261,38,50,19,13,18,61,22,18
red,PET,351,85,258,85,144,200,101,192,144,261,38,50,19,13,18,61,22,18
red,PET,351,85,258,85,144,200,101,192,144,261,38,50,19,13,19,61,22,18
red,PET,351,85,258,85,143,199,101,192,144,261,38,50,19,13,18,61,22,18
red,PET,351,85,258,85,144,199,101,192,144,261,38,50,19,13,18,60,22,18
red,PET,351,85,258,85,143,200,101,191,144,261,38,50,19,13,18,60,22,18
red,PET,351,85,258,85,143,199,101,191,144,261,38,50,19,13,18,60,22,18
red,PET,351,85,258,85,143,199,101,191,144,261,38,50,19,13,18,60,22,18
red,PET,351,85,258,85,143,199,101,192,144,261,38,50,19,13,18,60,22,18
red,PET,352,85,258,85,144,200,102,192,144,261,38,50,19,13,18,61,22,18
red,PET,352,85,258,85,144,200,101,192,144,261,38,50,19,13,18,61,22,18
red,PET,352,85,258,85,144,200,101,191,144,261,38,50,19,13,18,61,22,18
red,PET,351,85,258,85,143,199,101,191,144,261,38,50,19,13,18,61,22,18
red,PET,351,85,258,85,144,199,101,191,144,261,38,50,19,13,18,60,22,18
red,PET,351,85,258,85,143,199,101,191,144,261,38,50,19,13,18,60,22,18
red,PET,351,85,258,85,143,199,101,191,144,261,38,50,19,13,18,61,22,18
red,PET,351,85,258,85,143,199,101,191,144,261,38,50,19,13,18,60,22,18
red,PET,424,97,282,86,159,212,101,193,143,255,38,54,19,13,18,60,23,19
red,PET,427,106,312,109,181,247,101,189,144,253,38,59,19,13,18,61,23,18
red,PET,427,106,312,109,181,247,101,188,144,253,38,59,19,13,18,61,23,18
red,PET,427,106,312,109,181,246,101,188,144,253,38,59,19,13,18,61,23,18
red,PET,427,106,312,109,181,246,101,188,144,253,38,59,19,13,18,61,23,19
red,PET,427,106,312,109,181,246,101,188,144,253,38,59,19,13,18,60,23,18
red,PET,427,106,312,109,181,246,101,188,144,252,38,59,19,13,18,60,23,18
red,PET,427,106,312,109,181,246,101,188,144,253,38,59,19,13,18,60,23,18
red,PET,427,106,312,109,181,246,101,188,144,253,38,59,19,13,18,61,23,18
red,PET,427,106,312,110,181,246,101,188,144,253,38,59,19,13,18,60,23,18
red,PET,427,106,313,109,181,247,101,188,144,251,38,59,19,13,18,61,23,18
red,PET,427,106,313,109,181,247,101,188,144,251,38,59,19,13,18,61,23,18
red,PET,427,106,313,110,181,247,101,188,144,251,38,59,19,13,18,60,23,18
red,PET,427,106,313,110,181,247,101,188,144,251,38,59,19,13,18,60,23,19
red,PET,427,106,313,110,181,247,101,188,144,250,38,59,19,13,18,60,23,19
red,PET,427,106,313,110,181,247,101,188,144,250,38,59,19,13,18,60,23,18
red,PET,427,106,313,110,181,247,101,188,144,251,38,59,19,13,18,60,23,18
red,PET,427,106,313,110,181,246,101,188,144,250,38,59,19,13,18,60,23,18
red,PET,427,106,313,110,181,247,101,188,144,250,38,59,19,13,18,60,23,18
red,PET,428,106,313,110,181,247,101,188,144,251,38,59,19,13,18,61,23,18
red,PET,428,106,313,110,181,247,101,188,144,251,38,59,19,13,18,60,23,19
red,PET,428,106,313,110,181,247,101,188,144,250,38,59,19,13,18,60,23,18
red,PET,428,107,313,110,181,247,101,188,144,250,38,59,19,13,18,60,23,18
red,PET,428,106,314,110,181,247,101,188,144,250,38,59,19,13,18,60,23,18
red,PET,428,106,314,110,181,247,101,188,144,250,38,59,19,13,18,60,23,18
red,PET,428,106,314,110,181,247,101,188,144,250,38,59,19,13,18,60,23,18
red,PET,428,107,314,110,181,247,101,188,144,250,38,59,19,13,18,60,23,19
red,PET,428,107,314,110,181,247,101,188,144,250,38,59,19,13,18,60,23,18
red,PET,355,86,263,88,148,205,102,192,144,261,38,51,19,13,18,61,22,18
red,PET,355,86,263,88,148,205,102,192,144,261,38,51,19,13,18,60,22,18
red,PET,355,86,263,88,147,205,102,192,144,261,38,51,19,13,18,60,22,18
red,PET,355,86,263,88,147,205,102,192,144,261,38,51,19,13,18,60,22,18
red,PET,355,86,263,88,147,205,101,192,144,261,38,51,19,13,18,60,22,18
red,PET,355,87,263,88,147,205,102,192,144,260,38,51,19,13,18,60,22,18
red,PET,355,86,263,88,147,205,102,192,144,260,38,51,19,13,18,60,22,18
red,PET,355,86,263,88,148,205,101,192,144,260,38,51,19,13,18,60,22,18
red,PET,355,86,263,88,148,205,102,192,144,261,38,51,19,13,18,60,22,18
black,PLA,400,79,243,73,130,190,77,90,135,58,34,23,17,12,17,59,11,14
black,PLA,400,79,243,73,130,190,77,90,135,58,34,23,17,12,17,59,11,14
black,PLA,399,79,243,73,130,190,77,90,135,58,34,23,17,12,17,59,11,14
black,PLA,398,79,244,73,130,190,77,90,135,58,35,23,17,12,17,59,11,14
black,PLA,397,81,252,76,136,196,79,93,135,58,34,23,17,12,17,59,11,14
black,PLA,397,82,251,77,136,197,78,90,134,58,34,23,17,12,17,59,11,14
black,PLA,397,82,251,77,136,197,78,90,135,58,34,23,17,12,17,59,11,14
black,PLA,397,82,251,77,136,197,78,90,135,58,34,23,17,12,17,59,11,14
black,PLA,397,82,251,77,136,197,78,90,135,58,34,23,17,12,17,59,11,14
black,PLA,15,12,58,77,30,197,78,91,135,11,6,23,58,77,35149,132,2,14
black,PLA,399,81,250,77,136,197,78,91,135,58,34,23,17,12,17,60,11,14
black,PLA,398,81,250,77,136,197,78,90,135,58,34,23,17,12,17,59,11,14
black,PLA,398,81,250,77,136,197,78,90,135,58,34,23,17,12,17,59,11,14
black,PLA,398,81,250,77,136,197,78,90,135,58,34,23,17,12,17,59,11,14
black,PLA,398,81,250,77,136,197,78,90,135,58,34,23,17,12,17,59,11,14
black,PLA,398,81,250,77,136,196,78,90,135,58,34,23,17,12,17,59,11,14
black,PLA,398,81,250,77,136,197,78,91,135,58,34,23,17,12,17,59,11,14
black,PLA,398,81,250,77,136,196,78,90,135,58,34,23,17,12,17,59,11,14
black,PLA,398,81,250,77,136,197,78,90,135,58,34,23,17,12,17,59,11,14
black,PLA,398,81,250,77,136,197,78,91,135,58,34,23,17,12,17,60,11,14
black,PLA,390,79,248,74,133,196,77,90,135,57,34,22,17,12,17,59,11,14
black,PLA,396,82,256,77,137,199,80,94,135,60,35,23,17,12,17,59,11,14
black,PLA,396,82,257,77,137,199,80,94,135,59,34,23,17,12,17,59,11,14
black,PLA,396,82,257,77,137,199,80,94,135,60,35,23,17,12,18,59,11,14
black,PLA,395,82,257,77,137,199,80,94,135,60,34,23,17,12,17,59,11,14
black,PLA,396,82,257,77,137,199,79,94,135,59,34,23,17,12,17,59,11,14
black,PLA,396,82,257,77,137,199,79,94,135,60,34,23,17,12,17,59,11,14
black,PLA,395,82,257,77,137,199,80,94,135,60,34,23,17,12,17,59,11,14
black,PLA,394,81,257,77,137,199,80,94,135,60,34,23,17,12,17,59,11,14
black,PLA,394,81,257,77,137,199,79,94,135,60,34,23,17,12,17,59,11,14
black,PLA,394,81,257,77,137,199,80,94,135,59,35,23,17,12,17,59,11,14
black,PLA,394,81,257,77,137,199,80,94,135,59,34,23,17,12,17,59,11,14
black,PLA,394,81,257,77,137,199,79,94,135,60,35,23,17,12,17,59,11,14
black,PLA,394,81,257,77,137,199,80,94,135,60,34,23,17,12,17,59,11,14
black,PLA,394,81,257,77,137,199,79,94,135,59,34,23,17,12,17,59,11,14
black,PLA,394,81,257,77,137,199,80,94,135,59,34,23,17,12,17,59,11,14
black,PLA,394,81,257,77,137,199,79,94,135,60,34,23,17,12,17,59,11,14
black,PLA,394,82,257,77,137,199,80,94,135,60,34,23,17,12,17,59,11,14
black,PLA,393,82,257,77,137,199,80,94,135,60,34,23,17,12,17,59,11,14
black,PLA,393,82,257,77,137,199,79,94,135,60,34,23,17,12,17,59,11,14
black,PLA,393,82,257,77,137,199,79,94,135,59,34,23,17,12,17,59,11,14
black,PLA,393,82,257,77,137,199,79,94,135,59,34,23,17,12,17,59,11,14
black,PLA,393,82,257,77,137,199,79,94,135,59,34,23,17,12,17,59,11,14
black,PLA,393,82,257,77,137,199,80,94,135,59,35,23,17,12,17,59,11,14
black,PLA,393,82,257,77,137,199,79,94,135,59,34,23,17,12,17,59,11,14
black,PLA,393,82,257,77,137,198,79,94,135,59,34,23,17,12,17,59,11,14
black,PLA,383,77,243,73,129,188,82,97,135,59,34,23,17,12,17,59,11,14
black,PLA,385,80,254,75,134,196,81,95,135,58,35,23,17,12,17,59,11,14
black,PLA,385,80,248,80,136,198,77,90,135,59,35,23,17,12,17,59,11,14
black,PLA,385,79,247,78,135,194,78,91,135,59,34,23,17,12,17,59,11,14
black,PLA,377,76,243,72,128,187,82,97,135,59,34,23,17,12,17,59,11,14
black,PLA,387,80,247,78,135,195,77,89,135,59,34,22,17,12,17,59,11,14
black,PLA,386,79,244,77,133,195,77,91,135,58,34,22,17,12,17,59,11,14
black,PLA,378,76,243,73,128,186,82,96,135,58,34,23,17,12,17,58,11,14
black,PLA,392,82,250,75,137,192,77,89,135,58,34,22,17,12,17,59,11,14
black,PLA,388,81,262,78,137,198,80,94,135,61,34,23,17,12,17,59,11,14
black,PLA,388,81,262,78,137,198,80,94,135,61,34,23,17,12,17,59,11,14
black,PLA,388,81,262,78,137,198,80,94,135,61,35,23,17,12,17,59,11,14
black,PLA,388,81,262,78,137,198,80,94,135,61,34,23,17,12,17,59,11,14
black,PLA,388,81,262,78,137,198,80,94,135,61,34,23,17,12,17,59,11,14
black,PLA,388,81,262,78,137,198,80,94,135,61,34,23,17,12,17,59,11,14
black,PLA,388,81,262,78,137,198,80,94,135,61,34,23,17,12,17,58,11,14
black,PLA,388,81,262,78,137,198,80,94,135,61,34,23,17,12,17,58,11,14
black,PLA,387,81,262,78,137,198,80,94,135,61,34,23,17,12,17,58,11,14
