blue,PET,1159,481,1334,593,637,452,154,141,146,83,41,38,21,14,29,81,33,23
blue,PET,1181,471,1303,577,622,440,155,142,147,84,41,38,21,14,29,82,34,24
blue,PET,1191,485,1307,595,625,426,154,143,147,85,41,38,21,14,29,82,33,23
blue,PET,1235,493,1312,612,639,444,154,144,146,86,41,37,21,14,29,82,33,24
blue,PET,1226,484,1297,608,635,437,153,144,146,87,41,37,21,14,29,82,33,24
blue,PET,1241,485,1307,616,633,421,153,146,146,88,41,37,21,14,29,82,34,24
blue,PET,1259,494,1289,615,631,430,153,146,146,90,41,37,21,14,29,82,33,24
blue,PET,1214,475,1240,608,617,418,153,147,146,91,41,37,21,14,29,82,33,24
blue,PET,1182,454,1226,574,586,375,153,145,146,87,41,37,21,14,29,82,33,24
blue,PET,1159,537,1490,616,684,479,153,143,145,86,41,37,21,14,29,82,32,23
blue,PET,1190,469,1392,569,615,433,153,141,145,85,41,38,21,14,29,82,33,23
blue,PET,1302,461,1273,559,596,414,153,140,145,84,41,38,21,14,29,82,33,23
blue,PET,1180,482,1401,563,644,484,154,139,145,84,41,39,21,14,29,82,33,23
blue,PET,1110,474,1369,556,643,470,153,138,144,83,41,39,21,14,29,82,34,23
blue,PET,1229,466,1321,550,614,444,154,138,144,82,41,39,21,14,29,82,34,23
blue,PET,1249,464,1291,560,613,421,154,139,145,83,41,39,21,14,29,82,34,23
blue,PET,1239,464,1254,570,596,396,154,141,145,84,41,38,21,14,29,82,34,23
blue,PET,1253,454,1230,557,583,392,154,142,146,85,41,38,21,14,29,82,33,23
blue,PET,1281,469,1256,580,597,398,153,144,145,87,41,37,21,14,29,82,32,23
blue,PET,1278,478,1276,591,628,433,153,146,145,91,41,37,21,14,29,82,32,24
blue,PET,1327,470,1235,576,596,407,152,145,145,90,41,37,21,14,29,82,32,24
blue,PET,1284,487,1321,609,638,443,152,144,145,89,41,37,21,14,29,82,32,24
blue,PET,1269,484,1290,606,621,422,153,144,145,88,41,37,21,14,29,82,33,24
blue,PET,1180,479,1307,595,621,427,152,142,144,84,41,37,21,14,29,82,33,23
blue,PET,1200,476,1319,593,624,437,153,141,144,83,41,38,21,14,29,82,33,23
blue,PET,1170,477,1328,588,624,439,153,140,144,83,41,38,21,14,29,82,34,23
blue,PET,1173,473,1300,576,615,425,153,142,144,83,41,38,21,14,29,82,34,23
blue,PET,1274,494,1335,607,647,459,153,142,144,86,41,38,21,14,29,82,33,23
blue,PET,1228,483,1289,588,607,430,151,143,143,85,41,37,21,14,29,82,33,23
blue,PET,1225,474,1235,589,601,410,151,144,143,87,41,37,21,14,29,82,32,23
blue,PET,1220,473,1215,599,594,387,150,146,143,89,41,36,21,14,29,82,32,24
blue,PET,1180,477,1229,596,585,385,150,145,144,87,41,36,21,14,29,82,32,23
blue,PET,1218,487,1302,610,629,428,151,144,143,88,41,37,21,14,29,82,34,24
blue,PET,1171,484,1334,592,632,444,152,142,144,85,41,38,21,14,29,82,33,23
blue,PET,1181,479,1319,588,629,441,153,141,143,84,41,38,21,14,29,83,34,23
blue,PET,1227,467,1288,569,602,409,153,140,143,83,41,38,21,14,29,83,33,23
blue,PET,1161,462,1274,562,600,409,152,140,143,83,41,38,21,14,29,82,33,23
blue,PET,1140,463,1275,564,595,405,153,140,143,83,41,38,21,14,29,82,33,23
blue,PET,1118,466,1272,573,604,410,154,141,144,83,41,38,21,14,29,82,33,23
blue,PET,1150,471,1264,581,602,406,153,141,144,84,41,38,21,14,29,82,33,23
blue,PET,1213,472,1245,587,600,400,151,143,143,86,41,37,21,14,29,82,33,23
blue,PET,1184,462,1204,577,577,372,150,144,143,87,41,36,21,14,29,83,32,23
blue,PET,1201,538,1440,643,671,474,150,143,143,87,41,37,21,14,29,82,32,23
blue,PET,1129,527,1417,641,700,515,152,142,143,85,41,38,21,14,29,83,33,23
blue,PET,1109,502,1520,611,688,528,152,139,143,82,41,38,21,14,29,83,33,23
blue,PET,1119,505,1443,614,691,522,153,140,143,82,41,39,21,14,29,83,35,23
blue,PET,1152,535,1480,623,691,516,153,140,143,83,41,39,21,14,29,83,34,23
blue,PET,1233,525,1355,633,674,476,152,143,144,86,41,37,21,14,29,82,32,23
blue,PET,1258,501,1309,636,657,452,150,145,143,89,41,37,21,14,29,83,32,24
blue,PET,1186,494,1363,619,653,467,151,145,143,88,41,37,21,14,29,82,34,24
blue,PET,1151,511,1406,624,666,492,154,142,144,85,41,38,21,14,29,83,35,23
blue,PET,1108,460,1321,560,616,425,154,138,144,81,41,39,21,14,29,83,35,23
blue,PET,1113,459,1295,562,611,422,154,139,144,83,41,39,21,14,29,83,34,23
blue,PET,1152,461,1252,565,596,411,153,141,145,84,41,38,21,14,29,83,33,23
blue,PET,1198,480,1227,617,625,401,153,144,144,87,41,38,21,14,29,83,34,24
blue,PET,1301,549,1508,660,712,525,152,145,144,88,41,37,21,14,29,82,34,24
blue,PET,1194,493,1308,624,641,432,152,144,144,88,41,38,21,14,29,82,36,24
blue,PET,1196,548,1474,661,731,544,152,143,142,87,41,38,21,14,29,83,35,24
blue,PET,1167,515,1451,635,706,537,152,141,142,85,41,38,21,14,29,83,35,23
blue,PET,1222,513,1475,647,704,571,152,142,142,85,41,38,21,14,29,83,35,24
blue,PET,1184,505,1400,620,671,498,152,142,143,85,41,38,21,14,29,83,34,23
blue,PET,1180,519,1406,633,684,510,151,141,143,85,41,38,21,14,29,83,34,24
blue,PET,1162,501,1371,631,673,490,152,143,142,86,41,38,21,14,29,83,34,24
blue,PET,1161,514,1373,637,672,499,150,141,141,85,41,37,21,14,29,83,34,23
blue,PET,1147,524,1394,636,682,497,151,141,142,84,41,38,21,14,29,83,35,23
blue,PET,1147,466,1303,564,616,399,150,139,142,83,41,38,21,14,29,83,33,23
blue,PET,1129,463,1290,563,613,412,150,139,142,83,41,38,21,14,29,83,34,23
blue,PET,1189,513,1360,628,641,494,151,139,142,82,41,37,21,14,29,83,34,23
blue,PET,1203,497,1335,601,647,471,150,140,141,84,41,38,21,14,29,83,33,23
blue,PET,1246,469,1256,591,605,423,149,139,141,83,41,37,21,14,29,83,33,23
blue,PET,1195,481,1244,597,593,382,148,140,140,85,41,36,21,14,29,83,32,23
blue,PET,1227,497,1287,614,618,400,148,141,141,85,41,36,21,14,29,83,32,23
blue,PET,1221,490,1293,612,618,406,147,139,139,86,41,36,21,14,29,83,32,23
blue,PET,1197,478,1327,586,621,423,147,136,139,82,41,37,21,14,29,83,33,23
blue,PET,1114,471,1307,574,610,417,148,135,139,81,41,37,21,14,29,83,33,23
blue,PET,1170,486,1289,592,618,420,148,135,139,80,41,37,21,14,29,83,33,23
blue,PET,1162,475,1304,588,611,412,152,142,144,84,41,37,21,14,29,82,33,23
blue,PET,1174,515,1417,626,672,482,152,142,144,85,41,37,21,14,29,82,34,23
blue,PET,1251,480,1355,585,633,448,153,140,145,86,41,38,21,14,29,82,34,23
blue,PET,1217,467,1311,576,624,450,153,139,144,82,41,38,21,14,29,82,35,23
blue,PET,1240,474,1273,589,610,411,153,140,145,85,41,38,21,14,29,82,34,24
blue,PET,1271,459,1196,581,572,357,155,146,148,89,40,37,21,14,29,80,33,24
blue,PET,1319,456,1210,572,577,360,154,146,147,90,41,37,21,14,29,80,33,24
blue,PET,1305,471,1205,591,587,378,153,146,147,89,40,37,21,14,29,81,32,24
blue,PET,1311,488,1261,626,639,406,153,146,145,90,41,37,21,14,29,81,33,24
blue,PET,1354,505,1289,643,663,455,153,146,147,90,40,37,21,14,29,81,32,24
blue,PET,1259,487,1291,597,604,435,154,142,147,86,41,38,21,14,29,81,33,23
blue,PET,1108,472,1329,570,628,435,154,140,147,84,40,38,21,14,29,81,35,23
blue,PET,1079,467,1344,568,623,429,154,137,148,79,41,38,21,14,29,81,35,23
blue,PET,1116,473,1330,586,630,416,154,138,147,81,41,38,21,14,29,81,35,23
blue,PET,1134,467,1237,586,610,400,156,141,147,83,41,38,21,14,29,81,34,23
blue,PET,1230,481,1261,604,614,401,155,146,147,88,41,38,21,14,29,81,33,24
blue,PET,1433,473,1193,610,592,386,150,148,147,92,41,36,21,14,29,80,32,24
blue,PET,1414,479,1213,598,591,384,148,148,147,91,40,35,21,14,29,80,32,24
blue,PET,1407,484,1250,614,606,401,149,147,146,92,40,36,21,14,29,80,33,24
blue,PET,1398,502,1357,633,655,436,153,145,146,88,41,37,21,14,29,80,34,24
blue,PET,1349,512,1389,641,665,460,155,146,147,91,40,37,21,14,29,80,35,24
blue,PET,1339,496,1301,626,637,428,155,146,147,90,40,37,21,14,29,80,34,24
blue,PET,1237,473,1280,602,616,402,154,147,147,91,40,37,21,14,29,80,33,24
blue,PET,1140,499,1389,613,663,466,155,144,146,87,40,37,21,14,29,81,33,23
blue,PET,1110,461,1314,564,619,439,155,142,148,84,41,38,21,14,29,80,34,23
blue,PET,1141,478,1327,585,642,456,155,140,146,83,40,38,21,14,29,80,34,23
blue,PET,1176,529,1435,661,712,526,155,141,147,82,41,38,21,14,29,80,33,23
blue,PET,1317,489,1304,629,628,470,154,147,148,87,41,37,21,14,29,80,33,24
blue,PET,1308,464,1164,601,569,334,150,148,147,90,41,36,21,14,29,80,33,24
blue,PET,1278,454,1139,589,558,334,148,149,146,92,40,35,21,14,29,80,31,24
blue,PET,1253,471,1203,615,596,374,149,148,146,92,40,35,21,14,29,81,32,24
blue,PET,1242,498,1309,625,649,446,153,148,146,89,40,37,21,14,29,80,33,24
blue,PET,1230,493,1348,617,651,460,154,145,147,85,41,37,21,14,29,81,34,23
blue,PET,1150,480,1332,602,649,462,155,143,147,85,40,39,21,14,29,81,34,23
blue,PET,1184,492,1377,599,659,479,155,142,145,85,40,38,21,14,29,81,34,23
blue,PET,1192,487,1337,601,652,474,154,143,147,84,41,38,21,14,29,81,34,23
blue,PET,1364,484,1306,595,627,436,155,144,147,87,41,38,21,14,29,81,34,24
blue,PET,1330,484,1252,593,617,419,154,144,147,88,40,38,21,14,29,81,33,24
blue,PET,1299,502,1327,628,647,441,154,146,147,89,40,37,21,14,29,80,35,24
blue,PET,1352,487,1223,627,613,403,154,148,147,91,40,37,21,14,29,80,33,24
blue,PET,1288,479,1290,610,622,430,154,147,147,92,40,37,21,14,29,81,33,24
blue,PET,1362,487,1275,602,621,415,153,148,146,90,41,36,21,14,29,81,33,24
blue,PET,1304,491,1263,613,615,438,152,147,146,92,40,37,21,14,29,81,32,24
blue,PET,1262,502,1368,605,649,463,153,143,147,87,40,37,21,14,29,81,33,24
blue,PET,1256,514,1396,626,680,487,153,142,145,86,41,38,21,14,29,81,34,23
blue,PET,1335,514,1369,633,673,476,154,144,146,88,41,38,21,14,29,81,35,24
blue,PET,1264,502,1375,657,671,453,154,146,146,89,41,37,21,14,29,81,34,24
blue,PET,1293,506,1325,637,647,450,152,148,146,92,41,36,21,14,29,81,32,24
blue,PET,1182,480,1310,590,629,437,152,144,146,87,41,37,21,14,29,81,33,23
blue,PET,1328,497,1355,581,645,466,153,141,144,84,41,38,21,14,29,81,34,23
blue,PET,1336,499,1353,613,643,438,154,142,146,83,41,38,21,14,29,81,34,23
blue,PET,1265,502,1296,638,651,458,153,144,143,90,41,37,21,14,29,82,34,24
blue,PET,1334,502,1307,620,643,433,153,150,146,93,41,36,21,14,29,81,33,24
blue,PET,1246,464,1234,595,604,392,151,148,146,89,41,36,21,14,29,81,32,24
blue,PET,1256,495,1285,615,618,448,151,144,144,87,41,37,21,14,29,81,33,24
blue,PET,1182,490,1301,608,637,448,152,143,144,87,41,37,21,14,29,81,33,23
blue,PET,1185,485,1309,610,630,432,154,145,146,87,41,37,21,14,29,81,34,24
blue,PET,1156,484,1291,597,638,438,153,144,145,86,41,37,21,14,29,81,33,24
blue,PET,1169,481,1301,596,621,426,153,146,146,85,41,37,21,14,29,81,33,24
blue,PET,1211,489,1301,610,624,435,152,144,146,86,41,37,21,14,29,81,33,23
blue,PET,1192,491,1302,607,624,423,151,142,143,85,41,37,21,14,29,82,33,23
blue,PET,1201,490,1287,612,622,419,152,145,145,88,41,37,21,14,29,81,33,23
blue,PET,1186,493,1313,605,639,436,151,144,145,87,41,37,21,14,29,81,33,23
blue,PET,1204,492,1304,601,646,441,152,144,145,87,41,37,21,14,29,81,33,23
blue,PET,1294,494,1303,602,628,448,151,144,144,87,41,37,21,14,29,81,33,24
blue,PET,1282,495,1325,623,650,455,152,143,145,87,41,37,21,14,29,81,33,24
blue,PET,1202,486,1341,598,626,431,153,144,145,87,41,38,21,14,29,81,34,24
blue,PET,1236,479,1301,601,627,424,152,143,145,85,41,37,21,14,29,81,34,23
blue,PET,1303,495,1280,618,627,411,152,145,145,86,41,37,21,14,29,81,33,24
blue,PET,1270,485,1276,610,615,392,152,146,145,89,41,36,21,14,29,81,33,24
blue,PET,1273,485,1248,606,606,386,151,146,144,89,41,36,21,14,29,81,33,23
blue,PET,1258,464,1230,575,587,390,152,145,145,89,41,37,21,14,29,81,34,24
blue,PET,1153,462,1272,560,604,416,152,142,145,86,41,37,21,14,29,81,33,23
blue,PET,1152,469,1303,553,617,416,153,141,145,83,41,38,21,14,29,81,33,23
blue,PET,1285,499,1365,604,650,457,153,143,145,84,41,38,21,14,29,81,33,23
blue,PET,1234,495,1338,627,654,452,152,145,145,86,41,37,21,14,29,81,33,23
blue,PET,1282,494,1325,601,625,452,151,144,145,85,41,37,21,14,29,81,32,24
blue,PET,1255,525,1404,628,671,512,151,141,143,84,41,37,21,14,29,82,33,23
blue,PET,1268,518,1385,632,663,492,153,142,144,84,41,38,21,14,29,81,33,23
blue,PET,1234,515,1387,648,674,487,153,144,145,85,41,37,21,14,29,81,33,24
blue,PET,1259,520,1365,667,691,477,151,146,145,89,41,36,21,14,29,81,33,24
blue,PET,1222,476,1225,602,608,398,151,147,142,90,41,37,21,14,29,82,34,24
blue,PET,1306,486,1275,592,622,430,153,144,142,87,41,37,21,14,29,82,34,23
blue,PET,1223,488,1331,591,629,435,153,142,145,85,41,37,21,14,29,81,34,23
blue,PET,1218,484,1274,603,628,423,153,143,142,86,41,38,21,14,29,81,34,23
blue,PET,1181,497,1288,625,652,465,153,145,143,88,41,37,21,14,29,82,33,23
blue,PET,1277,493,1347,597,638,461,152,143,142,87,41,37,21,14,29,83,33,23
blue,PET,1207,478,1305,584,618,428,153,141,145,84,41,38,21,14,29,81,34,23
blue,PET,1259,500,1322,627,647,446,153,141,146,82,41,38,21,14,29,81,34,23
blue,PET,1248,499,1320,631,644,415,153,147,145,86,41,37,21,14,29,81,34,24
blue,PET,1334,509,1339,637,649,456,151,148,144,95,41,36,21,14,29,82,33,24
blue,PET,1239,485,1325,587,631,449,152,143,144,86,41,37,21,14,29,81,33,23
blue,PET,1275,501,1412,614,665,476,154,142,145,84,41,38,21,14,29,81,35,24
blue,PET,1270,502,1353,627,650,437,152,143,145,84,41,37,21,14,29,82,34,24
blue,PET,1260,504,1355,621,654,455,151,144,143,87,41,37,21,14,29,82,34,24
blue,PET,1290,493,1272,598,621,392,151,146,145,89,40,36,21,14,28,81,33,23
blue,PET,1296,522,1338,640,653,458,152,145,145,89,40,37,21,14,29,81,34,24
blue,PET,1279,488,1250,619,615,396,152,146,145,88,41,37,21,14,29,81,33,24
blue,PET,1345,499,1198,634,601,370,150,148,145,91,40,36,21,14,28,81,32,24
blue,PET,1414,486,1123,619,563,328,146,148,144,93,40,35,21,14,28,81,31,24
blue,PET,1384,507,1280,629,620,389,147,147,144,92,41,35,21,14,29,81,32,24
blue,PET,1301,496,1273,619,625,407,149,147,144,91,41,36,21,14,28,81,33,24
blue,PET,1282,499,1340,617,669,455,154,146,144,88,41,37,21,14,29,81,34,23
blue,PET,1268,515,1413,629,679,485,154,144,145,87,41,38,21,14,29,81,35,24
blue,PET,1278,487,1275,598,619,420,153,144,145,87,41,37,21,14,29,81,34,24
blue,PET,1276,486,1273,599,615,419,153,144,145,87,41,37,21,14,29,81,34,23
blue,PET,1265,481,1253,593,605,399,153,148,145,89,41,37,21,14,29,82,33,24
blue,PET,1297,485,1245,607,607,396,153,147,145,90,41,37,21,14,29,81,33,24
blue,PET,1306,529,1309,655,646,415,150,147,143,91,41,36,21,14,29,82,34,24
blue,PET,1278,485,1260,624,634,382,150,148,144,91,41,36,21,14,29,82,33,24
blue,PET,1271,505,1293,631,632,424,152,147,144,89,41,36,21,14,29,82,33,24
blue,PET,1237,480,1281,590,608,407,153,147,144,88,41,37,21,14,29,82,33,23
blue,PET,1222,490,1325,584,624,424,152,144,144,87,41,37,21,14,29,82,33,23
blue,PET,1232,490,1324,605,636,450,153,143,144,86,41,38,21,14,29,82,34,23
blue,PET,1167,492,1374,619,660,452,154,142,144,85,41,38,21,14,29,83,34,23
blue,PET,1101,467,1328,602,631,465,156,143,145,85,41,39,21,14,29,82,34,23
blue,PET,1091,469,1344,564,628,462,155,141,145,83,41,39,21,14,29,82,34,23
blue,PET,1213,498,1378,609,659,470,153,141,143,84,41,38,21,14,29,83,34,23
blue,PET,1291,515,1332,634,661,448,151,141,143,84,41,38,21,14,29,83,34,23
blue,PET,1353,496,1249,618,610,371,151,144,143,87,41,37,21,14,29,83,33,24
blue,PET,1361,496,1213,634,604,352,147,147,144,92,41,36,21,14,29,82,33,24
blue,PET,1357,523,1324,669,655,409,145,148,143,93,42,35,21,14,29,83,33,24
blue,PET,1313,524,1354,664,659,445,149,146,143,91,41,36,21,14,29,83,34,24
blue,PET,1269,511,1362,613,652,423,151,143,143,87,41,37,21,14,29,83,34,24
blue,PET,1241,513,1390,646,650,495,152,140,143,83,41,38,21,14,29,83,34,23
blue,PET,1305,534,1436,636,679,481,151,141,143,84,41,38,21,14,29,83,34,23
blue,PET,1351,579,1489,701,752,514,151,144,143,87,41,37,21,14,29,83,35,24
blue,PET,1373,561,1472,704,733,488,151,146,143,89,41,37,21,14,29,83,35,24
blue,PET,1353,544,1431,699,709,506,150,146,143,90,41,37,21,14,29,83,36,24
blue,PET,1278,499,1336,619,638,421,150,146,144,90,41,36,21,14,29,83,34,24
blue,PET,1228,495,1320,588,615,436,152,142,144,86,41,38,21,14,29,83,34,24
blue,PET,1310,502,1348,590,629,434,151,140,143,83,41,38,21,14,29,83,35,23
blue,PET,1354,510,1305,611,622,410,150,140,143,84,41,37,21,14,29,83,35,23
blue,PET,1394,495,1255,621,605,387,150,143,143,87,41,37,21,14,29,83,34,24
blue,PET,1394,523,1335,659,647,411,149,147,144,92,41,36,21,14,29,83,33,24
blue,PET,1368,515,1325,644,637,389,151,150,144,93,41,36,21,14,29,83,33,24
blue,PET,1287,519,1398,628,659,459,150,142,142,86,41,37,21,14,29,83,35,24
blue,PET,1294,536,1422,654,690,496,152,143,142,87,41,38,21,14,29,83,35,24
blue,PET,1403,533,1387,631,672,448,151,143,142,87,41,38,21,14,29,83,34,24
blue,PET,1370,513,1331,624,639,427,151,145,143,89,41,37,21,14,29,82,34,24
blue,PET,1338,504,1328,626,644,407,146,144,142,89,41,35,21,14,29,82,33,23
blue,PET,1373,492,1217,614,589,357,145,145,142,90,41,35,21,14,29,82,32,23
blue,PET,1369,501,1257,646,608,381,146,146,142,91,41,35,21,14,29,82,33,24
blue,PET,1267,503,1395,611,656,450,150,144,142,88,41,37,21,14,29,82,34,23
blue,PET,1312,526,1415,624,671,476,152,143,143,87,41,38,21,14,29,82,35,23
blue,PET,1353,505,1314,619,632,425,151,141,142,85,41,37,21,14,29,82,34,23
blue,PET,1305,500,1311,615,623,420,148,141,142,85,41,36,21,14,29,82,33,24
blue,PET,1290,496,1287,612,622,404,147,143,142,88,41,36,21,14,29,82,33,23
blue,PET,1284,497,1298,613,614,418,151,146,142,89,41,36,21,14,29,82,33,24
blue,PET,1284,497,1277,609,614,402,147,141,141,86,41,36,21,14,29,83,33,23
blue,PET,1237,497,1307,625,644,438,151,143,143,87,41,37,21,14,29,83,33,23
blue,PET,1215,487,1271,610,622,416,150,143,143,87,41,37,21,14,29,83,33,23
blue,PET,1220,488,1292,605,624,424,150,142,143,85,41,37,21,14,29,83,34,23
blue,PET,1238,476,1291,600,622,403,150,142,143,85,41,37,21,14,29,83,34,23
blue,PET,1255,503,1371,627,659,465,149,142,142,86,41,37,21,14,29,83,33,23
blue,PET,1265,543,1452,648,695,502,150,142,142,86,41,37,21,14,29,83,33,23
blue,PET,1330,496,1371,595,641,454,151,140,142,84,41,38,21,14,29,82,34,23
blue,PET,1379,533,1418,610,687,497,151,139,143,84,41,38,21,14,29,82,34,23
blue,PET,1372,508,1345,637,643,430,151,143,144,89,41,37,21,14,29,82,33,24
blue,PET,1419,493,1275,626,624,413,148,145,143,91,41,36,21,14,29,82,32,24
blue,PET,1428,496,1300,619,634,428,148,143,143,89,41,36,21,14,29,82,33,24
blue,PET,1331,500,1317,624,635,422,149,142,142,86,41,36,21,14,29,83,34,24
blue,PET,1343,492,1298,606,626,396,150,143,143,87,41,37,21,14,29,82,33,23
blue,PET,1275,477,1259,587,601,386,151,144,144,87,41,37,21,14,29,82,33,24
blue,PET,1253,471,1258,583,592,392,151,143,144,87,41,37,21,14,29,82,33,23
blue,PET,1280,477,1269,584,600,399,152,142,144,86,41,37,21,14,29,82,33,23
blue,PET,1254,465,1256,585,599,399,151,142,144,86,41,37,21,14,29,82,33,23
blue,PET,1282,470,1202,585,583,373,151,143,144,87,41,37,21,14,29,82,32,23
blue,PET,1321,492,1269,609,609,397,146,141,141,86,41,36,21,14,29,83,33,23
blue,PET,1376,475,1242,574,584,372,147,142,141,86,41,36,21,14,29,83,33,23
blue,PET,1330,481,1293,586,601,397,147,139,141,84,41,36,21,14,29,83,32,23
blue,PET,1281,493,1293,600,619,401,149,140,141,84,41,37,21,14,29,83,33,23
blue,PET,1235,475,1261,589,604,406,150,140,142,84,41,37,21,14,29,83,33,23
blue,PET,1305,472,1258,578,589,398,150,141,142,86,41,37,21,14,29,83,33,23
blue,PET,1258,478,1260,586,595,391,153,145,142,88,41,38,21,14,29,83,33,23
blue,PET,1314,479,1261,586,596,392,150,142,142,85,41,37,21,14,29,83,33,23
blue,PET,1310,481,1255,596,601,391,149,141,142,86,41,37,21,14,29,83,33,23
blue,PET,1313,490,1257,607,609,397,150,143,142,87,41,37,21,14,29,83,33,23
blue,PET,1249,488,1310,609,629,427,150,142,143,85,41,37,21,14,29,83,33,23
blue,PET,1288,487,1294,602,618,409,150,142,143,86,41,37,21,14,29,83,33,23
blue,PET,1292,490,1328,594,621,420,150,140,142,84,42,37,21,14,29,83,34,23
blue,PET,1248,481,1296,588,608,403,152,140,144,84,41,38,21,14,29,83,34,23
blue,PET,1220,485,1322,581,613,416,152,140,144,83,41,38,21,14,29,83,34,23
blue,PET,1210,469,1293,575,600,405,151,140,143,84,41,37,21,14,29,83,34,23
blue,PET,1324,463,1215,563,570,368,150,140,143,84,41,37,21,14,29,83,33,23
blue,PET,1324,482,1258,596,599,386,150,142,143,86,41,37,21,14,29,83,33,23
blue,PET,1301,500,1306,612,620,409,150,142,143,86,41,37,21,14,29,83,33,23
blue,PET,1232,497,1282,617,625,414,151,143,144,86,41,37,21,14,29,83,33,23
blue,PET,1278,492,1321,606,627,420,152,144,143,86,41,37,21,14,29,83,34,23
blue,PET,1286,492,1275,618,624,414,152,142,144,85,41,37,21,14,29,82,34,23
blue,PET,1327,487,1271,617,620,409,151,143,144,85,41,37,21,14,29,82,33,23
blue,PET,1339,507,1341,622,630,421,150,142,142,86,42,37,21,14,29,84,34,24
blue,PET,1275,477,1282,585,603,399,151,142,144,86,41,37,21,14,29,83,33,23
blue,PET,1220,479,1302,585,616,409,151,140,144,83,41,37,21,14,29,82,34,23
blue,PET,1209,496,1347,614,642,439,153,140,144,83,41,38,21,14,29,83,35,23
blue,PET,1250,501,1350,621,645,441,152,142,142,85,41,37,21,14,29,82,34,23
blue,PET,1366,501,1337,626,635,413,149,144,142,86,42,36,21,14,29,83,33,23
blue,PET,1338,516,1395,635,676,477,149,143,143,87,41,37,21,14,29,82,34,24
blue,PET,1350,506,1360,625,653,447,151,142,143,85,41,38,21,14,29,82,34,23
blue,PET,1459,534,1383,650,668,459,151,144,143,88,41,37,21,14,29,82,34,24
blue,PET,1541,536,1399,669,667,463,149,145,143,90,41,36,21,14,29,82,34,24
blue,PET,1316,515,1341,656,661,451,152,145,144,88,41,37,21,14,29,82,34,24
blue,PET,1169,501,1396,623,669,479,153,143,144,85,41,38,21,14,29,82,34,23
blue,PET,1247,507,1365,620,663,469,154,143,144,86,41,39,21,14,29,82,34,24
blue,PET,1260,484,1251,602,612,407,152,143,145,86,41,37,21,14,29,82,33,23
blue,PET,1365,489,1232,625,606,391,148,144,144,88,41,36,21,14,29,82,32,24
blue,PET,1265,493,1265,628,608,393,146,146,144,91,41,35,21,14,29,82,33,24
blue,PET,1147,499,1409,603,665,482,151,139,143,83,41,38,21,14,29,82,35,23
blue,PET,1209,498,1355,608,650,462,152,139,144,82,41,38,21,14,29,82,35,23
blue,PET,1234,505,1344,619,651,450,152,140,143,84,41,38,21,14,29,82,34,23
blue,PET,1205,500,1352,626,661,473,151,140,142,84,41,37,21,14,29,83,34,23
blue,PET,1241,490,1302,601,618,422,149,142,142,86,41,37,21,14,29,83,33,24
blue,PET,1176,479,1287,591,611,411,149,141,142,84,41,37,21,14,29,83,33,23
blue,PET,1170,476,1303,575,606,421,150,140,143,83,41,37,21,14,29,83,33,23
blue,PET,1155,477,1319,589,630,446,151,139,143,82,41,38,21,14,29,83,34,23
blue,PET,1193,486,1299,584,612,424,152,142,143,84,41,37,21,14,29,83,33,23
blue,PET,1224,477,1257,586,598,395,148,140,142,84,42,37,21,14,29,83,33,23
blue,PET,1238,474,1223,586,591,385,147,141,141,85,41,36,21,14,29,83,32,23
blue,PET,1230,478,1241,606,599,385,146,142,142,86,41,36,21,14,29,83,32,23
blue,PET,1263,519,1391,636,660,450,150,143,144,86,41,37,21,14,29,82,33,23
blue,PET,1172,504,1456,634,695,495,153,139,143,83,41,38,21,14,29,83,36,23
blue,PET,1091,491,1393,610,674,489,154,138,144,81,41,39,21,14,29,82,35,23
blue,PET,1172,469,1228,578,592,402,151,141,144,84,41,37,21,14,29,82,32,23
blue,PET,1325,505,1297,613,619,404,146,144,144,88,41,35,21,14,29,82,32,23
blue,PET,1363,486,1317,602,615,420,150,144,144,88,41,37,21,14,29,82,34,24
blue,PET,1283,514,1395,624,672,481,153,141,144,86,41,38,21,14,29,82,34,24
blue,PET,1320,502,1323,607,642,452,154,143,144,87,41,38,21,14,29,82,34,24
blue,PET,1346,489,1281,607,620,418,152,143,144,87,41,37,21,14,29,82,34,24
blue,PET,1270,516,1356,626,652,458,150,143,142,87,41,37,21,14,29,82,33,23
blue,PET,1329,495,1283,629,627,429,150,142,142,86,41,37,21,14,29,82,34,23
blue,PET,1372,504,1306,612,637,434,150,142,143,87,41,37,21,14,29,82,34,24
blue,PET,1212,478,1274,587,608,408,155,144,147,86,41,38,21,14,29,82,34,23
blue,PET,1226,491,1291,612,636,434,154,145,147,87,41,37,21,14,29,81,33,23
blue,PET,1224,500,1286,610,621,408,154,146,147,87,41,37,21,14,29,81,34,23
blue,PET,1221,476,1234,610,616,426,154,146,147,88,41,37,21,14,29,81,34,24
blue,PET,1249,478,1271,592,606,407,152,145,146,87,41,37,21,14,29,81,33,23
blue,PET,1264,492,1286,595,626,415,152,144,147,86,41,37,21,14,29,81,33,23
blue,PET,1238,495,1351,614,643,450,154,143,147,84,41,38,21,14,29,81,34,24
blue,PET,1219,486,1275,600,620,437,154,144,147,87,41,38,21,14,29,81,33,23
blue,PET,1262,499,1310,615,632,432,153,146,146,86,41,37,21,14,29,82,33,24
blue,PET,1286,486,1273,604,625,437,154,147,146,90,41,38,21,14,29,81,33,23
blue,PET,1307,501,1320,638,649,450,154,146,146,87,41,37,21,14,29,81,34,24
blue,PET,1300,512,1346,626,650,455,154,147,147,90,41,38,21,14,29,81,34,24
blue,PET,1298,500,1325,626,637,441,154,146,146,88,41,37,21,14,29,81,34,24
blue,PET,1244,498,1357,616,654,470,153,146,147,88,41,38,21,14,29,81,34,24
blue,PET,1206,493,1376,612,655,466,154,143,145,87,41,38,21,14,29,82,34,24
blue,PET,1269,488,1332,597,640,454,155,143,145,86,41,38,21,14,29,81,34,23
blue,PET,1362,491,1290,621,639,437,154,145,146,88,41,37,21,14,29,81,34,24
blue,PET,1321,502,1337,631,648,443,153,146,146,89,41,37,21,14,29,81,34,24
blue,PET,1339,503,1336,629,651,449,154,146,146,89,41,37,21,14,29,82,34,24
blue,PET,1251,496,1307,619,640,452,155,146,146,88,41,38,21,14,29,81,34,24
blue,PET,1363,494,1313,594,623,423,153,145,146,90,41,37,21,14,29,81,33,24
blue,PET,1371,487,1273,600,610,430,152,145,144,90,41,37,21,14,29,81,33,24
blue,PET,1369,496,1273,618,617,414,153,148,145,90,41,37,21,14,29,82,32,24
blue,PET,1323,490,1314,606,631,442,153,145,145,89,41,37,21,14,29,81,33,24
blue,PET,1322,498,1388,600,650,464,154,142,146,86,41,38,21,14,29,81,35,24
blue,PET,1307,501,1382,612,649,456,156,143,146,86,41,39,21,14,29,81,35,24
blue,PET,1332,515,1359,637,671,462,153,142,143,87,41,38,21,14,29,81,35,24
blue,PET,1225,499,1322,622,637,436,147,139,139,84,41,36,21,14,29,83,33,23
blue,PET,1294,494,1301,608,619,414,146,141,139,86,41,36,21,14,29,83,33,23
blue,PET,1195,478,1295,591,619,433,154,144,147,86,41,37,21,14,29,82,33,23
blue,PET,1212,493,1350,612,648,446,153,143,145,85,41,37,21,14,29,82,34,23
blue,PET,1290,526,1416,635,688,465,154,144,144,87,41,38,21,14,29,82,35,24
blue,PET,1218,500,1340,627,651,454,155,148,145,87,41,37,21,14,29,82,34,24
blue,PET,1191,485,1321,618,641,474,154,145,143,87,41,38,21,14,29,81,34,23
blue,PET,1149,480,1335,598,644,443,155,144,147,84,41,38,21,14,29,81,34,24
blue,PET,1215,477,1307,590,624,414,154,144,146,87,41,37,21,14,29,82,34,23
blue,PET,1240,472,1221,588,590,383,152,145,145,87,41,37,21,14,29,81,33,23
blue,PET,1221,491,1290,603,620,402,150,144,146,87,41,36,21,14,29,81,33,23
blue,PET,1208,497,1312,630,641,431,152,146,145,88,41,37,21,14,29,82,34,24
blue,PET,1211,506,1381,616,651,432,155,147,146,86,41,38,21,14,29,81,35,24
blue,PET,1198,499,1334,616,657,449,155,145,148,86,41,38,21,14,29,81,34,23
blue,PET,1241,507,1322,639,657,453,156,147,149,89,40,37,21,14,29,80,34,24
blue,PET,1222,496,1314,616,637,443,153,145,145,88,41,37,21,14,29,82,34,24
blue,PET,1178,482,1270,620,630,423,160,152,154,91,40,37,21,14,29,79,34,24
blue,PET,1183,475,1226,609,624,404,161,155,154,93,40,38,21,14,29,79,33,24
blue,PET,1275,487,1263,624,630,423,158,153,153,93,40,37,21,14,29,78,34,24
blue,PET,1146,447,1168,585,586,380,161,154,153,93,40,38,21,14,29,79,33,24
blue,PET,1097,452,1218,568,594,417,161,152,153,92,40,38,21,14,29,79,33,24
blue,PET,1222,475,1256,582,606,406,159,150,153,91,40,37,21,14,29,79,32,24
blue,PET,1214,508,1379,636,667,459,159,148,152,87,40,38,21,14,29,79,35,23
blue,PET,1223,524,1421,678,709,485,159,149,152,89,40,38,21,14,29,79,36,24
blue,PET,1169,502,1321,662,678,455,164,154,154,93,40,39,21,14,29,79,37,25
blue,PET,1174,471,1213,623,628,416,161,154,153,95,40,38,21,14,29,79,34,25
blue,PET,1196,458,1208,574,591,406,158,153,153,93,40,37,21,14,29,79,32,24
blue,PET,1227,466,1250,570,598,414,158,149,153,89,40,37,21,14,29,79,32,23
blue,PET,1198,500,1331,652,674,463,161,150,153,90,40,38,21,14,29,79,35,24
blue,PET,1165,487,1293,629,646,437,162,152,154,92,40,38,21,14,29,79,35,24
blue,PET,1176,482,1277,628,643,435,161,153,153,93,40,38,21,14,29,79,34,24
blue,PET,1176,476,1275,607,624,420,160,153,153,93,40,38,21,14,29,79,33,24
blue,PET,1163,482,1310,616,652,455,161,150,153,89,40,38,21,14,29,79,34,24
blue,PET,1110,472,1288,596,624,430,162,149,154,87,40,39,21,14,29,79,34,24
blue,PET,1117,465,1248,594,613,411,162,151,154,89,40,38,21,14,29,79,35,24
blue,PET,1174,482,1263,610,620,419,159,152,152,91,40,37,21,14,29,79,33,24
blue,PET,1225,479,1274,617,623,422,156,151,150,92,40,37,21,14,29,80,33,24
blue,PET,1182,475,1320,602,628,442,156,150,151,89,40,37,21,14,29,79,33,24
blue,PET,1216,500,1306,624,641,435,158,149,152,89,40,38,21,14,29,79,34,24
blue,PET,1152,478,1262,616,634,437,159,150,152,90,40,37,21,14,29,79,33,24
blue,PET,1263,486,1256,614,617,404,158,153,152,92,40,37,21,14,29,79,33,24
blue,PET,1208,489,1254,630,632,416,157,151,152,91,40,37,21,14,29,79,33,24
blue,PET,1161,476,1260,601,614,410,159,153,152,92,40,37,21,14,29,79,33,24
blue,PET,1226,496,1323,629,647,442,158,151,152,90,40,37,21,14,29,79,34,24
blue,PET,1184,502,1398,632,671,474,160,151,152,90,40,38,21,14,29,79,34,24
blue,PET,1233,503,1311,644,663,444,161,152,152,91,40,38,21,14,29,79,35,24
blue,PET,1299,480,1222,605,602,395,159,152,153,92,40,37,21,14,29,79,34,24
blue,PET,1289,496,1298,636,634,415,156,153,153,94,40,36,21,14,29,78,33,24
blue,PET,1214,479,1247,615,614,404,159,152,153,92,40,37,21,14,29,79,34,24
blue,PET,1252,488,1271,613,616,399,159,151,152,91,40,37,21,14,29,79,34,24
blue,PET,1310,489,1244,637,635,416,160,154,153,96,40,37,21,14,29,78,34,24
blue,PET,1312,496,1263,648,645,418,159,153,152,94,40,37,21,14,29,79,34,24
blue,PET,1226,477,1229,626,617,391,158,153,153,93,40,37,21,14,29,78,34,24
blue,PET,1155,473,1273,611,624,418,161,153,154,92,40,37,21,14,29,78,34,24
blue,PET,1247,459,1205,573,581,373,160,150,153,90,40,38,21,14,29,78,34,24
blue,PET,1266,487,1271,623,622,405,159,151,154,90,40,37,21,14,29,78,33,23
blue,PET,1279,469,1196,607,592,368,160,152,154,92,40,37,21,14,29,78,33,24
blue,PET,1224,479,1204,632,611,378,159,155,153,94,40,37,21,14,29,78,33,24
blue,PET,1237,460,1209,587,583,371,159,152,153,93,40,37,21,14,29,78,33,24
blue,PET,1202,460,1211,587,591,387,161,152,154,91,40,38,21,14,29,78,33,24
blue,PET,1273,503,1347,635,657,457,161,153,153,93,40,38,21,14,29,79,34,24
blue,PET,1235,529,1391,678,710,507,160,154,153,94,40,37,21,14,29,79,34,24
blue,PET,1176,512,1316,655,668,456,161,154,153,94,40,37,21,14,29,79,35,25
blue,PET,1181,506,1340,645,672,466,161,153,154,92,40,38,21,14,29,78,35,24
blue,PET,1181,462,1244,589,609,407,161,151,154,89,40,38,21,14,29,78,34,24
blue,PET,1138,471,1297,604,634,443,162,151,154,89,40,38,21,14,29,79,34,24
blue,PET,1119,491,1314,626,648,449,161,151,153,89,40,38,21,14,29,79,34,24
blue,PET,1107,468,1267,602,621,418,163,151,154,89,40,38,21,14,29,79,34,24
blue,PET,1095,456,1257,575,604,412,162,149,153,87,40,39,21,14,29,79,34,24
blue,PET,1115,467,1293,596,635,449,162,148,153,87,40,39,21,14,29,80,34,24
blue,PET,1142,473,1267,608,622,414,159,148,151,88,40,38,21,14,29,80,34,24
blue,PET,1177,478,1307,607,624,421,159,149,151,89,40,37,21,14,29,79,34,24
blue,PET,1181,474,1260,602,619,412,159,150,151,89,40,38,21,14,29,79,34,24
blue,PET,1258,476,1217,602,603,394,158,149,151,89,40,37,21,14,29,79,34,24
blue,PET,1286,477,1201,619,608,382,156,152,151,93,40,36,21,14,29,79,32,24
blue,PET,1238,461,1132,602,568,336,152,154,151,96,40,35,21,14,29,79,32,24
blue,PET,1245,484,1255,610,622,411,157,155,152,96,40,36,21,14,29,79,32,24
blue,PET,1123,494,1378,608,669,472,159,144,151,86,40,38,21,14,29,79,35,23
blue,PET,1191,510,1404,631,688,491,159,143,150,84,40,39,21,14,29,79,36,23
blue,PET,1230,503,1274,662,653,415,159,151,150,91,40,38,21,14,29,79,35,24
blue,PET,1241,485,1182,647,598,369,157,155,151,95,40,36,21,14,29,79,33,24
blue,PET,1231,452,1168,593,579,349,153,154,151,97,40,36,21,14,29,79,32,24
blue,PET,1210,484,1267,600,611,411,157,149,151,88,40,37,21,14,29,79,33,24
blue,PET,1217,498,1325,635,653,433,159,148,151,88,40,38,21,14,29,79,36,24
blue,PET,1234,500,1292,630,627,418,160,152,152,91,40,38,21,14,29,79,34,24
blue,PET,1210,467,1195,596,585,379,158,154,151,93,40,36,21,14,29,79,33,24
blue,PET,1365,471,1236,615,614,403,160,152,152,92,40,37,21,14,29,79,33,24
blue,PET,1184,529,1299,661,636,456,159,150,152,88,40,37,21,14,29,79,33,24
blue,PET,988,450,1349,556,627,461,156,139,146,80,41,39,21,14,29,83,34,23
blue,PET,1092,445,1248,554,597,429,159,146,145,84,41,39,21,14,29,83,33,23
blue,PET,1351,485,1211,631,612,375,153,151,151,93,39,35,21,14,28,77,32,24
blue,PET,1291,493,1221,634,616,376,151,156,152,97,39,35,21,14,28,77,31,24
blue,PET,1325,481,1145,631,601,355,152,156,151,98,39,35,21,14,28,77,33,24
blue,PET,1358,501,1261,658,640,399,158,154,152,96,39,36,21,14,28,77,34,24
blue,PET,1308,495,1280,632,636,425,154,152,152,92,39,36,21,14,28,76,32,23
blue,PET,1293,466,1135,599,567,328,144,156,153,99,39,34,21,14,28,76,30,24
blue,PET,1300,433,999,596,531,272,145,160,154,101,39,34,21,14,28,75,30,24
blue,PET,1265,488,1109,653,612,337,160,160,155,99,39,36,21,14,28,75,33,24
blue,PET,1218,500,1267,656,656,436,164,154,157,92,39,38,21,14,28,75,35,24
blue,PET,1199,475,1259,611,617,397,162,155,156,93,39,37,21,14,28,76,35,24
blue,PET,1257,485,1232,631,616,391,159,157,155,95,39,36,21,14,28,75,34,24
blue,PET,1323,477,1213,624,595,359,157,158,156,97,39,35,21,14,28,75,32,24
blue,PET,1298,465,1116,625,582,334,158,162,158,100,38,35,21,14,28,74,32,24
blue,PET,1338,477,1147,636,600,352,155,155,153,96,39,35,21,14,28,76,33,24
blue,PET,1320,482,1181,634,601,365,157,156,154,96,39,36,21,14,28,76,34,24
blue,PET,1302,487,1199,642,616,380,157,157,153,97,39,36,21,14,28,76,33,24
blue,PET,1320,481,1182,628,597,359,156,155,154,96,39,35,21,14,28,76,33,24
blue,PET,1290,495,1195,639,612,367,156,157,154,97,39,35,21,14,28,76,33,24
blue,PET,1307,486,1170,643,600,364,156,157,154,97,39,35,21,14,28,76,32,24
blue,PET,1369,483,1181,632,604,363,156,157,155,97,39,35,21,14,28,76,33,24
blue,PET,1301,498,1177,658,616,371,155,158,155,98,39,35,21,14,28,76,33,24
blue,PET,1306,495,1198,657,623,368,154,158,155,99,39,35,21,14,28,76,33,24
blue,PET,1343,485,1178,649,612,358,154,158,155,99,39,35,21,14,28,76,32,24
blue,PET,1371,483,1154,653,618,359,156,159,156,99,38,35,21,14,28,75,32,24
blue,PET,1330,485,1179,647,618,373,157,157,156,97,38,35,21,14,28,75,33,24
blue,PET,1362,475,1158,621,591,352,158,157,156,98,38,35,21,14,28,75,32,24
blue,PET,1346,462,1138,604,570,334,157,157,156,96,38,35,21,14,28,75,32,24
blue,PET,1282,472,1165,627,597,356,156,157,155,98,38,35,21,14,28,76,32,24
blue,PET,1289,473,1126,623,577,330,157,160,157,100,38,35,21,14,28,75,32,24
blue,PET,1308,472,1110,624,579,327,157,160,157,100,38,35,21,14,28,75,32,24
blue,PET,1295,496,1212,652,629,380,160,161,158,99,38,36,21,14,28,74,33,24
blue,PET,1309,474,1157,628,595,366,160,159,158,98,38,36,21,14,28,74,32,24
blue,PET,1276,460,1102,614,567,321,157,163,159,103,38,35,21,14,28,74,32,24
blue,PET,1307,468,1082,641,577,310,154,164,159,102,38,35,21,14,28,74,31,24
blue,PET,1396,461,1053,634,566,299,157,163,159,101,38,35,21,14,28,74,32,24
blue,PET,1347,470,1093,619,580,332,160,161,159,100,38,35,21,14,28,74,32,24
blue,PET,1307,475,1143,617,580,340,159,159,158,98,38,35,21,14,28,74,32,24
blue,PET,1328,465,1094,618,569,318,158,161,158,101,38,35,21,14,28,74,33,24
blue,PET,1311,473,1128,626,581,329,157,161,158,100,38,35,21,14,28,74,33,24
blue,PET,1312,472,1105,628,578,322,156,161,158,100,38,35,21,14,28,74,32,24
blue,PET,1321,468,1112,616,572,325,158,160,157,99,38,35,21,14,28,75,32,24
blue,PET,1279,486,1157,636,600,344,161,160,158,98,38,36,21,14,28,74,33,24
blue,PET,1291,481,1173,647,608,358,159,160,157,98,38,36,21,14,28,74,33,24
blue,PET,1302,476,1133,638,585,325,154,161,158,100,38,35,21,14,28,74,32,24
blue,PET,1379,464,1061,621,562,297,153,162,158,103,38,35,21,14,28,74,32,24
blue,PET,1382,461,1050,617,560,296,155,163,158,104,38,35,21,14,28,74,32,24
blue,PET,1301,480,1156,654,621,366,160,162,158,102,38,36,21,14,28,74,33,25
blue,PET,1412,509,1248,660,638,383,159,160,157,100,38,36,21,14,28,75,33,24
blue,PET,1269,489,1194,651,628,389,159,159,157,99,38,36,21,14,28,75,33,24
blue,PET,1414,494,1214,656,619,359,156,161,157,102,38,35,21,14,28,75,33,24
blue,PET,1343,484,1170,654,612,355,154,162,157,104,38,35,21,14,28,75,32,24
blue,PET,1434,483,1129,667,620,335,155,162,157,103,38,35,21,14,28,74,32,24
blue,PET,1400,478,1101,649,596,326,157,162,157,104,38,35,21,14,28,74,33,25
blue,PET,1331,491,1194,663,630,373,160,160,158,99,38,36,21,14,28,74,34,24
blue,PET,1325,478,1175,632,602,352,162,165,158,101,38,35,21,14,28,74,32,24
blue,PET,1356,465,1104,624,577,324,156,163,159,102,38,35,21,14,28,74,32,24
blue,PET,1348,470,1101,624,577,325,154,161,157,103,38,35,21,14,28,75,32,24
blue,PET,1335,466,1080,641,580,315,155,161,157,101,38,35,21,14,28,75,32,24
blue,PET,1316,483,1186,637,610,364,159,158,157,98,38,36,21,14,28,75,33,24
blue,PET,1393,490,1220,638,624,384,157,158,157,98,38,35,21,14,28,75,33,24
blue,PET,1392,470,1124,623,593,347,157,162,158,101,38,35,21,14,28,74,32,24
blue,PET,1379,478,1133,643,599,344,156,163,158,101,38,35,21,14,28,74,31,24
blue,PET,1275,486,1134,669,617,347,159,164,158,103,38,35,21,14,28,74,34,25
blue,PET,1354,518,1212,714,672,389,161,161,158,101,38,36,21,14,28,74,35,25
blue,PET,1384,511,1271,666,642,393,159,158,158,97,38,36,21,14,28,74,33,24
blue,PET,1344,465,1112,594,567,325,155,159,158,97,38,35,21,14,28,74,32,24
blue,PET,1250,463,1126,607,579,334,154,161,157,100,38,35,21,14,28,75,31,24
blue,PET,1211,470,1121,637,603,341,156,163,158,101,38,35,21,14,28,74,33,25
blue,PET,1362,503,1180,695,641,359,159,163,159,102,38,36,21,14,28,74,34,25
blue,PET,1421,492,1185,664,620,356,160,163,159,102,38,36,21,14,28,74,34,24
blue,PET,1319,479,1162,640,602,352,159,161,158,101,38,35,21,14,28,74,33,24
blue,PET,1234,470,1142,631,593,349,159,160,158,99,38,35,21,14,28,74,32,24
blue,PET,1273,474,1171,639,603,354,161,162,159,99,38,36,21,14,28,74,33,24
blue,PET,1280,488,1192,638,607,359,160,161,159,100,38,36,21,14,28,74,33,24
blue,PET,1320,474,1160,633,600,349,160,162,159,101,38,36,21,14,28,74,33,24
blue,PET,1331,479,1151,652,610,351,159,162,159,101,38,35,21,14,28,74,33,24
blue,PET,1255,463,1076,648,591,312,155,166,161,104,38,35,21,13,28,73,31,24
blue,PET,1290,456,1035,623,560,296,154,165,161,104,38,35,21,14,28,73,31,24
blue,PET,1295,458,1040,630,570,301,157,165,161,103,38,35,21,14,28,73,31,24
blue,PET,1262,454,1080,615,570,316,165,169,161,105,38,36,21,14,28,73,32,24
blue,PET,1218,464,1135,627,591,346,164,162,161,99,38,36,21,14,28,73,33,24
blue,PET,1221,485,1238,658,626,380,162,165,162,103,38,36,21,14,28,73,33,24
blue,PET,1242,485,1186,668,621,355,160,167,162,104,38,35,21,14,28,73,33,24
blue,PET,1257,491,1162,673,621,349,159,168,162,105,38,35,21,14,28,73,32,24
blue,PET,1266,472,1080,665,597,326,160,167,162,104,38,35,21,14,28,73,32,24
blue,PET,1271,484,1131,663,615,338,161,166,162,103,38,35,21,14,28,73,33,24
blue,PET,1228,479,1162,644,609,357,162,165,161,102,38,36,21,14,28,73,33,24
blue,PET,1276,469,1127,641,595,348,161,166,161,103,38,35,21,14,28,73,33,24
blue,PET,1255,481,1150,655,616,354,160,166,161,103,38,35,21,14,28,73,32,24
blue,PET,1229,480,1160,656,611,346,162,167,162,102,38,36,21,14,28,73,32,24
blue,PET,1268,496,1186,674,643,371,164,167,162,105,38,36,21,14,28,73,34,25
blue,PET,1323,492,1196,670,635,372,164,165,161,105,38,36,21,14,28,73,34,25
blue,PET,1316,486,1194,659,615,373,162,165,162,103,38,36,21,14,28,73,33,24
blue,PET,1359,477,1147,638,599,342,158,167,162,105,38,35,21,14,28,73,32,24
blue,PET,1269,468,1124,628,589,333,156,166,161,105,38,35,21,14,28,73,31,24
blue,PET,1240,459,1046,633,576,321,157,167,161,105,38,35,22,14,28,73,31,24
blue,PET,1249,463,1055,650,587,314,160,167,161,106,38,35,21,14,28,73,32,24
blue,PET,1289,480,1104,653,603,345,163,167,162,105,38,36,21,14,28,73,34,24
blue,PET,1315,491,1186,665,631,372,164,165,161,104,38,36,21,14,28,73,34,25
blue,PET,1256,475,1157,644,600,341,165,166,162,104,38,36,21,14,28,73,33,24
blue,PET,1229,479,1174,645,604,353,164,166,162,103,38,36,21,14,28,73,33,24
blue,PET,1248,477,1160,645,602,349,163,166,162,103,38,36,21,14,28,73,34,24
blue,PET,1272,473,1154,640,591,332,161,166,162,103,38,35,21,14,28,73,32,24
blue,PET,1338,469,1117,637,585,325,160,165,162,103,38,35,21,14,28,73,32,24
blue,PET,1274,481,1127,634,585,333,161,165,162,103,38,35,21,14,28,73,32,24
blue,PET,1257,461,1088,625,576,325,163,166,161,103,38,36,21,14,28,73,32,24
blue,PET,1243,461,1088,627,581,329,163,166,163,104,38,36,21,14,28,73,33,24
blue,PET,1263,481,1148,645,605,346,162,166,162,104,38,36,21,14,28,73,33,24
blue,PET,1276,475,1141,649,605,338,159,166,161,104,38,35,21,14,28,73,32,24
blue,PET,1282,472,1085,649,574,323,156,168,163,106,38,35,21,14,28,73,31,24
blue,PET,1295,447,1016,621,551,285,158,168,162,106,38,35,21,14,28,73,31,24
blue,PET,1305,454,1047,623,563,301,161,167,162,105,38,35,21,14,28,73,32,24
blue,PET,1286,464,1077,635,583,320,163,167,163,104,38,36,21,13,28,73,33,24
blue,PET,1243,464,1124,623,581,331,163,165,162,103,38,36,21,13,28,73,32,24
blue,PET,1245,460,1122,623,578,333,164,165,162,102,38,36,21,14,28,73,33,24
blue,PET,1259,460,1108,636,578,332,163,165,162,101,38,36,21,14,28,73,32,24
blue,PET,1231,470,1123,630,584,332,165,166,162,104,38,36,21,14,28,73,33,24
blue,PET,1261,474,1154,640,595,338,165,166,162,104,38,36,21,14,28,73,33,24
blue,PET,1276,472,1118,645,594,331,164,166,163,103,38,36,21,14,28,73,33,24
blue,PET,1283,475,1108,646,594,330,160,167,163,104,38,35,21,14,28,73,33,24
blue,PET,1266,467,1089,641,584,315,159,168,163,105,38,35,21,14,28,73,31,24
blue,PET,1289,463,1091,634,579,315,161,167,163,104,38,35,21,14,28,73,32,24
blue,PET,1265,457,1059,630,566,303,164,168,163,106,38,36,21,13,28,73,33,25
blue,PET,1272,463,1096,635,580,319,163,166,163,104,38,36,21,14,28,73,33,24
blue,PET,1256,469,1108,639,587,326,163,166,163,104,38,36,21,14,28,73,33,24
blue,PET,1303,467,1123,628,576,322,162,167,164,104,37,35,21,14,28,73,32,24
blue,PET,1326,467,1124,624,574,323,164,167,163,104,38,36,21,14,28,73,32,24
blue,PET,1265,463,1079,627,574,316,164,167,164,105,38,36,21,14,28,73,32,24
blue,PET,1265,464,1115,631,583,329,161,168,164,105,37,35,21,14,28,73,33,24
blue,PET,1272,466,1103,639,583,319,159,168,163,105,38,35,21,14,28,73,32,24
blue,PET,1338,462,1054,634,573,302,159,169,163,106,38,35,21,14,28,73,32,24
blue,PET,1299,459,1053,649,583,310,161,168,163,107,38,35,21,14,28,73,32,24
blue,PET,1280,474,1120,655,608,336,164,169,163,106,38,36,22,14,28,73,33,25
blue,PET,1274,480,1162,646,606,343,164,168,163,105,38,36,22,14,28,73,33,25
blue,PET,1284,484,1192,659,621,365,165,167,164,105,37,36,21,13,28,73,33,24
blue,PET,1279,477,1147,655,615,353,163,168,164,106,38,36,21,13,28,73,33,25
blue,PET,1276,480,1148,658,613,349,161,169,163,108,38,36,21,14,28,72,32,25
blue,PET,1342,463,1117,635,593,322,159,168,163,108,38,35,21,13,28,73,32,24
blue,PET,1254,463,1064,638,588,313,158,168,163,106,38,35,21,14,28,73,32,24
blue,PET,1228,461,1058,637,580,309,161,169,163,105,37,35,21,13,28,72,32,24
blue,PET,1232,469,1111,638,592,334,168,167,164,104,37,36,21,13,28,72,33,25
blue,PET,1213,498,1251,682,668,418,169,165,163,102,38,37,21,14,28,73,35,25
blue,PET,1299,513,1260,682,655,397,162,166,163,105,38,36,21,14,28,73,34,25
blue,PET,1377,473,1165,648,618,305,150,168,162,109,38,35,21,14,28,73,31,24
blue,PET,1377,457,1010,636,567,269,151,168,162,108,38,35,21,14,28,73,29,24
blue,PET,1388,443,981,618,549,276,159,168,162,107,38,35,21,14,28,73,31,25
blue,PET,1242,490,1206,673,640,386,165,166,163,103,38,36,21,14,28,73,34,24
blue,PET,1254,499,1220,687,653,393,164,167,162,104,38,36,21,13,28,73,34,24
blue,PET,1241,490,1194,674,629,374,162,168,162,105,38,35,21,14,28,73,33,24
blue,PET,1296,482,1128,670,608,354,160,168,163,105,38,35,21,14,28,72,32,24
blue,PET,1314,473,1090,652,598,324,160,167,162,105,38,35,21,14,28,73,32,24
blue,PET,1234,483,1165,648,615,364,165,166,163,103,37,36,21,13,28,72,34,24
blue,PET,1224,478,1143,655,617,358,162,168,164,104,37,36,22,14,28,72,33,24
blue,PET,1229,459,1027,637,572,295,152,170,163,108,37,35,21,13,28,72,30,24
blue,PET,1265,449,975,623,544,268,151,171,164,109,37,35,21,13,28,72,29,24
blue,PET,1251,451,923,642,560,263,154,171,164,109,37,35,21,13,28,72,30,24
blue,PET,1249,469,997,653,590,305,164,169,164,105,37,35,21,13,28,72,33,24
blue,PET,1222,490,1222,653,641,405,169,164,163,100,37,37,21,14,28,73,34,24
blue,PET,1212,498,1230,669,644,396,164,170,164,106,37,36,21,13,28,72,34,25
blue,PET,1241,486,1164,668,620,350,159,171,164,108,37,35,21,13,28,72,32,24
blue,PET,1268,480,1086,663,598,305,156,171,164,108,37,35,21,13,28,72,31,24
blue,PET,1271,462,1008,655,573,291,157,171,164,108,37,35,21,13,28,72,31,24
blue,PET,1302,468,1049,652,588,303,161,170,164,106,37,35,21,13,28,72,32,24
blue,PET,1313,479,1129,655,607,335,163,168,163,106,37,35,21,14,28,72,33,24
blue,PET,1238,475,1135,651,609,348,165,168,164,104,37,36,21,13,28,72,33,24
blue,PET,1242,471,1136,645,601,342,161,168,162,105,37,35,21,14,28,72,33,24
blue,PET,1264,472,1096,654,601,325,158,169,163,106,37,35,21,13,28,72,32,24
blue,PET,1339,478,1095,655,597,313,159,170,163,107,37,35,21,13,28,72,32,25
blue,PET,1331,475,1095,659,602,328,164,170,163,107,37,35,21,13,28,72,33,25
blue,PET,1246,479,1157,661,620,360,165,167,163,103,37,36,21,13,28,72,34,25
blue,PET,1258,481,1133,650,598,333,158,167,162,104,37,35,21,13,28,73,32,24
blue,PET,1296,484,1141,651,604,328,155,168,162,105,38,35,21,14,28,73,32,24
blue,PET,1330,465,1034,651,585,300,159,170,163,109,37,35,21,13,28,72,32,25
blue,PET,1318,473,1111,648,596,327,162,165,161,104,38,36,21,14,28,73,33,25
blue,PET,1301,484,1177,653,619,367,163,164,161,103,38,36,21,14,28,73,34,24
blue,PET,1274,482,1174,649,611,355,161,166,162,104,38,35,21,13,28,73,32,24
blue,PET,1277,473,1127,644,591,328,160,166,161,105,38,35,21,14,28,73,33,24
blue,PET,1309,479,1140,650,603,335,161,166,161,105,38,35,21,13,28,73,32,25
blue,PET,1275,473,1133,642,594,331,162,165,161,103,38,36,21,14,28,73,32,24
blue,PET,1263,471,1128,640,589,332,160,165,161,104,38,35,21,14,28,73,32,24
blue,PET,1320,485,1140,642,603,317,158,166,161,105,38,35,21,14,28,73,32,24
blue,PET,1339,482,1102,653,596,320,157,165,160,105,38,35,21,14,28,73,32,24
blue,PET,1317,464,1068,643,587,310,156,165,161,105,38,35,21,14,28,73,32,24
blue,PET,1342,457,1072,630,571,310,156,165,160,105,38,35,21,14,28,73,32,24
blue,PET,1340,478,1106,648,597,342,161,168,160,107,38,35,21,14,28,73,32,25
blue,PET,1302,483,1165,647,604,341,160,164,160,105,38,35,21,14,28,73,33,24
blue,PET,1273,488,1140,654,614,346,161,165,161,104,38,35,21,14,28,73,33,24
blue,PET,1243,474,1136,641,598,338,161,164,161,102,38,35,21,14,28,73,32,24
blue,PET,1297,468,1101,635,574,320,161,164,160,102,38,35,21,14,28,73,32,24
blue,PET,1300,478,1117,640,589,329,161,164,161,103,38,35,21,14,28,73,33,24
blue,PET,1265,468,1118,636,589,329,159,165,161,103,38,35,21,14,28,73,32,24
blue,PET,1238,465,1091,636,583,326,159,165,161,103,38,35,21,14,28,73,32,24
blue,PET,1265,456,1062,630,571,308,160,165,161,103,38,35,21,13,28,73,32,24
blue,PET,1297,464,1068,632,575,312,160,165,161,104,38,35,21,14,28,73,32,24
blue,PET,1256,465,1091,633,580,322,159,165,161,103,38,35,21,14,28,73,32,24
blue,PET,1290,466,1090,622,572,319,159,165,161,103,38,35,21,14,28,73,32,24
blue,PET,1266,460,1056,625,564,306,160,166,161,105,37,35,21,14,28,73,32,24
blue,PET,1275,462,1090,636,580,319,160,165,161,104,38,35,21,14,28,73,33,24
blue,PET,1301,470,1127,641,594,338,160,164,161,102,38,35,21,14,28,73,32,24
blue,PET,1284,473,1100,639,588,326,159,165,161,105,38,35,21,14,28,73,32,24
blue,PET,1300,482,1098,662,609,328,156,165,161,105,38,35,21,14,28,73,32,24
blue,PET,1323,460,1076,639,583,317,158,166,161,106,38,35,21,14,28,73,32,25
blue,PET,1322,471,1109,643,593,326,159,165,161,105,38,35,21,13,28,73,32,25
blue,PET,1309,473,1098,652,602,333,159,165,160,104,38,35,21,14,28,73,32,24
blue,PET,1376,476,1136,637,592,337,158,163,159,102,38,35,21,14,28,74,33,24
blue,PET,1314,475,1143,652,612,357,162,162,159,102,38,36,21,14,28,74,34,25
blue,PET,1304,513,1297,681,670,427,163,161,159,100,38,36,21,14,28,74,34,24
blue,PET,1347,510,1249,668,643,393,160,163,159,102,38,36,21,14,28,74,34,24
blue,PET,1284,492,1194,665,628,363,154,165,160,104,38,35,21,14,28,74,32,24
blue,PET,1243,463,1082,634,576,308,151,165,159,104,38,34,21,14,28,73,31,24
blue,PET,1297,444,991,623,558,274,152,166,160,106,38,35,21,14,28,73,30,24
blue,PET,1276,461,1045,636,577,304,158,166,161,104,38,35,21,14,28,73,32,24
blue,PET,1300,478,1105,654,603,343,160,164,161,103,38,35,21,14,28,74,33,24
blue,PET,1285,483,1166,648,610,361,161,164,160,102,38,35,21,14,28,73,33,24
blue,PET,1247,470,1167,632,601,358,162,164,160,102,38,36,21,14,28,73,33,24
blue,PET,1256,481,1183,641,615,374,163,163,160,100,38,36,21,14,28,73,33,24
blue,PET,1234,483,1184,655,619,368,162,164,160,103,38,36,21,14,28,73,34,24
blue,PET,1268,469,1096,646,584,319,158,167,161,105,37,35,21,13,28,73,32,24
blue,PET,1323,467,1089,640,587,318,162,168,162,106,37,35,21,14,28,72,33,24
blue,PET,1308,462,1060,634,576,308,158,167,162,106,37,35,21,13,28,72,31,24
blue,PET,1274,461,1088,630,574,310,154,168,162,107,37,35,21,13,28,72,30,24
blue,PET,1275,449,1033,617,555,295,153,168,163,108,37,35,21,13,28,72,30,24
blue,PET,1290,437,969,610,535,268,155,169,163,108,38,35,21,14,28,72,30,24
blue,PET,1297,440,956,619,542,268,157,169,162,107,37,35,21,13,28,73,31,24
blue,PET,1280,460,1011,638,570,290,161,168,162,106,37,35,21,13,28,73,32,24
blue,PET,1231,490,1132,664,620,352,164,167,162,103,37,36,21,13,28,73,33,24
blue,PET,1239,508,1257,679,653,405,166,166,162,103,37,36,22,14,28,73,34,24
blue,PET,1246,486,1174,657,613,353,163,167,163,103,37,36,21,14,28,73,33,24
blue,PET,1273,488,1173,661,615,355,161,167,162,104,37,35,21,13,28,72,33,24
blue,PET,1239,482,1134,653,604,341,157,166,161,104,38,35,21,14,28,73,32,24
blue,PET,1273,476,1096,655,596,318,156,167,162,105,37,35,21,14,28,73,32,24
blue,PET,1288,462,1058,631,569,303,156,166,160,104,38,35,21,14,28,73,32,24
blue,PET,1248,462,1089,626,580,328,161,164,160,102,38,35,21,14,28,73,32,24
blue,PET,1228,488,1230,653,635,391,165,163,160,100,38,36,21,14,28,73,34,24
blue,PET,1275,476,1188,636,614,375,165,162,161,101,38,36,21,14,28,73,34,25
blue,PET,1256,492,1224,655,634,392,161,163,160,102,38,36,21,14,28,73,34,24
blue,PET,1292,483,1183,654,620,368,157,165,160,105,38,35,21,14,28,74,33,24
blue,PET,1319,482,1122,661,605,328,152,168,161,109,38,35,21,14,28,73,32,25
blue,PET,1335,467,1072,669,585,284,152,167,160,108,38,35,21,14,28,73,31,24
blue,PET,1361,485,1060,665,600,304,159,166,160,105,38,35,21,14,28,73,33,24
blue,PET,1321,498,1172,668,632,365,162,161,160,99,38,36,21,14,28,74,33,24
blue,PET,1252,485,1217,640,618,380,160,162,160,100,38,35,21,14,28,74,33,24
blue,PET,1292,495,1136,657,605,328,154,167,161,105,38,35,21,14,28,73,31,24
blue,PET,1288,467,1050,641,575,292,151,166,161,105,38,34,21,14,28,73,30,24
blue,PET,1327,449,975,629,543,272,152,166,161,106,38,35,21,13,28,73,30,24
blue,PET,1308,473,1115,645,596,324,163,164,160,101,38,36,21,14,28,73,33,24
blue,PET,1233,502,1272,664,656,420,167,161,160,97,38,37,21,14,28,73,35,24
blue,PET,1198,478,1235,622,620,394,167,160,161,96,38,37,21,14,28,73,35,24
blue,PET,1214,511,1353,670,679,460,163,163,160,100,38,36,21,14,28,73,34,24
blue,PET,1272,488,1224,643,617,377,157,166,161,104,38,35,21,14,28,73,32,24
blue,PET,1272,462,1063,630,564,296,152,167,161,107,38,35,21,14,28,73,31,24
blue,PET,1296,437,939,610,521,258,152,167,162,106,38,35,21,14,28,73,30,24
blue,PET,1252,451,1017,625,557,289,155,165,160,104,38,35,21,14,28,73,31,24
blue,PET,1264,478,1114,650,604,330,156,166,160,104,38,35,21,14,28,73,32,24
blue,PET,1247,486,1153,667,624,344,159,167,161,105,38,35,21,13,28,73,32,25
blue,PET,1260,486,1127,677,628,349,161,166,161,104,38,35,21,14,28,73,33,24
blue,PET,1264,494,1173,670,630,365,162,165,160,101,38,36,21,14,28,73,34,25
blue,PET,1245,484,1191,640,616,366,162,163,160,100,38,36,21,14,28,73,34,24
blue,PET,1256,491,1225,652,628,382,163,164,161,101,38,36,21,14,28,73,34,24
blue,PET,1235,479,1182,629,605,364,160,162,159,101,38,35,21,14,28,74,32,24
blue,PET,1304,464,1086,625,572,318,155,163,159,103,38,35,21,14,28,74,31,24
blue,PET,1341,445,1006,610,541,281,151,163,159,104,38,35,21,14,28,74,30,24
blue,PET,1289,439,972,601,530,274,151,163,158,102,38,35,21,14,28,74,30,24
blue,PET,1283,458,1041,622,567,302,155,164,159,104,38,35,21,14,28,74,32,24
blue,PET,1248,486,1157,666,629,358,161,164,159,104,38,36,21,14,28,74,33,24
blue,PET,1232,496,1224,660,635,388,163,162,159,100,38,36,21,14,28,74,34,24
blue,PET,1280,491,1198,650,608,361,160,161,158,100,38,35,21,14,28,74,33,24
blue,PET,1293,467,1101,627,575,318,154,162,158,101,38,35,21,14,28,74,31,24
blue,PET,1277,457,1054,624,562,298,154,164,159,103,38,35,21,14,28,73,31,24
blue,PET,1278,456,1054,627,570,305,160,165,160,102,38,35,21,14,28,73,32,24
blue,PET,1257,475,1128,638,595,341,162,165,161,103,38,35,21,13,28,73,33,24
blue,PET,1264,475,1149,638,595,342,159,166,161,105,38,35,21,13,28,73,32,24
blue,PET,1258,466,1065,654,579,304,154,166,159,105,38,35,21,14,28,73,31,24
blue,PET,1358,470,1113,641,589,323,161,164,159,102,38,35,21,14,28,74,32,24
blue,PET,1335,474,1169,633,595,342,164,160,159,99,38,36,21,14,28,74,34,24
blue,PET,1290,479,1190,640,609,366,162,165,161,102,38,35,21,13,28,73,33,24
blue,PET,1278,484,1139,651,597,341,156,168,161,106,38,35,21,14,28,73,32,24
blue,PET,1250,467,1052,647,582,299,155,168,161,107,38,35,21,13,28,73,31,24
blue,PET,1284,455,993,643,556,279,157,168,161,107,38,35,21,14,28,73,32,24
blue,PET,1329,468,1077,643,581,308,160,166,161,104,38,35,21,14,28,73,33,24
blue,PET,1267,468,1149,627,597,341,162,167,163,105,38,35,21,14,28,73,33,24
blue,PET,1260,454,1058,616,562,307,161,169,162,106,37,35,21,13,28,72,32,25
blue,PET,1185,448,1064,617,564,311,167,172,166,108,37,36,21,14,28,72,33,25
blue,PET,1204,471,1136,643,608,357,168,170,165,105,37,36,21,13,28,72,34,25
blue,PET,1202,474,1200,639,624,389,171,167,166,102,37,37,21,13,28,72,34,24
blue,PET,1176,486,1223,653,641,408,169,167,165,102,37,37,21,13,28,72,33,24
blue,PET,1183,467,1159,626,599,364,166,168,165,104,37,36,21,13,28,72,32,24
blue,PET,1242,454,1091,618,571,322,164,170,165,106,37,36,21,14,28,72,32,24
blue,PET,1265,451,1049,622,560,303,163,170,164,107,37,35,21,13,28,72,32,24
blue,PET,1268,459,1063,627,572,314,165,168,164,105,37,36,21,14,28,72,33,24
blue,PET,1240,474,1134,646,598,334,161,169,164,106,38,35,21,14,28,72,32,24
blue,PET,1281,471,1049,652,585,303,157,170,164,108,37,35,21,13,28,72,31,24
blue,PET,1264,449,1002,629,554,274,158,170,164,108,37,35,21,13,28,72,31,25
blue,PET,1280,456,1013,631,557,282,159,169,163,109,37,35,21,13,28,72,31,24
blue,PET,1311,479,1103,658,613,335,163,166,162,105,38,36,21,14,28,73,33,24
blue,PET,1315,474,1160,654,613,376,165,164,161,102,38,36,21,14,28,73,33,25
blue,PET,1182,485,1229,653,635,398,164,163,161,101,38,36,21,14,28,73,33,24
blue,PET,1283,475,1148,644,600,343,160,168,162,105,38,35,21,14,28,73,33,24
blue,PET,1232,475,1117,650,599,331,159,169,162,106,37,35,21,13,28,73,32,24
blue,PET,1252,472,1068,651,590,315,161,170,163,108,37,35,21,13,28,72,32,24
blue,PET,1255,475,1110,657,602,329,162,169,163,106,37,35,21,13,28,72,32,25
blue,PET,1259,474,1123,651,602,340,163,169,163,106,37,36,21,14,28,72,33,25
blue,PET,1262,473,1141,652,603,347,163,168,164,105,37,36,21,13,28,72,33,24
blue,PET,1270,479,1141,642,602,348,164,169,164,106,37,36,21,13,28,72,34,25
blue,PET,1263,465,1102,639,592,339,163,168,164,104,37,36,21,13,28,72,32,24
blue,PET,1247,464,1104,643,596,341,162,169,163,106,37,35,21,13,28,72,32,24
blue,PET,1263,462,1083,641,581,319,162,170,163,107,37,35,21,13,28,72,33,25
blue,PET,1303,474,1094,651,596,321,161,169,164,107,37,35,21,13,28,72,32,24
blue,PET,1302,465,1095,638,583,320,161,168,164,106,37,35,21,13,28,72,32,24
blue,PET,1288,466,1094,630,582,324,160,167,163,105,37,35,21,14,28,73,32,24
blue,PET,1303,463,1085,636,583,318,160,169,163,109,37,35,21,13,28,73,32,25
blue,PET,1274,481,1117,663,612,338,163,169,163,107,38,35,21,13,28,73,33,25
blue,PET,1257,483,1198,651,622,376,166,165,163,101,37,36,21,14,28,72,34,24
blue,PET,1237,468,1139,627,589,345,162,167,163,104,37,35,21,13,28,72,33,24
blue,PET,1269,462,1081,627,575,313,155,169,162,108,37,35,21,14,28,73,31,24
blue,PET,1238,458,989,656,576,286,156,171,162,110,37,35,21,14,28,73,31,24
blue,PET,1270,493,1142,686,639,355,165,168,163,105,38,36,21,14,28,73,34,25
blue,PET,1310,473,1145,623,589,342,162,167,162,104,37,35,21,14,28,73,31,24
blue,PET,1248,439,1054,592,544,305,160,168,162,106,37,35,21,13,28,73,31,24
blue,PET,1220,436,1002,598,536,287,159,169,162,107,37,35,21,13,28,72,31,24
blue,PET,1235,441,986,610,541,283,160,170,162,108,38,35,21,14,28,73,31,25
blue,PET,1250,480,1129,658,608,341,163,169,163,106,37,35,21,13,28,73,32,24
blue,PET,1251,475,1146,640,595,340,165,168,164,103,37,36,21,13,28,72,33,24
blue,PET,1218,457,1111,616,573,327,167,169,164,106,37,36,21,13,28,72,32,24
blue,PET,1246,452,1060,617,560,305,163,169,165,107,37,35,21,13,28,72,32,24
blue,PET,1261,446,1041,606,543,292,163,174,163,110,38,35,22,14,28,73,31,24
blue,PET,1287,450,1029,612,542,283,156,168,162,107,38,35,21,14,28,73,31,24
blue,PET,1303,424,934,581,498,256,155,169,162,109,38,35,21,14,28,73,30,24
blue,PET,1285,438,963,611,534,271,154,169,162,109,38,35,21,14,28,73,30,24
blue,PET,1274,436,971,602,526,270,157,170,163,108,38,35,21,14,28,73,30,24
blue,PET,1328,438,996,597,527,277,163,170,162,109,38,36,21,14,28,73,32,24
blue,PET,1286,456,1092,613,567,322,171,169,164,105,37,37,21,14,28,73,34,25
blue,PET,1225,498,1274,659,652,417,170,166,164,102,37,37,21,13,28,73,35,25
blue,PET,1250,502,1260,666,655,415,166,167,163,104,38,36,21,14,28,73,34,25
blue,PET,1273,501,1234,667,639,371,157,168,163,106,38,35,21,14,28,73,32,24
blue,PET,1292,472,1075,653,583,299,151,170,163,110,38,35,21,13,28,73,30,24
blue,PET,1305,459,970,653,565,279,151,169,162,110,38,35,21,14,28,73,30,24
blue,PET,1329,444,958,639,550,273,156,170,162,110,38,35,21,14,28,73,30,25
blue,PET,1348,468,1059,652,594,312,161,167,162,105,38,35,21,14,28,73,32,24
blue,PET,1260,475,1139,640,599,343,165,167,163,103,38,36,21,14,28,73,33,24
blue,PET,1273,480,1154,630,602,350,164,167,162,104,37,36,21,14,28,73,33,24
blue,PET,1236,504,1217,683,645,396,164,169,162,105,37,36,21,14,28,73,33,25
blue,PET,1247,497,1186,679,648,379,166,169,163,105,37,36,21,14,28,73,33,25
blue,PET,1231,494,1183,661,626,372,169,167,162,104,38,36,21,14,28,73,34,25
blue,PET,1220,505,1254,686,668,413,171,167,163,102,38,37,21,13,28,73,37,25
blue,PET,1284,502,1249,675,646,392,165,164,162,102,37,36,21,13,28,73,34,24
blue,PET,1352,500,1199,666,619,342,156,168,163,106,37,35,21,14,28,72,31,24
blue,PET,1354,458,1037,633,560,285,151,169,162,110,37,35,21,14,28,73,29,24
blue,PET,1280,444,966,637,559,276,151,170,162,110,37,35,21,13,28,73,29,24
blue,PET,1245,448,973,646,572,276,155,171,163,109,38,35,21,13,28,72,30,24
blue,PET,1273,463,1012,646,573,292,159,168,162,106,38,35,21,14,28,73,32,24
blue,PET,1344,466,1071,642,580,308,160,165,160,103,38,35,21,14,28,74,32,24
blue,PET,1342,466,1092,631,576,315,162,165,161,103,38,36,21,14,28,73,33,24
blue,PET,1291,481,1163,652,611,358,164,165,161,102,38,36,21,14,28,74,33,24
blue,PET,1257,493,1229,660,635,386,166,165,161,102,38,36,21,14,28,73,34,25
blue,PET,1256,506,1242,670,648,401,164,165,160,102,38,36,21,14,28,73,35,24
blue,PET,1275,497,1223,661,634,372,162,165,161,102,38,36,21,14,28,73,33,24
blue,PET,1299,472,1095,624,566,308,157,165,160,105,37,35,21,14,28,73,31,24
blue,PET,1267,473,1060,662,599,315,158,167,162,106,37,35,21,13,28,73,32,24
blue,PET,1271,475,1113,649,600,327,159,165,159,103,38,35,21,14,28,74,32,24
blue,PET,1310,481,1129,653,601,334,162,165,161,105,38,35,21,14,28,73,32,25
blue,PET,1327,477,1136,647,599,335,160,165,161,103,38,35,21,14,28,73,32,24
blue,PET,1345,475,1127,645,591,327,157,166,160,106,38,35,21,14,28,74,32,24
blue,PET,1366,460,1066,630,566,303,156,167,161,107,38,35,21,14,28,73,31,24
blue,PET,1281,462,1061,637,577,309,162,166,161,104,38,35,21,13,28,73,32,24
blue,PET,1294,483,1178,648,616,367,163,164,161,101,38,36,21,14,28,74,34,24
blue,PET,1310,480,1146,642,597,337,159,164,160,103,38,35,21,14,28,74,33,24
blue,PET,1299,472,1106,638,586,323,158,165,160,105,38,35,21,14,28,74,32,24
blue,PET,1323,466,1088,644,586,312,159,166,161,104,38,35,21,13,28,73,32,24
blue,PET,1305,472,1108,633,581,320,160,165,161,104,38,35,21,14,28,73,32,24
blue,PET,1297,466,1114,632,586,333,161,164,160,101,38,35,21,14,28,74,33,24
blue,PET,1293,464,1104,626,574,327,160,164,159,103,38,35,21,14,28,74,32,24
blue,PET,1299,468,1099,632,579,320,158,164,159,103,38,35,21,14,28,74,32,24
blue,PET,1316,464,1093,631,581,320,156,163,158,103,38,35,21,14,28,74,31,24
blue,PET,1318,465,1090,628,576,318,158,164,159,104,38,35,21,14,28,74,32,24
blue,PET,1285,484,1166,656,618,355,161,164,159,103,38,35,21,14,28,74,33,24
blue,PET,1284,497,1219,671,647,394,163,164,159,103,38,36,21,14,28,74,34,25
blue,PET,1308,485,1173,657,615,359,159,164,160,103,38,35,21,14,28,74,32,24
blue,PET,1354,478,1139,640,593,321,153,162,159,102,38,35,21,14,28,74,31,24
blue,PET,1310,455,1021,620,554,284,153,166,160,106,38,34,21,14,28,73,30,24
blue,PET,1312,455,1041,628,572,300,156,166,160,105,38,35,21,14,28,73,31,24
blue,PET,1312,470,1121,638,594,337,161,163,159,102,38,36,21,14,28,74,32,24
blue,PET,1274,479,1184,636,606,365,163,161,158,100,38,36,21,14,28,74,33,24
blue,PET,1301,488,1188,639,602,357,161,162,159,100,38,36,21,14,28,74,34,24
blue,PET,1318,468,1109,637,578,317,156,165,160,104,38,35,21,14,28,74,32,24
blue,PET,1309,464,1054,645,579,299,155,167,160,105,38,35,21,14,28,73,31,24
blue,PET,1285,464,1030,640,574,295,158,166,161,105,38,35,21,14,28,73,32,24
blue,PET,1257,476,1121,646,600,330,163,165,161,103,38,35,21,14,28,74,33,24
blue,PET,1262,492,1235,649,620,375,165,164,161,102,38,36,21,14,28,74,34,24
blue,PET,1276,484,1192,653,617,366,162,165,161,102,38,36,21,14,28,74,33,24
blue,PET,1277,492,1207,662,622,360,159,165,161,103,38,35,21,14,28,73,33,24
blue,PET,1301,468,1089,644,586,315,158,166,161,105,38,35,21,14,28,73,32,24
blue,PET,1303,473,1078,650,588,311,159,169,163,107,37,35,21,14,28,73,32,24
blue,PET,1303,466,1064,642,579,308,158,168,163,107,37,35,21,14,28,73,31,24
blue,PET,1375,465,1075,648,583,308,159,168,163,107,38,35,21,14,28,73,31,24
blue,PET,1308,464,1065,637,572,306,160,168,162,107,38,35,21,13,28,73,32,25
blue,PET,1288,471,1097,640,596,315,163,169,163,107,37,35,21,13,28,73,32,24
blue,PET,1277,475,1118,652,604,338,166,168,164,105,37,36,21,13,28,72,33,25
blue,PET,1280,485,1166,651,612,364,166,166,163,102,37,36,21,13,28,73,34,24
blue,PET,1292,483,1146,654,606,346,160,168,163,106,37,35,21,13,28,72,33,24
blue,PET,1281,479,1116,669,607,328,159,171,164,108,37,35,21,13,28,72,32,24
blue,PET,1294,482,1070,655,587,300,157,170,164,108,37,35,21,13,28,72,31,24
blue,PET,1313,448,975,646,561,287,158,170,164,108,37,35,21,13,28,72,31,24
blue,PET,1315,466,1051,650,588,310,161,170,164,108,37,35,21,13,28,72,32,24
blue,PET,1249,481,1073,664,619,348,165,169,164,106,37,36,21,13,28,72,33,25
blue,PET,1280,477,1143,654,601,340,166,168,164,104,37,36,21,13,28,72,33,24
blue,PET,1269,484,1169,657,620,373,166,168,164,105,37,36,21,13,28,72,33,24
blue,PET,1288,492,1197,666,633,380,165,168,164,105,37,36,21,13,28,72,32,24
blue,PET,1292,471,1085,638,586,319,158,170,164,106,37,35,21,13,28,72,31,24
blue,PET,1284,447,977,629,549,273,153,171,164,110,37,35,21,13,28,72,30,24
blue,PET,1286,443,937,632,547,267,154,172,164,111,37,35,21,14,28,72,30,24
blue,PET,1310,451,971,641,562,272,157,171,164,110,37,35,21,13,28,72,31,24
blue,PET,1271,463,998,655,579,289,161,171,164,108,37,35,21,13,28,72,32,25
blue,PET,1303,480,1091,664,600,314,164,169,164,106,37,35,21,14,28,72,33,25
blue,PET,1278,475,1137,657,602,330,166,168,164,103,37,36,21,13,28,72,33,24
blue,PET,1243,480,1174,642,609,358,166,168,163,105,37,36,21,13,28,72,33,25
blue,PET,1274,478,1174,644,607,356,166,167,163,104,37,36,21,13,28,72,33,25
blue,PET,1263,487,1173,653,611,352,166,169,164,104,37,36,21,13,28,72,33,25
blue,PET,1277,481,1142,661,614,347,164,170,164,107,37,35,21,13,28,72,32,25
blue,PET,1314,476,1117,654,592,322,162,171,165,109,37,35,21,13,28,72,32,25
blue,PET,1276,481,1087,673,599,315,160,172,165,109,37,35,21,13,28,72,32,24
blue,PET,1286,479,1051,668,603,307,160,172,165,108,37,35,21,13,28,72,31,24
blue,PET,1282,474,1063,658,592,305,160,171,164,108,37,35,21,13,28,72,32,24
blue,PET,1300,475,1101,657,597,321,163,171,164,108,37,35,21,13,28,72,32,24
blue,PET,1283,475,1123,643,592,330,165,169,165,107,37,36,21,13,28,72,33,25
blue,PET,1301,478,1130,649,599,338,165,169,165,107,37,36,21,13,28,72,33,25
blue,PET,1267,464,1104,637,584,324,163,171,165,106,37,35,21,13,28,72,33,24
blue,PET,1259,486,1124,676,624,339,163,171,165,107,37,35,21,14,28,72,32,24
blue,PET,1246,462,1048,646,576,299,152,168,161,108,38,35,21,14,28,73,30,24
blue,PET,1295,485,1166,643,605,347,155,166,160,106,38,35,21,14,28,74,32,24
blue,PET,1309,493,1233,646,627,379,162,162,160,100,38,36,21,14,28,74,34,24
blue,PET,1291,497,1241,663,640,389,164,161,160,99,38,36,21,14,28,74,34,24
blue,PET,1284,487,1185,655,617,360,162,163,160,103,38,36,21,14,28,74,33,24
blue,PET,1280,470,1122,642,596,331,158,163,159,103,38,35,21,14,28,74,33,24
blue,PET,1308,462,1101,615,566,317,156,162,158,102,38,35,21,14,28,75,32,24
blue,PET,1312,470,1126,622,582,331,156,160,158,100,38,35,21,14,28,75,32,24
blue,PET,1360,470,1143,618,582,335,156,159,156,99,39,35,21,14,28,75,32,24
blue,PET,1350,483,1162,640,601,343,156,159,157,99,39,35,21,14,28,75,32,24
blue,PET,1325,478,1163,641,596,344,156,159,157,100,39,35,21,14,28,76,32,24
blue,PET,1313,477,1153,631,590,341,157,160,156,101,39,35,21,14,28,75,32,24
blue,PET,1293,474,1163,629,593,349,156,160,157,100,39,35,21,14,28,75,32,24
blue,PET,1284,479,1177,631,602,362,158,159,156,99,38,35,21,14,28,75,33,24
blue,PET,1329,479,1176,635,603,358,159,160,157,99,38,36,21,14,28,75,32,24
blue,PET,1337,484,1177,643,605,357,159,160,158,99,38,36,21,14,28,75,33,24
blue,PET,1289,479,1183,636,604,359,158,160,158,100,38,36,21,14,28,75,33,24
blue,PET,1284,482,1177,640,613,362,158,160,157,100,39,36,21,14,28,75,33,24
blue,PET,1309,486,1162,655,611,349,157,161,157,101,38,35,21,14,28,75,33,24
blue,PET,1304,494,1167,652,607,354,156,160,156,100,39,35,21,14,28,76,32,24
blue,PET,1288,483,1196,639,607,363,155,158,155,98,39,35,21,14,28,77,33,24
blue,PET,1261,491,1246,646,630,373,156,157,154,97,39,35,21,14,28,77,33,24
blue,PET,1236,507,1298,657,653,423,158,156,154,95,39,36,21,14,28,77,34,24
blue,PET,1211,502,1303,656,655,433,160,155,154,94,39,37,21,14,28,77,34,24
blue,PET,1268,504,1299,651,653,418,160,154,154,94,39,37,21,14,28,77,34,24
blue,PET,1271,490,1237,651,637,403,159,155,154,95,39,36,21,14,28,77,34,24
blue,PET,1394,496,1177,660,622,351,156,157,154,98,39,35,21,14,28,76,33,24
blue,PET,1346,487,1157,660,608,330,153,159,155,99,39,35,21,14,28,76,32,24
blue,PET,1362,495,1190,663,616,368,152,159,155,100,39,35,21,14,28,76,32,24
blue,PET,1341,504,1254,666,645,401,156,158,155,100,39,36,21,14,28,76,34,24
blue,PET,1312,500,1265,666,635,398,158,156,155,98,39,36,21,14,28,76,34,24
blue,PET,1323,491,1205,655,622,368,158,157,155,98,39,36,21,14,28,76,33,24
blue,PET,1316,490,1211,647,620,370,155,158,155,99,39,36,21,14,29,76,33,24
blue,PET,1302,489,1205,631,608,379,157,156,155,97,39,36,21,14,28,77,34,24
blue,PET,1303,496,1269,638,624,389,160,154,155,94,39,36,21,14,28,77,34,24
blue,PET,1283,490,1240,635,614,375,160,155,155,94,39,37,21,14,28,77,34,24
blue,PET,1289,480,1201,627,599,362,159,155,155,96,39,36,21,14,28,77,33,24
blue,PET,1274,474,1184,625,591,362,157,157,155,97,39,36,21,14,28,77,33,24
blue,PET,1318,475,1189,612,589,355,156,156,155,96,39,36,21,14,28,77,32,24
blue,PET,1330,528,1353,659,671,422,158,155,155,95,39,36,21,14,29,77,33,24
blue,PET,1336,505,1243,672,648,405,157,156,155,96,39,36,21,14,29,77,33,24
blue,PET,1287,509,1192,688,653,365,156,158,155,99,39,36,21,14,28,77,33,24
blue,PET,1313,490,1160,660,607,332,155,159,154,101,39,35,21,14,28,77,33,24
blue,PET,1290,502,1266,641,620,387,154,158,155,99,39,35,21,14,28,77,33,24
blue,PET,1257,498,1282,634,630,410,160,154,155,96,39,37,21,14,29,77,34,24
blue,PET,1267,501,1282,663,652,411,162,155,155,95,39,37,21,14,29,77,35,24
blue,PET,1303,489,1202,641,611,351,158,157,155,96,39,36,21,14,29,77,33,24
blue,PET,1302,487,1174,640,599,348,154,158,154,100,39,35,21,14,28,77,33,24
blue,PET,1284,493,1195,638,601,366,155,157,155,98,39,35,21,14,29,77,33,24
blue,PET,1290,511,1260,667,631,432,159,155,154,96,39,36,21,14,28,77,34,24
blue,PET,1267,493,1210,647,621,377,159,155,155,96,39,36,21,14,29,77,34,24
blue,PET,1286,467,1121,624,576,325,157,158,155,98,39,36,21,14,28,76,32,24
blue,PET,1287,474,1141,626,580,334,154,158,155,98,39,35,21,14,28,77,32,24
blue,PET,1292,506,1221,664,617,394,157,157,156,97,39,36,21,14,28,77,33,24
blue,PET,1261,539,1373,708,691,478,161,156,155,96,39,37,21,14,29,77,35,24
blue,PET,1226,529,1398,692,707,468,162,156,155,96,39,37,21,14,29,77,35,24
blue,PET,1252,501,1285,651,650,426,162,158,155,97,39,37,21,14,29,77,35,24
blue,PET,1262,476,1181,616,593,362,161,157,157,96,39,36,21,14,28,76,34,24
blue,PET,1284,455,1107,593,557,324,158,158,157,98,39,36,21,14,29,76,32,24
blue,PET,1273,464,1122,601,569,323,155,158,157,99,39,35,21,14,29,76,31,24
blue,PET,1250,482,1203,627,599,360,158,159,157,98,39,36,21,14,29,76,32,24
blue,PET,1272,486,1212,631,607,369,159,159,157,98,39,36,21,14,29,76,33,24
blue,PET,1229,481,1211,634,610,381,161,157,157,96,39,36,21,14,29,76,33,24
blue,PET,1232,486,1254,626,621,395,163,156,157,95,39,37,21,14,29,76,34,24
blue,PET,1230,485,1257,624,622,397,162,155,157,93,39,37,21,14,29,76,34,24
blue,PET,1245,481,1215,627,606,368,163,155,157,95,39,37,21,14,29,76,34,24
blue,PET,1232,472,1161,621,585,341,161,157,157,96,39,36,21,14,29,76,33,24
blue,PET,1225,460,1132,606,570,336,160,159,157,98,39,36,21,14,29,76,32,24
blue,PET,1263,474,1185,627,595,360,158,158,157,97,39,36,21,14,29,76,32,24
blue,PET,1228,470,1175,619,590,347,158,158,157,97,39,36,21,14,29,76,32,24
blue,PET,1241,447,1057,601,544,304,157,159,158,98,39,36,21,14,29,76,33,24
blue,PET,1262,465,1098,616,573,314,154,159,157,98,39,36,21,14,29,76,31,24
blue,PET,1263,488,1216,640,617,379,156,159,157,98,39,36,21,14,29,76,31,24
blue,PET,1203,495,1330,628,642,430,161,155,157,94,39,37,21,14,29,76,34,24
blue,PET,1140,509,1392,646,679,467,165,151,157,91,39,39,21,14,29,77,36,24
blue,PET,1196,505,1353,654,663,438,165,153,157,91,39,39,21,14,29,77,35,24
blue,PET,1274,490,1257,641,626,396,162,157,157,96,39,37,21,14,29,76,34,24
blue,PET,1329,470,1144,624,588,345,158,158,157,99,39,36,21,14,29,76,32,24
blue,PET,1269,467,1111,620,571,319,153,159,157,99,39,35,21,14,29,76,32,24
blue,PET,1232,464,1151,608,568,334,156,159,157,99,39,35,21,14,29,76,32,24
blue,PET,1234,497,1334,634,645,436,161,156,157,95,39,37,21,14,29,76,34,24
blue,PET,1205,484,1270,619,625,408,163,154,157,93,39,37,21,14,29,76,34,24
blue,PET,1248,510,1287,668,661,425,163,155,157,94,39,37,21,14,29,76,34,24
blue,PET,1263,473,1153,633,596,348,161,159,158,96,39,36,21,14,29,76,33,24
blue,PET,1257,464,1094,631,577,319,157,160,158,99,39,35,21,14,29,76,32,24
blue,PET,1241,464,1134,620,572,326,153,161,158,100,39,35,21,14,28,76,31,24
blue,PET,1210,487,1232,635,610,383,158,160,158,98,39,36,21,14,29,76,33,24
blue,PET,1142,478,1294,615,633,422,166,154,159,92,39,38,21,14,29,76,34,24
blue,PET,1181,494,1332,631,652,441,165,153,157,92,39,38,21,14,29,77,35,24
blue,PET,1175,483,1274,625,634,420,165,155,158,94,39,38,21,14,29,77,34,24
blue,PET,1195,463,1174,603,585,363,163,158,158,97,39,37,21,14,29,76,33,24
blue,PET,1264,456,1128,601,568,338,161,159,158,98,39,36,21,14,29,76,33,24
blue,PET,1301,457,1134,595,558,328,160,159,158,98,39,36,21,14,29,76,32,24
blue,PET,1251,459,1159,595,568,335,159,158,159,97,39,36,21,14,29,76,33,24
blue,PET,1200,471,1226,605,598,370,162,158,159,97,39,37,21,14,29,76,33,24
blue,PET,1190,492,1301,635,641,416,165,158,159,96,39,38,21,14,29,77,35,24
blue,PET,1132,471,1281,600,615,394,166,155,159,93,39,38,21,14,29,77,35,24
blue,PET,1128,467,1251,600,610,389,166,154,159,92,39,38,21,14,29,77,35,24
blue,PET,1190,452,1139,591,569,343,164,156,158,94,39,37,21,14,29,76,33,24
blue,PET,1222,440,1074,588,540,321,161,160,159,99,39,36,21,14,29,76,32,24
blue,PET,1206,455,1148,595,571,356,159,160,159,98,39,36,21,14,29,76,31,24
blue,PET,1242,473,1167,618,607,384,161,158,159,96,39,37,21,14,29,76,32,24
blue,PET,1207,473,1202,631,614,391,164,158,159,98,39,37,21,14,29,76,33,24
blue,PET,1193,474,1202,622,609,384,164,159,159,97,39,37,21,14,29,76,33,24
blue,PET,1185,475,1215,618,608,393,163,159,159,98,39,37,21,14,29,76,33,24
blue,PET,1159,470,1235,602,606,386,166,156,159,94,39,38,21,14,29,76,34,24
blue,PET,1143,452,1209,580,583,370,166,156,159,94,39,38,21,14,29,76,34,24
blue,PET,1194,470,1246,599,607,398,164,154,158,93,39,38,21,14,29,77,33,24
blue,PET,1259,465,1207,601,593,372,162,154,157,94,39,37,21,14,29,77,33,24
blue,PET,1206,460,1174,600,583,356,162,156,158,95,39,37,21,14,29,77,33,24
blue,PET,1214,451,1120,599,565,329,162,159,159,97,39,37,21,14,29,76,32,24
blue,PET,1228,447,1080,603,563,321,159,160,159,100,39,36,21,14,29,76,31,24
blue,PET,1213,475,1181,632,602,366,157,160,158,99,39,36,21,14,29,76,31,24
blue,PET,1170,478,1262,620,623,405,163,158,159,96,39,37,21,14,29,77,34,24
blue,PET,1151,487,1302,627,645,424,165,154,158,92,39,38,21,14,29,76,35,24
blue,PET,1162,495,1292,633,643,430,165,157,158,95,39,38,21,14,29,76,34,24
blue,PET,1163,479,1250,622,623,407,164,158,159,96,39,37,21,14,29,76,33,24
blue,PET,1167,465,1209,607,596,379,163,159,159,96,39,37,21,14,29,76,33,24
blue,PET,1154,472,1204,617,610,394,164,158,159,95,39,37,21,14,29,76,34,24
blue,PET,1199,455,1157,602,572,348,163,159,159,96,39,37,21,14,29,76,33,24
blue,PET,1161,457,1161,598,578,359,162,159,159,96,39,36,21,14,29,76,32,24
blue,PET,1224,472,1218,621,611,397,163,159,159,98,39,37,21,14,29,76,33,24
blue,PET,1221,483,1266,633,631,416,165,160,159,98,39,37,21,14,29,76,34,24
blue,PET,1232,487,1258,643,638,417,164,158,159,97,39,37,21,14,29,76,34,24
blue,PET,1226,494,1279,647,651,425,165,158,159,98,39,37,21,14,29,76,34,24
blue,PET,1182,491,1280,648,652,432,165,158,159,97,39,38,21,14,29,76,35,24
blue,PET,1287,512,1299,661,657,420,158,156,155,95,40,36,21,14,29,77,34,24
blue,PET,1272,495,1264,646,637,409,159,156,155,97,39,36,21,14,28,77,33,24
blue,PET,1205,466,1218,597,593,374,161,156,157,95,39,37,21,14,29,77,34,24
blue,PET,1263,487,1262,618,631,411,159,152,155,93,40,37,21,14,29,78,33,24
blue,PET,1283,502,1286,656,649,432,159,155,153,95,39,37,21,14,29,77,33,24
blue,PET,1235,487,1237,634,620,400,159,157,156,97,39,36,21,14,29,77,33,24
blue,PET,1246,497,1292,643,646,422,158,156,155,95,39,36,21,14,29,77,34,24
blue,PET,1228,496,1321,648,652,414,159,156,156,96,39,36,21,14,29,77,33,24
blue,PET,1246,489,1240,651,634,412,162,159,156,97,39,37,21,14,29,76,34,24
blue,PET,1231,506,1329,660,662,437,159,154,154,93,40,37,21,14,29,77,34,24
blue,PET,1210,494,1254,643,632,414,159,156,154,95,39,37,21,14,29,78,34,24
blue,PET,1172,482,1248,623,621,401,163,156,157,94,39,37,21,14,29,77,33,24
blue,PET,1175,468,1208,618,607,385,162,159,158,96,39,37,21,14,29,76,32,24
blue,PET,1244,498,1250,633,622,388,156,154,154,95,39,36,21,14,29,77,33,24
blue,PET,1270,499,1317,659,650,414,158,155,154,95,40,36,21,14,29,78,33,24
blue,PET,1225,509,1320,651,650,415,158,155,154,94,40,36,21,14,29,77,34,24
blue,PET,1232,494,1269,645,637,413,159,155,155,95,39,36,21,14,29,77,34,24
blue,PET,1372,519,1270,678,648,388,152,153,150,95,39,35,21,14,28,78,34,24
blue,PET,1317,501,1233,655,628,378,157,156,154,97,39,36,21,14,28,77,34,24
blue,PET,1357,499,1240,647,615,372,155,155,154,96,40,36,22,14,29,78,33,24
blue,PET,1324,513,1302,660,645,412,156,155,155,96,39,36,21,14,29,77,34,24
blue,PET,1329,523,1326,680,663,416,159,155,155,96,39,36,22,14,29,77,34,24
