black,PET,375,112,339,60,172,252,59,54,94,40,45,25,18,14,26,92,13,16
black,PET,470,117,336,63,171,252,60,55,95,41,45,25,18,14,26,92,13,16
black,PET,453,112,323,63,166,240,60,54,95,40,45,25,18,14,26,91,13,16
black,PET,392,103,310,59,155,229,60,54,95,40,45,25,18,14,26,91,13,16
black,PET,411,100,303,54,145,220,59,54,95,40,45,25,18,14,26,91,13,16
black,PET,390,106,329,57,163,241,59,54,95,40,45,25,18,14,26,91,13,16
black,PET,419,110,327,58,163,244,58,53,94,40,45,25,18,14,26,91,13,16
black,PET,422,116,341,61,172,258,58,53,94,40,45,25,18,14,26,91,13,16
black,PET,392,110,334,60,171,252,59,53,94,40,45,25,18,14,26,92,13,16
black,PET,382,107,329,60,164,246,59,54,94,40,45,25,18,14,26,91,13,16
black,PET,392,116,355,65,180,264,60,54,95,40,45,25,18,14,26,91,13,16
black,PET,444,118,343,62,173,252,60,54,95,40,45,25,18,14,26,91,13,16
black,PET,444,109,319,63,156,248,59,54,95,40,45,25,18,14,26,91,13,16
black,PET,386,106,319,61,162,236,59,54,95,40,45,25,18,14,26,91,13,16
black,PET,396,99,304,56,149,223,59,54,94,40,45,25,17,14,26,91,13,16
black,PET,426,100,292,53,143,217,59,54,94,40,45,25,18,14,26,91,13,16
black,PET,394,99,303,52,144,223,59,53,94,40,45,25,18,14,26,91,13,16
black,PET,380,90,275,51,135,210,59,53,94,40,45,25,18,14,26,92,12,16
black,PET,358,108,319,57,167,251,58,53,94,40,45,25,18,14,26,92,13,16
black,PET,367,106,344,57,170,252,58,53,94,40,45,25,18,14,26,91,13,16
black,PET,368,105,341,52,165,251,57,52,93,39,45,24,17,14,26,92,13,16
black,PET,379,109,348,55,161,247,57,52,93,39,45,25,18,14,26,92,12,16
black,PET,378,110,357,62,178,264,58,53,93,40,45,25,18,14,26,92,13,16
black,PET,388,98,301,52,141,216,58,53,94,39,45,25,17,14,26,92,13,16
black,PET,393,92,280,48,134,208,58,53,93,39,45,25,18,14,26,91,13,16
black,PET,379,97,291,53,145,228,58,53,94,39,45,25,17,14,26,92,13,16
black,PET,374,107,349,58,170,257,59,54,94,40,45,25,18,14,26,91,13,16
black,PET,380,99,305,55,149,228,59,53,94,40,45,25,18,14,26,91,13,16
black,PET,409,97,288,52,141,213,59,53,95,40,45,25,18,14,26,91,13,16
black,PET,402,107,318,54,156,234,58,53,95,40,45,25,18,14,26,91,13,16
black,PET,407,105,313,58,161,232,59,53,95,40,45,25,18,14,26,91,13,16
black,PET,424,110,326,59,159,236,59,54,95,41,45,25,18,14,26,91,13,16
black,PET,411,99,305,53,150,220,60,55,95,40,45,25,18,14,26,91,13,16
black,PET,397,102,309,58,153,228,60,55,95,40,45,25,18,14,26,91,13,16
black,PET,387,99,306,55,148,222,60,54,95,40,45,25,18,14,26,91,13,16
black,PET,396,103,308,58,153,228,60,54,95,40,45,25,18,14,26,91,13,16
black,PET,397,101,297,54,150,222,59,54,95,40,45,25,18,14,26,91,13,16
black,PET,399,105,301,55,151,225,59,54,95,40,45,25,18,14,26,91,13,16
black,PET,392,98,294,55,147,224,59,53,95,40,45,25,18,14,26,91,13,16
black,PET,392,101,295,54,147,220,59,53,95,40,45,25,18,14,26,91,13,16
black,PET,415,101,302,53,145,223,59,54,95,40,45,25,18,14,26,91,13,16
black,PET,418,101,317,55,153,240,59,54,95,40,45,25,18,14,26,91,13,16
black,PET,403,114,361,61,184,265,60,54,96,40,45,25,18,14,26,91,13,16
black,PET,386,117,372,66,187,272,60,54,96,40,45,25,18,14,26,91,13,16
black,PET,388,108,340,63,170,256,59,54,95,40,45,25,18,14,26,91,13,16
black,PET,391,117,368,63,184,270,60,54,96,40,45,25,18,14,26,91,13,16
black,PET,388,118,368,63,184,272,60,54,95,40,45,25,18,15,26,91,13,16
black,PET,391,108,331,58,169,249,60,54,96,40,45,25,18,14,26,91,13,16
black,PET,414,109,324,58,161,237,60,54,96,40,45,25,18,14,26,91,13,16
black,PET,392,106,321,58,162,238,59,53,95,40,45,25,18,14,26,91,13,16
black,PET,406,111,325,60,167,246,59,53,95,40,45,25,18,14,26,91,13,16
black,PET,400,110,333,57,163,244,58,53,95,40,45,25,18,14,26,91,13,16
black,PET,466,128,362,65,183,267,59,54,95,40,45,25,18,14,26,91,13,16
black,PET,484,122,359,65,182,261,60,54,95,40,45,25,18,14,26,91,13,16
black,PET,454,127,373,65,188,271,60,54,95,40,45,25,18,15,26,91,13,16
black,PET,429,115,334,59,165,243,60,54,95,40,45,25,18,14,26,91,13,16
black,PET,415,106,311,55,155,230,59,54,95,40,45,25,18,14,26,91,13,16
black,PET,424,112,327,62,168,244,60,54,95,40,45,25,18,14,26,91,13,16
black,PET,407,107,324,59,162,237,60,54,95,40,45,25,18,14,26,91,13,16
black,PET,408,107,313,57,157,240,59,54,95,40,45,25,18,15,26,91,13,16
black,PET,400,111,347,56,165,251,59,54,95,40,45,25,18,15,26,92,13,16
black,PET,407,107,325,56,163,246,60,54,95,40,45,25,18,14,26,91,13,16
black,PET,374,118,393,62,185,277,59,53,95,40,45,25,17,14,26,91,13,16
black,PET,373,120,404,66,208,300,59,54,95,40,45,25,18,14,26,91,13,16
black,PET,364,129,410,66,217,304,59,54,95,41,45,25,17,14,26,91,13,16
black,PET,375,132,417,72,218,312,59,54,95,40,45,25,18,14,26,91,13,16
black,PET,372,136,444,73,227,319,59,54,95,40,45,25,18,14,26,91,13,16
black,PET,370,124,386,68,206,288,60,55,95,41,45,25,18,14,26,91,14,16
black,PET,367,115,362,64,185,265,60,55,95,41,45,25,18,14,26,91,14,16
black,PET,376,124,377,63,197,277,60,55,95,41,45,25,18,14,26,91,13,16
black,PET,379,116,348,59,178,259,59,53,95,40,45,25,18,15,26,91,14,16
black,PET,391,117,363,59,185,268,59,53,95,40,45,25,18,14,26,91,14,16
black,PET,385,114,344,58,182,260,58,53,94,40,45,25,18,14,26,92,13,16
black,PET,364,128,407,69,221,313,58,52,94,40,45,25,17,14,26,92,14,16
black,PET,360,126,397,71,212,303,59,53,94,40,45,25,18,14,26,92,13,16
black,PET,363,125,397,70,204,287,60,54,94,40,45,25,18,14,26,92,14,16
black,PET,381,130,402,69,214,297,60,55,94,40,45,25,18,14,26,92,14,16
black,PET,412,123,357,61,185,265,60,54,94,40,45,25,17,14,26,91,14,16
black,PET,416,110,320,58,163,242,59,54,95,40,45,25,18,14,26,91,13,16
black,PET,411,116,346,58,178,258,59,53,94,40,45,25,18,14,26,91,13,16
black,PET,405,126,372,62,187,265,59,54,94,40,45,25,18,14,26,91,13,16
black,PET,418,111,326,58,165,242,59,54,94,40,45,25,18,14,26,91,13,16
black,PET,420,120,358,62,179,259,59,54,94,40,45,25,18,14,26,91,13,16
black,PET,399,124,387,65,197,280,59,54,95,40,45,25,18,14,26,91,13,16
black,PET,405,130,398,66,203,283,59,54,95,40,45,25,18,14,26,91,13,16
black,PET,369,124,390,66,203,289,59,54,94,40,45,25,18,14,26,91,13,16
black,PET,355,123,391,60,202,294,59,54,95,40,45,25,18,14,26,91,14,16
black,PET,363,123,407,59,200,301,59,54,95,41,45,25,18,14,26,91,14,16
black,PET,373,113,370,61,188,279,59,54,95,41,45,25,18,14,26,91,14,16
black,PET,370,116,365,64,197,283,59,54,95,40,45,25,18,14,26,91,14,16
black,PET,375,111,351,61,178,262,59,54,94,40,45,25,18,14,26,91,13,16
black,PET,367,127,403,72,211,298,60,55,94,40,45,25,18,14,26,91,13,16
black,PET,378,111,337,64,173,247,60,55,94,40,45,25,18,14,26,91,14,16
black,PET,390,108,334,62,167,245,60,55,94,40,45,25,18,14,26,91,14,16
black,PET,424,109,321,59,161,239,60,55,94,40,45,25,18,14,26,91,14,16
black,PET,413,111,332,57,166,246,59,54,94,40,45,25,18,14,26,91,13,16
black,PET,421,111,331,59,171,250,59,54,94,40,45,25,18,14,26,91,13,16
black,PET,393,116,349,59,173,249,59,54,94,40,45,25,18,14,26,91,13,16
black,PET,398,107,321,57,162,237,59,54,94,40,45,25,18,14,26,91,13,16
black,PET,400,108,328,57,163,241,59,54,94,40,45,25,18,14,26,91,13,16
black,PET,403,110,335,59,163,240,59,54,94,40,45,25,18,14,26,91,13,16
black,PET,412,114,336,62,172,248,59,54,94,40,45,25,18,14,26,91,13,16
black,PET,414,116,342,60,170,247,60,55,94,40,45,25,18,14,26,91,13,16
black,PET,399,109,324,56,161,235,60,54,94,40,45,25,18,14,26,91,13,16
black,PET,406,107,318,56,158,233,60,55,95,40,45,25,18,14,26,91,13,16
black,PET,395,102,301,57,151,224,60,54,95,40,45,25,18,14,26,91,13,16
black,PET,394,99,304,57,150,223,59,54,95,40,45,25,18,14,26,91,13,16
black,PET,379,99,305,55,149,221,59,54,95,40,45,25,18,14,26,91,13,16
black,PET,395,113,338,58,165,243,59,54,95,40,45,25,18,14,26,91,13,16
black,PET,427,121,354,62,177,255,60,54,94,40,45,25,18,14,26,91,13,16
black,PET,422,114,341,60,174,252,60,54,94,40,45,25,18,14,26,91,13,16
black,PET,436,117,346,60,170,249,60,54,95,40,45,25,18,14,26,91,13,16
black,PET,416,114,344,60,174,254,59,54,95,40,45,25,18,15,26,91,13,16
black,PET,414,119,347,61,177,256,59,54,95,40,45,25,18,14,26,91,13,16
black,PET,410,132,403,65,205,290,59,53,95,40,45,25,18,14,26,91,13,16
black,PET,377,130,430,62,205,298,59,54,95,41,45,25,18,14,26,91,13,16
black,PET,369,122,395,65,208,300,60,55,95,41,45,25,18,15,26,91,14,16
black,PET,376,136,426,68,222,314,60,55,95,41,45,25,18,14,26,91,14,16
black,PET,380,143,448,72,230,326,60,55,95,41,45,25,18,14,26,91,14,16
black,PET,374,131,429,70,214,308,59,54,95,41,45,25,18,14,26,91,14,16
black,PET,367,121,391,64,196,278,59,54,95,41,45,25,18,14,26,91,14,16
black,PET,433,117,343,66,173,251,60,55,94,41,45,25,18,14,26,91,14,16
black,PET,484,117,333,63,172,250,60,55,94,41,45,25,18,14,26,91,13,16
black,PET,433,118,343,61,171,245,61,55,95,40,45,25,18,14,26,91,13,16
black,PET,398,104,311,56,158,231,60,55,94,40,45,25,18,14,26,91,13,16
black,PET,373,97,293,53,150,219,59,54,95,40,45,25,18,14,26,91,13,16
black,PET,382,98,291,53,147,218,59,53,95,40,45,25,18,14,26,91,13,16
black,PET,391,94,284,51,141,212,58,53,95,40,45,25,18,14,26,91,13,16
black,PET,401,99,291,54,144,217,59,54,95,40,45,25,18,14,26,91,13,16
black,PET,390,97,284,54,144,216,59,54,95,40,45,25,18,14,26,91,13,16
black,PET,390,105,315,57,161,244,59,54,95,40,45,25,18,15,26,91,13,16
black,PET,369,110,345,57,172,256,59,53,95,40,45,25,18,14,26,91,13,16
black,PET,380,98,298,51,148,225,59,53,95,40,45,25,18,15,26,91,13,16
black,PET,391,98,301,52,148,223,59,53,95,40,45,25,18,14,26,91,13,16
black,PET,382,101,302,56,153,230,59,54,95,40,45,25,18,15,26,91,13,16
black,PET,387,99,298,58,157,230,59,54,95,40,45,25,18,14,26,91,13,16
black,PET,378,106,330,60,167,245,60,54,95,40,45,25,18,14,26,91,13,16
black,PET,380,105,339,57,159,239,60,54,95,40,45,25,18,15,26,91,13,16
black,PET,380,102,316,58,163,243,60,54,95,40,45,25,18,14,26,91,13,16
black,PET,374,103,315,57,160,238,60,54,95,40,45,25,18,15,26,91,13,16
black,PET,383,99,302,53,147,224,59,54,95,40,45,25,18,15,26,91,13,16
black,PET,381,103,322,55,161,240,59,54,95,40,45,25,18,14,26,91,13,16
black,PET,379,107,341,58,169,253,60,55,95,40,45,25,18,14,26,91,13,16
black,PET,399,101,307,54,149,227,60,55,96,40,45,25,18,14,26,91,13,16
black,PET,379,114,343,62,172,250,59,54,95,40,45,25,18,14,26,91,13,16
black,PET,372,109,333,59,170,248,58,53,94,40,45,25,18,14,26,91,13,16
black,PET,379,111,338,56,170,253,58,53,94,40,45,25,18,14,26,91,13,16
black,PET,399,116,351,51,171,257,58,52,95,40,45,25,18,14,26,91,13,16
black,PET,422,106,318,50,155,237,58,53,95,40,45,25,18,14,26,91,13,16
black,PET,437,111,327,60,167,243,60,55,95,40,45,25,18,14,26,91,13,16
black,PET,397,125,377,79,204,282,61,57,95,41,45,25,18,14,26,91,14,16
black,PET,378,140,433,86,231,317,62,58,95,41,45,26,18,15,26,91,14,16
black,PET,370,126,399,70,211,298,62,57,95,41,45,25,18,14,26,91,14,16
black,PET,369,128,409,65,218,307,60,55,95,41,45,25,18,15,26,91,14,16
black,PET,380,130,415,65,218,313,59,54,95,41,45,25,18,14,26,91,13,16
black,PET,371,127,394,62,198,285,59,54,95,41,45,25,18,14,26,91,14,16
black,PET,367,135,418,67,206,295,59,54,95,41,45,25,18,14,26,91,14,16
black,PET,359,134,430,71,226,313,60,54,95,41,45,25,18,14,26,91,14,16
black,PET,390,114,351,61,179,258,60,55,95,41,45,25,18,14,26,91,14,16
black,PET,383,146,455,77,238,330,60,55,95,41,45,25,18,14,26,91,14,16
black,PET,394,119,359,65,195,272,60,55,95,41,45,25,18,14,26,91,14,16
black,PET,388,126,386,65,197,277,60,55,95,41,45,25,18,14,26,91,14,16
black,PET,373,122,359,62,187,262,60,55,95,41,45,25,18,14,26,91,14,16
black,PET,385,124,375,63,192,268,60,55,95,41,45,25,18,15,26,91,14,16
black,PET,397,121,369,64,183,261,60,55,95,41,45,25,18,14,26,91,14,16
black,PET,428,115,341,65,175,258,60,55,95,41,45,25,18,14,26,91,13,16
black,PET,446,117,373,62,171,255,60,55,95,40,45,25,18,14,26,91,13,16
black,PET,454,116,328,65,171,245,60,55,95,41,45,25,18,14,26,91,13,16
black,PET,436,109,335,62,165,245,60,55,95,41,45,25,18,14,26,91,13,16
black,PET,421,108,329,61,161,236,60,55,95,40,45,25,18,14,26,91,13,16
black,PET,430,108,312,61,158,234,60,55,95,40,45,25,18,14,26,91,13,16
black,PET,422,107,314,60,165,240,60,55,95,40,45,25,18,14,26,91,13,16
black,PET,398,112,332,63,170,249,60,55,95,41,45,25,18,14,26,91,13,16
black,PET,405,109,328,57,167,246,60,54,95,41,45,25,18,14,26,91,13,16
black,PET,443,125,361,54,177,260,59,54,95,41,45,25,17,14,26,91,13,16
black,PET,440,120,348,52,169,250,59,54,96,41,45,25,18,14,26,91,13,16
black,PET,431,125,353,55,176,252,59,54,95,41,45,25,18,14,26,91,13,16
black,PET,410,130,386,61,195,276,59,53,95,40,45,25,18,14,26,91,13,16
black,PET,422,120,360,65,182,260,59,54,95,40,45,25,18,14,26,91,13,16
black,PET,381,132,401,81,213,292,60,54,95,41,45,25,18,14,26,91,14,16
black,PET,370,142,432,86,224,307,61,56,96,41,45,25,18,14,26,91,14,16
black,PET,408,116,354,64,174,253,60,55,95,41,45,25,18,14,26,91,13,16
black,PET,395,115,347,64,178,254,61,56,95,41,45,25,18,14,26,91,14,16
black,PET,383,143,444,73,222,305,61,56,95,41,45,25,18,14,26,91,14,16
black,PET,390,138,429,75,227,313,62,57,96,41,45,26,18,14,26,91,14,16
black,PET,401,132,414,65,200,281,61,56,96,41,45,26,18,14,26,91,14,16
black,PET,416,120,367,60,193,273,61,56,95,41,45,25,18,14,26,91,14,16
black,PET,411,117,344,62,178,252,60,55,95,41,45,25,18,14,26,91,14,16
black,PET,414,112,334,60,171,250,59,54,95,41,45,25,18,14,26,91,13,16
black,PET,420,109,335,61,167,245,59,54,95,41,45,25,18,14,26,90,13,16
black,PET,423,111,321,61,163,242,59,55,95,41,45,25,18,14,26,91,13,16
black,PET,399,112,335,60,167,244,60,55,95,41,45,25,18,14,26,91,13,16
black,PET,398,127,384,64,191,271,60,55,95,41,45,25,18,14,26,91,14,16
black,PET,396,130,377,69,207,282,60,55,95,41,45,25,18,14,26,91,14,16
black,PET,405,131,397,71,211,291,60,55,95,41,45,25,18,14,26,91,14,16
black,PET,397,130,404,68,210,290,60,56,95,41,45,25,18,14,26,91,14,16
black,PET,393,127,398,67,206,287,60,55,95,41,45,26,18,14,26,91,14,16
black,PET,397,132,396,68,204,284,60,55,95,41,45,25,18,14,26,91,14,16
black,PET,393,137,423,70,216,301,60,55,95,41,45,25,18,14,26,91,14,16
black,PET,356,123,396,64,204,290,60,55,95,41,45,25,18,14,26,91,14,16
black,PET,357,122,396,64,206,299,59,54,95,41,45,25,18,14,26,91,14,16
black,PET,379,112,349,62,182,268,59,53,95,40,45,25,18,14,26,91,13,16
black,PET,387,114,346,66,181,265,59,53,95,40,45,25,18,14,26,91,13,16
black,PET,382,115,358,68,187,271,60,55,95,41,45,25,18,14,26,91,14,16
black,PET,393,119,377,65,192,282,61,56,95,41,45,26,18,14,26,91,14,16
black,PET,414,119,367,67,195,283,61,56,95,41,45,25,18,14,26,91,14,16
black,PET,403,121,380,69,191,278,61,55,96,40,45,25,18,14,26,91,13,16
black,PET,414,105,322,62,163,241,61,55,96,40,45,25,18,14,26,91,13,16
black,PET,393,123,387,69,204,296,61,55,96,40,45,25,18,15,26,91,13,16
black,PET,373,132,433,62,209,300,61,55,95,41,45,25,18,14,26,91,14,16
black,PET,373,120,390,58,197,279,60,54,95,41,45,25,18,14,26,91,14,16
black,PET,385,109,315,53,165,241,59,53,95,41,45,25,18,14,26,91,14,16
black,PET,372,114,348,58,187,264,59,53,96,41,45,25,18,14,26,91,14,16
black,PET,383,109,327,57,162,241,57,52,95,41,45,25,18,14,26,91,13,16
black,PET,394,112,333,60,171,248,58,53,95,41,45,25,18,14,26,91,13,16
black,PET,405,115,340,61,169,245,58,53,95,41,45,25,18,14,26,91,13,16
black,PET,399,111,328,60,166,241,59,54,95,41,45,25,18,14,26,91,13,16
black,PET,400,111,341,60,171,248,61,55,95,41,45,25,18,14,26,91,14,16
black,PET,419,112,342,62,170,246,61,56,95,41,45,25,18,15,26,91,14,16
black,PET,417,118,359,61,175,252,61,56,95,41,45,26,18,14,26,91,14,16
black,PET,420,118,349,61,177,257,61,56,95,41,45,25,18,14,26,91,14,16
black,PET,423,110,330,58,162,239,61,55,95,41,45,25,18,14,26,91,14,16
black,PET,390,103,316,56,156,232,60,55,95,41,45,25,18,14,26,91,13,16
black,PET,389,127,388,67,199,279,60,55,95,41,45,25,18,14,26,91,14,16
black,PET,381,133,403,73,211,292,60,55,95,41,45,25,18,14,26,91,14,16
black,PET,402,118,357,66,181,258,61,56,96,41,45,25,18,14,26,91,14,16
black,PET,405,109,331,62,168,246,60,55,95,40,45,25,18,14,26,91,13,16
black,PET,403,104,323,58,156,232,61,55,95,41,45,25,18,14,26,91,14,16
black,PET,407,108,321,59,162,239,60,55,95,41,45,25,18,14,26,91,13,16
black,PET,417,116,343,59,170,251,60,54,95,40,45,25,18,14,26,91,13,16
black,PET,407,108,327,56,166,241,60,55,95,41,45,25,18,14,26,91,13,16
black,PET,395,113,342,57,165,249,59,54,95,40,45,25,18,14,26,91,13,16
black,PET,382,105,318,56,153,231,59,53,95,41,45,25,18,14,26,91,13,16
black,PET,396,107,326,58,159,236,58,53,95,40,45,25,18,14,26,91,13,16
black,PET,403,113,342,66,174,257,59,54,95,40,45,25,18,14,26,91,13,16
black,PET,405,113,343,62,172,251,60,55,95,41,45,25,18,14,26,91,13,16
black,PET,401,105,316,61,162,236,61,55,95,41,45,25,18,14,26,91,13,16
black,PET,402,102,311,60,158,233,60,55,95,40,45,25,18,14,26,91,13,16
black,PET,393,114,351,64,179,258,60,55,95,40,45,25,18,14,26,91,13,16
black,PET,405,107,326,59,163,241,60,55,95,41,45,25,18,14,26,91,13,16
black,PET,396,104,316,60,158,234,60,54,95,40,45,25,18,14,26,91,13,16
black,PET,373,96,294,55,145,216,60,54,95,40,45,25,18,14,26,91,13,16
black,PET,361,94,279,53,143,212,60,54,95,40,45,25,18,14,26,91,13,16
black,PET,375,92,277,51,139,210,59,53,96,40,45,25,18,14,26,91,13,16
black,PET,366,99,319,50,150,229,58,53,96,40,45,25,18,14,26,91,12,16
black,PET,369,98,309,50,148,229,58,52,96,40,45,25,18,14,26,91,13,16
black,PET,367,98,295,52,146,226,58,52,96,40,45,25,18,14,26,91,12,16
black,PET,360,90,279,51,137,213,58,52,96,40,45,25,18,14,26,91,12,16
black,PET,360,97,300,55,151,228,58,53,96,40,45,25,18,14,26,91,13,16
black,PET,367,98,301,55,148,222,58,53,96,40,45,25,18,14,26,91,12,16
black,PET,376,106,339,59,167,249,59,54,96,40,45,25,18,14,26,91,13,16
black,PET,370,101,320,60,161,246,60,55,96,40,45,25,18,14,26,91,13,16
black,PET,389,103,311,63,169,249,60,55,96,40,45,25,18,14,26,91,13,16
black,PET,398,111,340,61,174,253,61,56,96,40,45,25,18,14,26,91,13,16
black,PET,401,112,343,60,176,255,61,56,96,40,45,25,18,14,26,91,13,16
black,PET,379,111,343,60,175,254,61,56,95,40,45,25,18,14,26,91,13,16
black,PET,375,107,332,56,165,244,60,55,95,40,45,25,18,14,26,91,13,16
black,PET,366,110,349,61,179,258,60,55,95,41,45,25,18,14,26,91,13,16
black,PET,366,115,361,60,183,266,60,55,95,41,45,25,18,14,26,91,13,16
black,PET,363,118,367,62,186,263,59,54,95,41,45,25,18,14,26,91,13,16
black,PET,377,109,329,58,174,248,59,54,95,41,45,25,18,14,26,91,13,16
black,PET,368,110,339,59,170,247,59,54,95,41,45,25,18,14,26,91,13,16
black,PET,367,111,346,60,175,255,60,54,95,40,45,25,18,14,26,91,13,16
black,PET,363,112,353,60,174,255,60,55,95,41,45,25,18,15,26,91,13,16
black,PET,360,106,330,62,173,250,60,55,95,41,45,25,18,14,26,91,13,16
black,PET,366,108,340,59,172,250,60,55,95,40,45,25,18,14,26,91,13,16
black,PET,363,98,297,56,152,224,59,54,95,40,45,25,18,14,26,91,13,16
black,PET,366,104,331,55,164,243,59,54,95,40,45,25,18,14,26,91,13,16
black,PET,368,97,294,54,146,216,60,55,95,41,45,25,18,14,26,91,13,16
black,PET,362,101,311,57,160,234,60,55,95,40,45,25,18,15,26,91,13,16
black,PET,363,100,315,56,154,230,60,55,95,40,45,25,18,14,26,91,13,16
black,PET,366,96,292,55,148,219,60,55,95,40,45,25,18,14,26,91,13,16
black,PET,355,95,294,53,148,221,60,54,95,40,45,25,18,14,26,91,13,16
black,PET,368,98,300,53,146,222,59,54,95,40,45,25,18,14,26,91,13,16
black,PET,357,93,285,55,148,220,59,53,95,40,45,25,18,14,26,91,13,16
black,PET,364,98,302,51,153,228,59,54,95,41,45,25,18,15,26,91,13,16
black,PET,374,97,299,52,149,224,60,55,95,41,45,25,18,14,26,91,13,16
black,PET,381,100,307,55,153,227,60,54,95,40,45,25,18,14,26,91,13,16
black,PET,388,97,294,56,149,220,60,55,95,40,45,25,18,14,26,91,13,16
black,PET,412,104,312,55,150,226,61,56,95,40,45,25,18,14,26,91,13,16
black,PET,403,96,296,53,144,219,61,55,95,40,45,25,18,14,26,91,13,16
black,PET,390,103,308,58,155,228,61,55,95,40,45,25,18,15,26,91,13,16
black,PET,403,99,295,58,152,223,60,55,95,40,45,25,18,14,26,91,13,16
black,PET,374,96,289,55,146,219,59,54,95,40,45,25,18,14,26,91,13,16
black,PET,352,95,286,53,146,221,58,52,95,40,45,25,18,14,26,91,13,16
black,PET,351,103,308,51,157,236,57,51,95,40,45,25,18,14,26,91,13,16
black,PET,366,107,313,48,155,233,56,51,95,40,45,25,18,14,26,91,12,16
black,PET,368,102,306,45,150,226,56,51,95,41,45,25,17,14,26,91,13,16
black,PET,376,105,308,46,149,229,56,51,95,40,45,25,18,14,26,91,13,16
black,PET,393,103,304,48,143,221,57,52,95,40,45,25,18,15,26,91,12,16
black,PET,400,126,407,55,194,284,58,53,95,41,45,25,18,14,26,91,13,16
black,PET,402,112,333,55,169,252,60,54,95,40,45,25,17,14,26,91,13,16
black,PET,382,114,355,59,177,256,61,55,95,40,45,25,17,14,26,91,13,16
black,PET,373,117,362,63,180,270,61,56,95,40,45,25,17,14,26,91,13,16
black,PET,366,111,343,64,183,263,61,56,95,40,45,25,18,14,26,91,13,16
black,PET,363,115,372,63,190,272,60,55,95,40,45,25,18,14,26,91,13,16
black,PET,368,105,335,57,174,258,59,53,95,40,45,25,17,14,26,91,12,16
black,PET,372,126,387,64,201,287,58,53,95,40,45,25,18,14,26,91,13,16
black,PET,367,130,412,63,204,291,58,53,95,40,45,25,18,14,26,91,13,16
black,PET,367,121,370,61,190,277,58,53,95,40,45,25,18,14,26,91,13,16
black,PET,365,107,332,57,166,247,59,53,95,40,45,25,18,14,26,91,13,16
black,PET,363,126,403,66,200,289,59,54,95,40,45,25,18,14,26,91,14,16
black,PET,376,121,373,64,190,274,59,54,95,40,45,25,18,14,26,91,13,16
black,PET,362,111,349,59,179,260,59,54,95,40,45,25,18,14,26,91,13,16
black,PET,371,121,387,60,196,281,59,54,95,40,45,25,18,15,26,91,13,16
black,PET,374,116,356,58,183,266,59,54,95,40,45,25,18,14,26,91,13,16
black,PET,367,118,387,59,189,276,59,54,95,40,45,25,18,14,26,91,13,16
black,PET,360,105,323,57,161,242,59,53,95,40,45,25,18,14,26,91,13,16
black,PET,363,111,344,61,179,260,59,53,95,40,45,25,18,15,26,91,14,16
black,PET,372,110,335,59,171,248,59,54,95,40,45,25,17,14,26,91,13,16
black,PET,376,102,320,57,164,238,59,54,95,40,45,25,18,14,26,91,13,16
black,PET,381,113,327,59,168,243,59,54,95,40,45,25,18,14,26,91,13,16
black,PET,369,113,351,59,177,255,59,54,95,40,45,25,17,14,26,91,13,16
black,PET,361,100,313,54,153,228,59,54,95,40,45,25,18,14,26,91,13,16
black,PET,379,97,292,51,148,220,59,53,95,40,45,25,17,14,26,91,13,16
black,PET,377,107,315,54,160,236,59,53,95,40,45,25,18,14,26,91,13,16
black,PET,383,99,296,53,145,220,58,53,95,40,45,25,18,15,26,91,13,16
black,PET,388,99,295,51,147,221,59,53,95,40,45,25,18,14,26,91,13,16
black,PET,382,104,309,54,154,231,59,54,94,40,45,25,18,14,26,91,13,16
black,PET,386,102,305,53,148,224,59,53,95,40,45,25,18,14,26,91,13,16
black,PET,383,101,311,55,154,229,59,53,95,40,45,25,17,14,26,91,13,16
black,PET,368,102,310,54,157,234,58,53,95,40,45,25,18,14,26,91,13,16
black,PET,384,95,285,50,142,216,58,53,94,40,45,25,18,14,26,91,13,16
black,PET,405,98,289,52,141,216,59,53,95,40,45,25,18,14,26,91,13,16
black,PET,403,105,315,58,154,230,60,54,95,40,45,25,17,14,26,91,13,16
black,PET,454,109,324,56,153,232,59,54,95,40,45,25,18,14,26,91,13,16
black,PET,465,109,312,54,153,230,60,54,95,40,45,25,18,14,26,91,13,16
black,PET,423,102,295,51,146,220,59,54,95,40,45,25,18,15,26,91,13,16
black,PET,413,105,313,50,149,228,59,54,95,40,45,25,18,14,26,91,13,16
black,PET,407,101,302,50,144,223,59,53,95,40,45,25,18,14,26,91,13,16
black,PET,399,106,318,54,156,234,58,52,95,40,45,25,18,14,26,91,13,16
black,PET,390,101,306,55,152,228,58,53,95,40,45,25,18,14,26,91,13,16
black,PET,386,104,320,57,156,235,59,54,95,41,45,25,18,14,26,91,13,16
black,PET,392,101,304,55,149,225,59,54,95,40,45,25,18,14,26,91,13,16
black,PET,392,102,311,55,153,231,59,54,95,40,45,25,18,14,26,91,13,16
black,PET,396,100,293,52,145,220,59,54,95,40,45,25,18,14,26,91,13,16
black,PET,394,101,297,50,147,224,59,54,95,40,45,25,18,14,26,91,13,16
black,PET,396,97,287,49,139,215,59,53,95,40,45,25,18,14,26,91,13,16
black,PET,383,95,281,51,138,210,59,54,95,40,45,25,18,14,26,91,13,16
black,PET,390,94,283,53,137,209,60,54,95,40,45,25,18,14,26,91,13,16
black,PET,373,96,293,56,145,217,59,54,95,40,45,25,18,14,26,91,13,16
black,PET,386,105,314,58,159,235,59,54,95,40,45,25,17,14,26,91,13,16
black,PET,400,108,322,55,158,236,59,54,95,40,45,25,18,14,26,91,13,16
black,PET,398,101,302,52,150,227,59,53,95,40,45,25,18,14,26,91,13,16
black,PET,390,98,294,52,148,222,58,53,95,40,45,25,18,14,26,91,13,16
black,PET,398,97,296,52,142,217,59,54,95,40,45,25,18,14,26,91,13,16
black,PET,389,99,301,52,142,218,59,54,95,40,45,25,18,14,26,91,13,16
black,PET,376,95,292,51,142,217,59,54,95,40,45,25,18,15,26,91,13,16
black,PET,394,98,294,52,146,221,59,53,95,40,45,25,17,14,26,91,13,16
black,PET,394,98,299,51,145,222,59,54,95,40,45,25,18,14,26,91,13,16
black,PET,385,99,299,50,143,220,59,53,95,40,45,25,18,14,26,91,13,16
black,PET,407,105,310,55,157,233,59,53,95,40,45,25,18,14,26,91,13,16
black,PET,398,108,321,61,161,241,59,54,95,40,45,25,18,14,26,91,13,16
black,PET,378,105,322,62,165,243,59,54,95,40,45,25,18,15,26,91,13,16
black,PET,403,115,362,59,171,257,59,54,95,40,45,25,18,14,26,91,13,16
black,PET,435,112,332,56,170,252,59,54,95,40,45,25,18,14,26,91,13,16
black,PET,426,107,310,54,158,237,59,54,95,40,45,25,17,14,26,91,13,16
black,PET,429,114,343,58,172,255,60,55,95,41,45,25,18,14,26,91,13,16
black,PET,442,135,415,68,212,302,60,55,95,41,45,25,18,14,26,91,13,16
black,PET,424,118,357,60,177,256,59,54,95,40,45,25,18,14,26,91,13,16
black,PET,399,98,288,53,144,219,59,54,95,40,45,25,18,14,26,91,13,16
black,PET,405,103,305,53,150,226,59,54,95,40,45,25,18,14,26,91,13,16
black,PET,394,97,289,52,142,216,59,53,95,40,45,25,18,14,26,91,13,16
black,PET,387,96,288,51,142,216,59,53,95,40,45,25,18,14,26,91,13,16
black,PET,405,97,286,50,141,216,59,53,95,40,45,25,18,14,26,91,13,16
black,PET,412,98,288,51,139,212,59,54,95,40,45,25,18,14,26,91,13,16
black,PET,400,96,284,50,138,211,59,53,95,40,45,25,18,14,26,91,13,16
black,PET,407,95,277,51,137,210,59,53,95,40,45,25,18,14,26,91,12,16
black,PET,419,105,305,54,156,233,59,54,94,40,45,25,18,14,26,91,13,16
black,PET,440,104,296,53,148,222,59,54,95,40,45,25,18,14,26,91,13,16
black,PET,449,108,315,55,154,232,59,54,95,40,45,25,18,14,26,91,13,16
black,PET,428,105,303,55,152,228,59,54,95,40,45,25,18,14,26,91,13,16
black,PET,416,107,308,56,154,229,59,54,95,40,45,25,18,14,26,91,13,16
black,PET,427,101,291,53,147,221,59,54,95,40,45,25,18,14,26,91,13,16
black,PET,429,103,301,54,151,225,59,54,95,40,45,25,18,14,26,91,13,16
black,PET,434,105,304,54,149,223,59,54,95,40,45,25,18,14,26,91,13,16
black,PET,453,105,299,54,146,221,59,54,95,40,45,25,18,14,26,91,13,16
black,PET,422,105,305,53,148,223,59,53,95,40,45,25,18,14,26,91,13,16
black,PET,428,104,295,50,144,218,59,54,95,40,45,25,17,14,26,91,13,16
black,PET,425,107,304,53,151,226,59,53,95,40,45,25,17,14,26,91,13,16
black,PET,411,102,300,52,147,223,59,53,95,40,45,25,17,14,26,91,13,16
black,PET,414,104,300,55,155,226,59,54,95,40,45,25,18,14,26,91,13,16
black,PET,422,109,322,56,156,231,59,54,95,40,45,25,18,14,26,91,13,16
black,PET,412,103,303,57,153,227,60,54,95,40,45,25,18,14,26,91,13,16
black,PET,400,104,319,59,158,235,60,55,94,40,45,25,17,14,26,91,13,16
black,PET,419,103,302,56,147,221,60,54,95,40,45,25,18,14,26,91,13,16
black,PET,405,106,316,56,155,232,60,54,94,40,45,25,17,14,26,91,13,16
black,PET,438,112,320,55,161,238,59,54,95,40,45,25,18,14,26,91,13,16
black,PET,425,104,299,51,150,226,59,53,95,40,45,25,18,14,26,91,13,16
black,PET,435,101,289,51,144,219,59,53,95,40,45,25,18,15,26,91,13,16
black,PET,443,105,303,53,147,224,59,54,95,40,45,25,17,14,26,91,13,16
black,PET,426,113,324,59,161,237,59,54,95,40,45,25,18,15,26,91,13,16
black,PET,425,104,303,56,154,228,60,54,95,40,45,25,17,14,26,91,13,16
black,PET,405,98,293,52,144,217,60,55,95,40,45,25,18,14,26,91,13,16
black,PET,411,102,305,55,152,228,60,55,95,40,45,25,18,14,26,91,13,16
black,PET,396,101,300,54,150,225,60,54,95,40,45,25,17,14,26,91,13,16
black,PET,399,101,299,54,147,223,59,54,95,40,45,25,18,14,26,91,13,16
black,PET,394,101,311,54,149,228,59,54,95,41,45,25,18,14,26,91,13,16
black,PET,383,99,300,56,149,224,59,54,95,41,45,25,18,14,26,91,13,16
black,PET,421,101,298,53,146,222,59,54,95,40,45,25,18,14,26,91,13,16
black,PET,401,102,309,54,154,229,60,56,95,41,45,25,18,14,26,91,13,16
black,PET,392,96,288,52,142,216,60,55,95,40,45,25,18,14,26,91,13,16
black,PET,392,93,280,51,135,209,59,54,95,40,45,25,18,14,26,91,13,16
black,PET,394,96,290,52,139,214,59,54,95,40,45,25,17,14,26,91,13,16
black,PET,394,104,315,52,156,234,59,53,95,40,45,25,18,14,26,91,13,16
black,PET,409,99,292,53,143,216,59,54,95,41,45,25,18,14,26,91,13,16
black,PET,398,102,310,55,146,223,59,54,95,40,45,25,18,14,26,91,13,16
black,PET,383,103,314,59,159,236,61,56,95,41,45,25,18,14,26,91,13,16
black,PET,404,100,304,58,153,230,61,55,95,40,45,25,18,15,26,91,13,16
black,PET,395,110,334,63,168,246,60,55,95,41,45,25,18,14,26,91,13,16
black,PET,408,104,310,57,155,231,60,55,95,41,45,25,18,14,26,91,13,16
black,PET,425,106,313,57,156,235,60,54,95,40,45,25,18,14,26,91,13,16
black,PET,420,109,326,54,155,235,60,54,95,40,45,25,18,14,26,91,13,16
black,PET,412,105,315,54,152,230,60,54,95,40,45,25,18,14,26,91,13,16
black,PET,452,127,374,64,187,273,60,55,95,41,45,25,18,14,26,91,13,16
black,PET,434,111,333,59,166,245,60,54,95,40,45,25,18,14,26,91,13,16
black,PET,427,111,339,56,163,242,60,54,95,40,45,25,18,14,26,91,13,16
black,PET,436,109,315,52,158,232,59,54,95,40,45,25,18,14,26,91,13,16
black,PET,457,112,321,54,155,234,59,54,95,40,45,25,18,14,26,91,13,16
black,PET,433,107,307,53,147,223,59,54,95,40,45,25,18,14,26,91,13,16
black,PET,443,108,308,55,155,232,59,54,95,40,45,25,18,14,26,91,13,16
black,PET,426,110,317,58,155,230,59,54,95,40,45,25,18,14,26,91,13,16
black,PET,425,106,310,60,158,231,59,54,95,40,45,25,18,14,26,91,13,16
black,PET,420,105,323,59,156,236,59,54,95,40,45,25,18,14,26,91,13,16
black,PET,408,106,312,59,157,232,59,54,95,40,45,25,18,14,26,91,13,16
black,PET,411,103,311,53,147,225,60,54,95,40,45,25,18,14,26,91,13,16
black,PET,418,107,317,54,159,237,59,54,95,40,45,25,18,14,26,91,13,16
black,PET,422,100,292,50,143,217,59,54,95,40,45,25,18,14,26,91,13,16
black,PET,404,107,316,54,158,234,59,53,95,40,45,25,18,14,26,91,13,16
black,PET,426,110,319,55,156,233,59,53,95,40,45,25,18,15,26,91,13,16
black,PET,448,109,312,54,154,231,59,54,95,40,45,25,18,15,26,91,13,16
black,PET,435,116,339,56,160,239,59,54,95,40,45,25,18,14,26,91,13,16
black,PET,422,101,290,51,142,218,59,54,95,40,45,25,18,14,26,91,13,16
black,PET,456,112,326,53,155,234,59,54,95,40,45,25,18,14,26,91,13,16
black,PET,429,107,311,53,150,228,59,53,95,40,45,25,18,14,26,91,13,16
black,PET,412,111,331,58,164,241,59,53,95,40,45,25,18,15,26,91,13,16
black,PET,441,106,304,52,154,229,58,53,95,40,45,25,18,14,26,91,13,16
black,PET,441,110,322,53,155,234,61,56,95,41,45,26,18,14,26,91,13,16
black,PET,410,109,320,56,160,239,62,57,95,41,45,26,18,14,26,91,13,16
black,PET,401,107,325,57,160,238,60,54,95,40,45,25,17,14,26,91,13,16
black,PET,398,105,317,55,158,234,59,54,95,40,45,25,18,14,26,91,13,16
black,PET,399,107,324,54,159,236,59,54,95,40,45,25,18,14,26,91,13,16
black,PET,379,100,314,54,157,234,59,54,95,40,45,25,18,14,26,91,13,16
black,PET,384,97,295,53,147,222,59,54,95,40,45,25,18,15,26,91,13,16
black,PET,394,105,318,57,161,237,59,54,95,40,45,25,18,14,26,91,13,16
black,PET,383,106,315,58,165,241,59,54,95,40,45,25,18,14,26,91,13,16
black,PET,374,99,299,54,150,222,59,54,95,40,45,25,18,14,26,91,13,16
black,PET,378,101,316,55,152,229,59,54,95,40,45,25,18,14,26,91,13,16
black,PET,378,108,340,58,168,247,59,54,95,40,45,25,18,14,26,91,13,16
black,PET,377,111,342,60,171,248,59,54,95,40,45,25,18,14,26,91,13,16
black,PET,375,102,315,53,156,231,59,54,95,40,45,25,18,14,26,91,13,16
black,PET,374,110,350,56,172,251,60,54,95,40,45,25,17,14,26,91,13,16
black,PET,378,112,360,54,166,248,59,54,95,40,45,25,18,14,26,91,13,16
black,PET,373,99,305,52,150,224,59,53,95,40,45,25,18,14,26,91,13,16
black,PET,371,99,303,51,146,221,59,53,95,40,45,25,18,14,26,91,13,16
black,PET,363,102,311,53,160,238,58,53,95,40,45,25,18,14,26,91,13,16
black,PET,365,111,341,56,174,251,58,53,95,40,45,25,18,14,26,91,13,16
black,PET,370,111,346,56,175,255,58,53,95,40,45,25,18,14,26,91,13,16
black,PET,381,107,319,56,165,239,59,53,95,40,45,25,18,15,26,91,13,16
black,PET,370,100,305,56,156,231,59,54,95,40,45,25,18,14,26,91,13,16
black,PET,372,105,311,58,160,232,59,54,95,40,45,25,18,14,26,91,13,16
black,PET,375,105,324,56,161,239,59,54,95,40,45,25,18,14,26,91,13,16
black,PET,369,105,324,59,164,240,60,54,95,40,45,25,17,14,26,91,13,16
black,PET,389,101,302,56,157,230,59,54,95,40,45,25,18,14,26,91,13,16
black,PET,405,106,312,53,149,226,59,54,95,40,45,25,18,14,26,91,13,16
black,PET,417,111,326,55,159,238,59,54,95,40,45,25,18,14,26,91,13,16
black,PET,444,108,308,54,155,230,59,54,95,40,45,25,18,14,26,91,13,16
black,PET,406,97,285,51,139,211,59,54,95,40,45,25,18,14,26,91,13,16
black,PET,427,111,321,57,165,241,60,54,95,40,45,25,18,14,26,91,13,16
black,PET,430,106,316,53,150,228,59,54,95,40,45,25,18,14,26,91,13,16
black,PET,428,113,329,57,161,237,59,54,95,40,45,25,18,14,26,91,13,16
black,PET,444,108,302,58,154,228,59,54,95,40,45,25,18,15,26,91,13,16
black,PET,430,105,304,54,150,224,59,54,95,40,45,25,18,14,26,91,13,16
black,PET,446,109,313,53,154,231,59,54,95,40,45,25,18,14,26,91,13,16
black,PET,435,103,296,52,142,216,60,54,95,40,45,25,18,14,26,91,13,16
black,PET,410,102,294,54,145,219,60,54,95,40,45,25,18,14,26,91,13,16
black,PET,406,94,275,52,133,204,60,55,95,40,45,25,18,14,26,91,13,16
black,PET,408,99,290,53,142,216,60,55,95,41,45,25,18,14,26,91,13,16
black,PET,416,102,296,53,143,218,60,55,95,41,45,25,18,14,26,91,13,16
black,PET,410,99,292,52,143,217,60,55,95,41,45,25,17,14,26,91,13,16
black,PET,420,98,286,52,139,212,60,54,95,40,45,25,18,14,26,91,13,16
black,PET,414,100,293,55,148,221,59,54,95,40,45,25,18,14,26,91,13,16
black,PET,421,108,312,59,156,233,60,55,95,40,45,25,18,14,26,91,13,16
black,PET,428,103,293,58,148,222,60,55,95,41,45,25,18,14,26,91,13,16
black,PET,408,103,301,54,149,224,60,55,95,40,45,25,18,14,26,91,13,16
black,PET,423,102,297,54,150,220,60,55,95,41,45,25,18,14,26,91,13,16
black,PET,425,100,290,53,145,220,60,54,95,40,45,25,18,14,26,91,13,16
black,PET,410,99,295,53,145,219,60,54,95,40,45,25,18,14,26,91,13,16
black,PET,427,104,297,53,144,219,60,54,95,41,45,25,18,14,26,91,13,16
black,PET,434,109,311,54,150,225,60,54,95,40,45,25,18,14,26,91,13,16
black,PET,428,108,322,52,152,229,60,54,95,40,45,25,18,15,26,91,13,16
black,PET,417,102,307,53,148,223,60,54,95,40,45,25,17,14,26,91,13,16
black,PET,407,100,300,55,151,224,60,54,95,40,45,25,18,14,26,91,13,16
black,PET,383,100,292,57,155,229,60,54,95,40,45,25,18,14,26,91,13,16
black,PET,382,97,299,56,146,220,60,54,95,40,45,25,18,14,26,91,13,16
black,PET,421,100,289,56,146,218,59,54,95,40,45,25,18,14,26,91,13,16
black,PET,405,98,300,54,146,222,59,54,96,40,45,25,18,14,26,91,13,16
black,PET,435,111,319,55,155,231,59,54,96,40,45,25,18,14,26,91,13,16
black,PET,462,109,299,52,152,229,59,54,96,40,45,25,18,14,26,91,13,16
black,PET,449,110,314,52,154,231,59,54,96,40,45,25,18,14,26,91,13,16
black,PET,444,104,291,53,146,220,59,54,95,40,45,25,18,14,26,91,13,16
black,PET,443,107,317,54,153,230,59,54,96,40,45,25,18,14,26,91,13,16
black,PET,439,109,312,59,158,233,59,54,96,40,45,25,18,14,26,91,13,16
black,PET,419,103,302,57,154,228,60,54,96,40,45,25,18,14,26,91,13,16
black,PET,431,105,305,53,152,228,60,54,95,40,45,25,18,14,26,91,13,16
black,PET,421,104,302,53,150,226,59,54,95,40,45,25,18,14,26,91,13,16
black,PET,402,100,300,51,145,220,59,54,95,40,45,25,18,15,26,91,13,16
black,PET,402,103,295,52,147,219,59,54,96,40,45,25,18,14,26,91,13,16
black,PET,402,101,289,54,149,220,59,53,96,40,45,25,18,14,26,91,13,16
black,PET,407,103,303,55,153,228,59,54,96,40,45,25,18,14,26,91,13,16
black,PET,403,104,305,53,151,223,59,54,96,40,45,25,18,15,26,91,13,16
black,PET,440,108,306,53,152,228,59,54,96,40,45,25,18,14,26,91,13,16
black,PET,426,99,289,52,144,216,59,54,95,40,45,25,18,14,26,91,13,16
black,PET,453,115,322,55,156,233,59,54,96,40,45,25,18,14,26,91,13,16
black,PET,442,102,284,53,144,216,60,54,95,40,45,25,18,14,26,91,13,16
black,PET,458,104,301,52,146,221,60,54,95,40,45,25,18,14,26,91,13,16
black,PET,446,108,306,55,150,223,59,54,95,40,45,25,18,14,26,91,13,16
black,PET,441,108,308,55,150,225,59,54,96,40,45,25,18,14,26,91,13,16
black,PET,461,105,293,56,151,224,59,54,96,40,45,25,18,14,26,91,13,16
black,PET,446,106,302,55,152,227,59,54,95,40,45,25,18,14,26,91,13,16
black,PET,455,104,296,55,147,221,60,54,95,40,45,25,18,14,26,91,13,16
black,PET,423,101,296,52,145,221,60,55,95,40,45,25,18,15,26,91,13,16
black,PET,433,103,299,53,144,219,60,55,95,40,45,25,18,14,26,91,13,16
black,PET,409,96,279,50,134,206,60,54,95,40,45,25,18,14,26,91,13,16
black,PET,396,98,293,52,143,216,59,54,95,40,45,25,18,14,26,91,13,16
black,PET,405,100,294,51,139,213,59,53,95,40,45,25,18,14,26,91,13,16
black,PET,408,99,283,51,136,209,59,53,95,40,45,25,18,14,26,91,13,16
black,PET,399,99,289,51,141,215,59,53,95,40,45,25,18,14,26,91,12,16
black,PET,412,104,306,51,144,220,59,53,95,40,45,25,18,14,26,91,13,16
black,PET,430,104,296,51,143,218,59,53,95,40,45,25,18,14,26,91,13,16
black,PET,430,102,291,53,146,219,59,54,95,40,45,25,18,14,26,91,13,16
black,PET,422,105,301,55,148,222,59,54,95,40,45,25,18,14,26,91,13,16
black,PET,430,105,310,57,150,226,60,54,95,40,45,25,18,14,26,91,13,16
black,PET,418,95,275,56,142,211,60,55,95,41,45,25,18,14,26,91,13,16
black,PET,427,100,294,56,145,218,60,55,95,40,45,25,18,14,26,91,13,16
black,PET,399,96,288,54,143,217,60,55,95,41,45,25,18,14,26,91,13,16
black,PET,388,109,336,56,162,241,60,54,95,40,45,25,18,15,26,91,13,16
black,PET,395,110,324,55,163,239,59,54,95,40,45,25,18,14,26,91,13,16
black,PET,409,99,296,52,143,219,59,54,95,40,45,25,18,14,26,91,13,16
black,PET,441,123,359,60,180,262,59,54,95,40,45,25,18,14,26,91,13,16
black,PET,464,129,376,63,189,276,59,54,95,41,45,25,18,14,26,91,13,16
black,PET,462,133,391,66,203,290,60,54,95,41,45,25,18,14,26,91,13,16
black,PET,443,139,416,70,214,307,60,55,95,41,45,25,18,14,26,91,13,16
black,PET,425,140,424,71,219,308,60,55,95,41,45,26,18,14,26,91,14,16
black,PET,409,130,402,68,208,293,60,55,95,41,45,25,18,15,26,91,14,16
black,PET,426,113,324,54,161,239,59,54,95,40,45,25,18,14,26,91,13,16
black,PET,452,108,307,51,151,229,59,54,95,40,45,25,18,14,26,91,13,16
black,PET,437,110,312,53,151,228,59,54,95,40,45,25,18,14,26,91,13,16
black,PET,431,107,307,54,149,223,59,54,95,40,45,25,18,14,26,91,13,16
black,PET,424,103,296,54,150,223,59,54,95,40,45,25,18,14,26,91,13,16
black,PET,431,107,307,54,150,228,59,54,95,41,45,25,18,14,26,91,13,16
black,PET,418,104,303,53,150,226,59,54,95,40,45,25,18,14,26,91,13,16
black,PET,407,100,294,50,142,218,59,53,95,40,45,25,18,14,26,91,13,16
black,PET,421,100,286,51,141,214,59,54,95,40,45,25,18,14,26,91,13,16
black,PET,434,105,299,55,150,225,59,54,95,40,45,25,18,15,26,91,13,16
black,PET,426,103,303,54,146,222,59,54,95,40,45,25,18,14,26,91,13,16
black,PET,407,110,332,59,157,235,60,54,96,40,45,25,18,14,26,91,13,16
black,PET,410,102,298,59,152,225,60,54,95,40,45,25,18,14,26,91,13,16
black,PET,449,98,269,52,137,207,60,54,95,40,45,25,18,14,26,91,13,16
black,PET,463,109,305,54,149,224,60,55,95,40,45,26,17,14,26,91,13,16
black,PET,431,107,316,53,150,227,60,54,95,40,45,25,18,14,26,91,13,16
black,PET,413,102,299,53,148,223,60,55,95,40,45,25,18,14,26,91,13,16
black,PET,408,104,304,52,149,224,60,54,95,40,45,25,18,14,26,91,13,16
black,PET,406,101,300,52,144,219,59,54,95,40,45,25,18,14,26,91,13,16
black,PET,390,97,290,51,140,214,59,54,95,40,45,25,18,14,26,91,13,16
black,PET,415,101,292,52,143,217,59,54,95,40,45,25,18,14,26,91,13,16
black,PET,417,102,294,54,147,222,59,54,95,40,45,25,18,14,26,91,13,16
black,PET,440,104,297,54,151,224,59,54,95,40,45,25,18,14,26,91,13,16
black,PET,403,102,304,56,151,225,60,54,95,40,45,25,18,14,26,91,13,16
black,PET,424,103,304,56,151,226,60,54,95,40,45,25,18,14,26,91,13,16
black,PET,429,101,294,56,145,218,60,54,95,40,45,25,18,14,26,91,13,16
black,PET,419,101,302,57,148,223,60,54,95,40,45,25,18,14,26,91,13,16
black,PET,436,109,311,61,158,234,60,54,95,40,45,25,18,15,26,91,13,16
black,PET,432,101,290,53,145,219,59,54,96,40,45,25,18,14,26,91,13,16
black,PET,414,101,295,50,146,221,59,54,95,40,45,25,18,14,26,91,13,16
black,PET,417,108,318,54,158,235,59,54,95,40,45,25,18,14,26,91,13,16
black,PET,414,107,314,55,156,232,59,54,95,40,45,25,18,14,26,91,13,16
black,PET,396,103,307,54,154,231,59,54,95,40,45,25,18,14,26,91,13,16
black,PET,391,102,310,55,154,229,59,54,95,40,45,25,18,15,26,91,13,16
black,PET,400,102,310,54,155,231,59,54,95,40,45,25,18,14,26,91,13,16
black,PET,421,105,313,55,157,233,60,55,96,40,45,25,18,14,26,91,13,16
black,PET,412,103,299,54,153,226,60,54,96,40,45,25,18,14,26,91,13,16
black,PET,402,110,331,57,169,247,59,54,96,40,45,25,18,14,26,91,13,16
black,PET,415,112,330,56,162,241,59,54,96,40,45,25,18,14,26,91,13,16
black,PET,423,113,330,57,158,236,60,54,96,40,45,25,18,14,26,91,13,16
black,PET,424,109,323,53,151,227,60,54,96,40,45,25,18,15,26,90,13,16
black,PET,434,100,291,52,142,215,59,54,96,40,45,25,18,14,26,91,13,16
black,PET,428,102,294,54,147,221,59,54,96,40,45,25,18,14,26,91,13,16
black,PET,416,102,305,53,148,224,59,53,96,40,45,25,18,14,26,91,13,16
black,PET,421,101,295,53,142,216,59,54,96,40,45,25,18,15,26,91,13,16
black,PET,411,97,290,54,143,217,59,54,96,40,45,25,18,14,26,91,13,16
black,PET,421,104,310,55,149,224,60,54,96,40,45,25,18,15,26,91,13,16
black,PET,420,105,304,58,156,231,60,55,96,41,45,25,18,14,26,91,13,16
black,PET,434,102,293,55,147,220,60,55,96,41,45,25,18,15,26,91,13,16
black,PET,438,106,300,56,153,227,60,55,96,40,45,25,18,14,26,91,13,16
black,PET,481,105,291,53,145,217,60,55,96,40,45,25,18,14,26,91,13,16
black,PET,464,105,291,54,147,219,60,55,96,40,45,25,18,14,26,91,13,16
black,PET,453,103,284,50,138,211,61,55,96,40,45,25,18,14,26,91,13,16
black,PET,410,96,280,50,136,208,59,54,96,40,45,25,18,14,26,91,13,16
black,PET,411,99,285,50,138,211,59,53,96,40,45,25,18,14,26,91,13,16
black,PET,401,95,283,50,142,216,58,53,96,40,45,25,18,14,26,91,12,16
black,PET,395,99,297,50,145,219,58,53,96,40,45,25,18,14,26,91,13,16
black,PET,442,100,284,51,141,214,59,53,96,40,45,25,18,15,26,91,13,16
black,PET,444,103,300,56,146,220,59,54,96,40,45,25,18,14,26,91,13,16
black,PET,414,102,303,58,148,219,60,54,96,40,45,25,18,14,26,91,13,16
black,PET,393,101,299,58,155,229,60,55,96,40,45,25,18,14,26,91,13,16
black,PET,396,101,306,55,153,229,60,55,95,40,45,25,18,14,26,91,13,16
black,PET,416,104,305,55,158,235,60,54,96,40,45,25,18,14,26,91,13,16
black,PET,424,112,329,58,166,244,60,54,96,40,45,25,18,14,26,91,13,16
black,PET,440,114,341,57,172,249,59,54,96,40,45,25,18,14,26,91,13,16
black,PET,434,112,333,59,165,244,59,54,96,40,45,25,18,14,26,91,13,16
black,PET,429,121,366,62,181,264,60,54,96,40,45,25,18,14,26,91,13,16
black,PET,440,128,382,69,199,287,60,55,96,41,45,25,18,15,26,91,13,16
black,PET,435,112,320,57,160,235,60,54,95,41,45,25,18,14,26,91,13,16
black,PET,413,109,310,55,156,230,60,55,95,40,45,25,18,14,26,91,13,16
black,PET,400,112,331,57,163,240,60,55,95,40,45,25,18,15,26,91,13,16
black,PET,412,106,312,59,161,238,60,54,95,40,45,25,18,14,26,91,13,16
black,PET,401,111,334,58,164,240,60,54,95,40,45,25,18,14,26,91,13,16
black,PET,383,96,287,54,147,218,59,54,95,40,45,25,18,14,26,91,13,16
black,PET,377,103,318,56,156,232,60,55,96,40,45,25,18,15,26,91,13,16
black,PET,371,100,308,56,153,227,60,55,95,40,45,25,18,14,26,91,13,16
black,PET,368,102,311,59,160,234,60,54,96,40,45,25,18,14,26,91,13,16
black,PET,378,100,310,59,158,233,60,54,96,40,45,25,18,14,26,91,13,16
black,PET,385,108,335,60,159,238,60,55,96,41,45,25,18,14,26,91,13,16
black,PET,385,116,366,75,192,272,60,55,95,41,45,25,18,14,26,91,13,16
black,PET,385,108,323,62,171,245,60,55,96,40,45,25,18,14,26,91,13,16
black,PET,392,111,343,62,173,248,70,65,96,45,45,27,18,14,26,91,13,16
black,PET,393,115,360,63,184,262,67,61,96,41,45,26,18,14,26,91,13,16
black,PET,372,109,353,58,176,257,61,55,96,41,45,25,18,14,26,91,13,16
black,PET,376,103,327,54,160,243,61,55,96,41,45,25,18,14,26,91,13,16
black,PET,374,107,335,56,167,248,60,54,96,40,45,25,18,14,26,91,13,16
black,PET,377,102,313,54,158,240,59,54,96,40,45,25,18,14,26,91,13,16
black,PET,382,101,306,52,151,229,59,54,96,40,45,25,18,14,26,91,13,16
black,PET,377,93,288,52,142,218,59,54,96,40,45,25,18,14,26,91,13,16
black,PET,376,101,315,56,151,229,60,54,96,40,45,25,18,14,26,91,13,16
black,PET,371,107,334,61,167,246,60,55,96,40,45,25,18,14,26,91,13,16
black,PET,373,109,331,63,169,247,61,55,96,40,45,25,18,15,26,91,12,16
black,PET,389,115,359,67,179,260,61,55,96,40,45,25,18,14,26,91,13,16
black,PET,367,119,386,75,198,278,60,55,96,40,45,25,18,14,26,91,13,16
black,PET,373,111,349,64,170,249,61,55,96,41,45,25,18,14,26,91,13,16
black,PET,363,97,307,53,145,221,60,55,96,41,45,25,18,14,26,91,13,16
black,PET,380,97,292,52,150,225,60,54,95,40,45,25,18,14,26,91,13,16
black,PET,391,96,280,51,142,216,59,54,95,40,45,25,18,14,26,91,13,16
black,PET,388,109,338,56,163,242,59,54,96,40,45,25,18,14,26,91,13,16
black,PET,394,107,314,58,161,238,59,54,95,40,45,25,18,14,26,91,13,16
black,PET,370,92,283,53,144,216,59,54,95,40,45,25,18,14,26,91,13,16
black,PET,374,105,313,58,162,237,60,54,95,40,45,25,18,14,26,91,13,16
black,PET,400,97,289,52,144,218,60,54,95,40,45,25,18,14,26,91,13,16
black,PET,391,99,290,52,147,221,60,54,95,40,45,25,18,14,26,91,13,16
black,PET,382,103,306,56,153,228,59,54,95,40,45,25,18,14,26,91,13,16
black,PET,363,92,282,52,143,214,59,54,95,40,45,25,18,15,26,91,13,16
black,PET,375,97,292,55,148,219,60,54,95,40,45,25,18,14,26,91,13,16
black,PET,374,103,313,56,153,229,60,54,95,40,45,25,18,14,26,91,13,16
black,PET,372,100,311,54,157,232,59,54,95,40,45,25,18,14,26,91,13,16
black,PET,365,107,326,56,164,239,59,54,95,40,45,25,18,14,26,91,13,16
black,PET,372,106,325,56,162,237,59,54,95,40,45,25,18,15,26,91,13,16
black,PET,366,102,311,58,161,237,59,54,96,40,45,25,18,14,26,91,13,16
black,PET,363,107,331,64,173,248,60,54,96,40,45,25,18,14,26,91,13,16
black,PET,375,105,324,61,165,241,60,55,95,40,45,25,18,14,26,91,13,16
black,PET,374,105,316,61,169,241,60,55,95,40,45,25,18,15,26,91,13,16
black,PET,374,109,345,57,173,254,61,55,96,40,45,25,18,14,26,91,13,16
black,PET,379,113,359,54,175,260,60,54,95,40,45,25,18,14,26,91,13,16
black,PET,372,109,331,54,168,246,59,54,96,40,45,25,18,15,26,91,13,16
black,PET,367,102,311,53,155,231,59,53,95,40,45,25,18,14,26,91,13,16
black,PET,372,99,301,54,152,226,59,53,95,40,45,25,18,14,26,91,13,16
black,PET,371,103,315,60,159,235,60,54,95,40,45,25,18,14,26,91,13,16
black,PET,408,102,299,59,149,222,60,55,95,40,45,25,18,14,26,91,13,16
black,PET,408,102,305,58,157,233,60,55,95,40,45,25,18,14,26,91,13,16
black,PET,401,102,304,56,153,229,60,55,96,40,45,25,18,14,26,91,13,16
black,PET,379,105,319,59,161,235,61,55,97,41,44,25,18,14,26,90,13,16
black,PET,385,124,377,63,192,275,61,56,97,41,45,25,18,14,26,90,13,16
black,PET,398,109,326,57,162,239,61,55,97,41,45,25,18,14,26,90,13,16
black,PET,428,109,316,59,160,235,61,55,97,41,44,25,18,14,26,90,13,16
black,PET,375,108,323,62,169,241,61,55,97,41,45,25,18,14,26,90,13,16
black,PET,374,120,375,65,193,277,61,56,97,41,45,25,18,14,26,90,14,16
black,PET,371,111,355,62,182,262,61,56,97,41,44,25,18,14,26,90,14,16
black,PET,377,114,366,65,184,265,61,56,97,41,45,25,18,14,26,90,13,16
black,PET,381,111,344,64,181,261,61,56,97,41,45,25,18,14,26,90,13,16
black,PET,382,100,310,58,158,236,61,56,97,41,45,25,18,14,26,90,13,16
black,PET,374,107,328,59,170,249,61,55,97,41,45,25,18,14,26,90,13,16
black,PET,387,97,286,54,139,221,60,55,97,40,45,25,18,15,26,91,13,16
black,PET,374,100,306,56,157,233,61,55,96,40,45,25,18,14,26,91,13,16
black,PET,376,112,338,62,178,253,60,55,96,41,45,25,18,14,26,91,13,16
black,PET,376,121,386,62,192,278,60,55,96,41,45,25,18,14,26,91,13,16
black,PET,368,111,340,59,175,258,60,54,96,40,45,25,18,14,26,91,12,16
black,PET,385,91,273,53,136,206,62,56,96,40,45,25,18,14,26,91,13,16
black,PET,366,96,289,60,150,219,60,55,96,40,45,25,18,15,26,91,13,16
black,PET,372,96,295,55,140,211,59,54,96,40,45,25,18,14,26,91,13,16
black,PET,380,96,290,52,141,211,59,53,96,40,45,25,18,14,26,91,13,16
black,PET,388,96,292,51,146,213,60,54,97,40,45,25,18,14,26,91,13,16
black,PET,371,94,293,54,142,216,60,55,96,40,45,25,18,15,26,91,13,16
black,PET,378,99,302,59,156,232,60,55,96,40,45,25,18,14,26,91,13,16
black,PET,362,111,338,61,171,249,60,55,96,41,45,25,18,15,26,91,13,16
black,PET,369,101,317,56,162,237,60,55,96,40,45,25,18,14,26,91,13,16
black,PET,377,101,314,56,154,228,60,55,96,40,45,25,18,14,26,91,13,16
black,PET,385,103,316,58,158,233,60,54,96,40,45,25,18,14,26,91,13,16
black,PET,447,99,285,51,138,209,60,55,96,40,45,25,18,14,26,90,13,16
black,PET,390,105,314,57,157,233,60,55,96,40,45,25,18,14,26,91,13,16
black,PET,387,100,292,54,150,227,60,54,96,40,45,25,18,14,26,91,13,16
black,PET,367,117,363,70,198,278,60,55,96,40,45,25,18,14,26,91,13,16
black,PET,378,96,294,56,146,215,60,55,96,40,45,25,18,14,26,91,13,16
black,PET,380,96,293,54,145,217,60,54,96,40,45,25,18,14,26,91,13,16
black,PET,379,103,310,55,153,224,59,54,96,40,45,25,18,14,26,91,13,16
black,PET,385,99,291,54,150,220,59,54,97,40,45,25,18,14,26,91,12,16
black,PET,387,94,284,53,141,216,60,54,97,40,45,25,18,14,26,91,13,16
black,PET,392,103,300,58,152,231,66,61,97,41,45,26,18,14,26,90,13,16
black,PET,380,97,289,58,151,214,60,55,97,40,45,25,18,14,26,91,12,16
black,PET,373,92,316,55,157,219,60,54,97,40,45,25,18,15,26,91,13,16
black,PET,386,94,289,52,139,219,60,54,96,40,45,25,18,14,26,91,13,16
black,PET,374,98,288,56,144,231,60,54,97,40,45,25,18,14,26,91,13,16
black,PET,380,113,348,57,175,250,61,55,97,41,45,25,18,14,26,91,14,16
black,PET,364,124,390,69,204,289,60,55,96,41,45,25,18,14,26,90,14,16
black,PET,391,118,355,65,185,246,60,55,97,41,45,25,18,14,26,91,14,16
black,PET,392,100,300,58,152,250,60,55,97,41,45,25,18,14,26,90,13,16
black,PET,373,112,347,64,179,268,60,55,97,40,45,25,18,14,26,90,13,16
black,PET,364,114,313,62,158,260,61,56,97,41,45,26,18,14,26,90,14,16
black,PET,376,105,325,64,165,246,61,55,97,40,45,25,18,14,26,90,13,16
black,PET,369,104,323,57,169,247,60,54,97,40,45,25,18,14,26,90,13,16
black,PET,368,105,325,55,165,243,60,54,97,40,45,25,18,14,26,90,14,16
black,PET,381,106,337,55,177,247,61,55,97,41,45,25,18,14,26,90,13,16
black,PET,383,117,354,63,182,265,61,55,97,41,45,25,18,14,26,91,14,16
black,PET,373,110,332,64,172,248,60,55,97,40,45,25,18,14,26,90,13,16
black,PET,390,96,300,54,150,221,60,55,96,40,45,25,18,14,26,90,13,16
black,PET,407,104,317,55,153,228,60,55,96,40,45,25,18,14,26,90,13,16
black,PET,400,103,305,57,156,233,60,55,96,40,45,25,18,14,26,90,13,16
black,PET,434,102,290,54,147,218,61,55,97,40,45,25,18,14,26,90,13,16
black,PET,424,103,298,54,151,221,60,55,97,41,45,25,18,14,26,90,13,16
black,PET,421,105,308,57,150,236,60,54,97,40,45,25,18,14,26,90,13,16
black,PET,405,98,291,54,152,224,61,55,97,41,44,25,18,14,26,90,13,16
black,PET,376,102,312,62,160,234,62,56,97,41,45,25,18,14,26,90,13,16
black,PET,377,103,321,60,160,234,61,56,97,40,45,25,18,14,26,90,13,16
black,PET,385,109,342,61,175,258,60,55,96,40,45,25,18,14,26,91,13,16
black,PET,386,101,311,55,156,231,60,55,96,40,45,25,18,14,26,91,13,16
black,PET,405,100,300,54,152,225,61,56,96,41,45,25,18,14,26,91,13,16
black,PET,392,104,310,58,156,228,60,55,96,40,45,25,18,14,26,91,13,16
black,PET,374,105,325,57,155,230,60,54,96,40,45,25,18,14,26,91,13,16
black,PET,383,97,289,54,144,227,60,55,96,40,45,25,18,14,26,91,13,16
black,PET,409,106,317,58,162,228,60,55,96,40,45,25,18,14,26,91,13,16
black,PET,434,110,317,54,152,227,60,55,97,40,45,25,18,14,26,90,13,16
black,PET,400,101,301,57,154,228,61,55,97,41,45,25,18,14,26,90,13,16
black,PET,400,101,299,54,146,223,60,54,96,40,45,25,18,14,26,91,13,16
black,PET,384,99,309,52,154,225,59,53,95,40,45,25,18,14,26,91,13,16
black,PET,379,101,307,55,158,231,60,54,96,40,45,25,18,14,26,91,13,16
black,PET,369,101,302,57,158,234,60,55,96,40,45,25,18,14,26,91,14,16
black,PET,370,105,318,65,172,245,60,55,96,41,45,25,18,14,26,91,14,16
black,PET,368,110,339,58,170,252,60,54,96,41,45,25,18,15,26,91,13,16
black,PET,364,112,354,57,174,252,59,53,95,40,45,25,18,14,26,91,13,16
black,PET,367,109,336,57,167,253,60,55,96,40,45,25,18,14,26,91,13,16
black,PET,376,109,341,57,173,254,61,55,96,40,45,25,18,14,26,91,14,16
black,PET,372,112,335,61,181,258,60,54,96,40,45,25,18,15,26,91,13,16
black,PET,370,106,315,60,166,242,60,54,96,40,45,25,18,14,26,91,13,16
black,PET,373,104,320,57,163,236,60,54,95,40,45,25,18,14,26,91,13,16
black,PET,395,102,310,57,157,235,60,54,95,40,45,25,18,14,26,91,13,16
black,PET,379,99,309,55,154,229,59,54,96,40,45,25,18,14,26,91,13,16
black,PET,376,106,315,57,157,232,59,54,95,40,45,25,18,14,26,91,13,16
black,PET,407,101,305,55,151,227,60,55,96,40,45,25,18,14,26,91,13,16
black,PET,365,109,326,60,163,243,60,55,96,41,45,25,18,14,26,91,13,16
black,PET,382,111,318,63,158,247,61,56,96,40,45,25,18,14,26,91,13,16
black,PET,362,120,384,65,185,271,60,55,96,41,45,25,18,14,26,91,14,16
black,PET,376,121,379,60,189,276,61,55,96,41,45,25,18,14,26,91,13,16
black,PET,382,117,358,63,181,268,60,55,96,41,45,25,18,14,26,91,14,16
black,PET,384,116,360,67,185,269,61,55,96,41,45,25,18,14,26,91,13,16
black,PET,378,118,359,64,185,266,60,55,95,41,45,25,18,15,26,91,13,16
black,PET,383,106,324,61,166,247,60,54,95,40,45,25,18,15,26,91,13,16
black,PET,383,108,334,62,169,249,60,55,96,41,45,25,18,14,26,91,13,16
black,PET,402,107,320,58,160,241,60,54,96,40,45,25,18,14,26,91,13,16
black,PET,388,114,342,59,170,255,61,55,96,41,45,25,18,15,26,91,13,16
black,PET,368,109,337,60,172,237,61,55,96,41,45,25,18,14,26,91,13,16
black,PET,374,109,328,64,172,252,60,55,96,40,45,25,18,14,26,91,13,16
black,PET,379,107,317,60,160,243,60,55,96,40,45,25,18,14,26,91,13,16
black,PET,373,103,311,57,157,229,60,54,96,40,45,25,18,14,26,91,13,16
black,PET,379,100,305,57,155,228,60,54,96,40,45,25,18,14,26,91,13,16
black,PET,378,100,292,55,146,226,60,54,96,40,45,25,18,14,26,91,13,16
black,PET,378,108,335,60,168,249,60,55,95,40,45,25,18,14,26,91,13,16
black,PET,367,99,301,58,156,226,60,54,95,40,45,25,18,14,26,92,13,16
black,PET,374,99,296,55,149,221,60,54,95,40,45,25,18,15,26,92,13,16
black,PET,395,113,345,59,174,257,59,54,96,40,45,25,18,14,26,92,13,16
black,PET,371,113,345,61,181,264,60,54,95,40,45,25,17,14,26,92,13,16
black,PET,361,113,348,64,181,267,60,54,95,40,45,25,18,14,26,92,13,16
black,PET,373,111,339,63,173,257,60,54,95,40,45,25,18,14,26,92,13,16
black,PET,352,105,332,58,172,255,58,53,95,40,46,25,17,14,26,92,13,16
black,PET,379,110,337,62,173,257,60,54,96,40,45,25,18,14,26,91,13,16
black,PET,386,110,344,59,169,252,60,54,96,41,45,25,18,14,26,91,13,16
black,PET,360,105,325,59,168,248,60,54,96,40,45,25,18,14,26,91,13,16
black,PET,391,115,354,63,185,267,60,54,96,41,45,25,18,14,26,91,13,16
black,PET,383,113,351,63,179,260,60,55,96,41,45,25,18,14,26,91,13,16
black,PET,364,105,329,63,166,260,60,54,95,40,45,25,18,14,26,92,13,16
black,PET,360,104,322,62,163,248,59,54,96,40,45,25,18,14,26,92,13,16
black,PET,370,97,298,56,150,228,59,53,96,40,45,25,18,14,26,92,13,16
black,PET,365,101,313,57,158,230,59,53,96,40,45,25,18,14,26,92,13,16
black,PET,374,99,300,56,150,231,60,54,96,40,45,25,18,14,26,92,13,16
black,PET,373,96,297,55,148,217,60,54,96,40,45,25,18,14,26,91,13,16
black,PET,382,105,319,59,159,237,60,54,96,40,45,25,18,14,26,91,13,16
black,PET,393,100,305,53,153,225,60,54,97,40,45,25,18,15,26,91,13,16
black,PET,383,102,313,58,156,229,61,55,97,41,45,25,18,14,26,91,13,16
black,PET,374,97,301,59,152,225,60,55,97,40,45,25,18,14,26,91,13,16
black,PET,402,101,296,59,148,233,60,54,97,40,45,25,18,14,26,91,13,16
black,PET,377,101,310,56,155,228,60,55,96,41,45,25,18,15,26,91,13,16
black,PET,395,102,306,61,159,233,60,55,97,41,45,25,18,14,26,91,13,16
black,PET,385,102,309,55,158,233,60,54,97,40,45,25,18,14,26,91,13,16
black,PET,381,102,318,54,154,236,60,54,97,40,45,25,18,14,26,91,13,16
black,PET,369,107,317,58,159,238,61,55,97,41,45,26,18,14,26,91,13,16
black,PET,377,106,329,60,163,238,61,55,97,41,45,25,18,14,26,91,13,16
black,PET,385,102,297,61,156,230,61,55,98,41,45,25,18,14,26,91,13,16
black,PET,378,103,318,56,161,232,60,55,97,41,45,25,18,14,26,91,13,16
black,PET,380,99,306,56,152,223,60,54,97,40,45,25,18,14,26,91,13,16
black,PET,385,101,303,58,153,225,62,56,97,41,45,26,18,14,26,91,13,16
black,PET,393,101,308,57,152,226,61,55,97,40,45,25,18,14,26,91,13,16
black,PET,383,100,300,56,151,232,60,54,97,40,45,25,18,14,26,91,13,16
black,PET,396,103,302,55,156,233,60,54,97,40,45,25,18,14,26,91,13,16
black,PET,380,103,307,55,153,237,60,54,97,40,45,25,18,14,26,91,13,16
black,PET,375,99,299,55,155,226,60,54,97,40,45,25,18,14,26,91,13,16
black,PET,374,101,301,60,161,238,60,55,97,40,45,25,18,15,26,92,13,16
black,PET,381,106,330,59,161,243,60,54,97,40,45,25,18,14,26,91,13,16
black,PET,385,102,302,58,152,229,61,55,98,41,45,25,18,14,26,91,13,16
black,PET,395,109,323,59,165,242,61,55,97,41,45,25,18,14,26,91,13,16
black,PET,388,108,319,62,165,244,61,55,98,40,45,25,18,15,26,91,13,16
black,PET,384,107,327,63,169,245,61,55,98,40,45,26,18,14,26,91,13,16
black,PET,388,99,302,56,153,222,61,55,98,41,45,25,18,14,26,91,13,16
black,PET,391,109,326,59,166,243,61,55,98,41,45,25,18,14,26,91,13,16
black,PET,375,105,315,59,167,244,61,55,98,41,45,25,18,14,26,91,13,16
black,PET,382,112,339,60,167,246,61,55,98,41,45,25,18,15,26,91,13,16
black,PET,379,107,318,61,165,237,61,55,98,41,45,25,18,15,26,91,13,16
black,PET,376,101,299,58,159,234,61,55,98,41,45,26,18,14,26,91,13,16
black,PET,404,98,286,58,148,220,61,55,98,41,45,25,18,14,26,91,13,16
black,PET,404,105,313,61,161,240,61,55,98,41,45,26,18,14,26,91,13,16
black,PET,411,109,326,61,159,235,61,55,98,41,45,25,18,14,26,91,13,16
black,PET,424,112,333,60,164,243,61,55,98,41,45,26,18,14,26,91,13,16
black,PET,385,103,302,63,162,243,60,55,98,41,45,25,18,15,26,91,13,16
black,PET,419,104,309,61,157,234,61,55,98,40,45,25,18,14,26,91,13,16
black,PET,441,111,329,59,167,245,62,56,98,41,45,26,18,14,26,90,13,16
black,PET,434,113,329,61,164,242,62,57,98,41,45,26,18,14,26,90,13,16
black,PET,388,98,320,60,164,228,61,55,98,41,45,26,18,14,26,91,13,16
black,PET,398,101,305,58,156,227,61,55,98,41,45,26,18,14,26,91,13,16
black,PET,395,101,304,58,153,224,62,56,99,41,45,26,18,14,26,91,13,16
black,PET,402,102,309,60,156,233,62,56,99,41,45,26,18,14,26,90,13,16
black,PET,391,108,319,63,164,240,62,56,99,41,45,25,18,14,26,90,13,16
black,PET,409,105,306,55,155,229,61,55,98,41,45,26,18,14,26,91,13,16
black,PET,369,100,302,64,159,234,62,55,98,41,45,26,18,14,26,91,13,16
black,PET,364,104,317,63,161,236,61,55,98,41,45,25,18,14,26,91,13,16
black,PET,372,96,303,59,158,227,60,55,98,41,45,26,18,14,26,91,13,16
black,PET,379,103,313,56,160,235,61,55,98,41,45,26,18,15,26,91,13,16
black,PET,376,100,321,58,167,242,62,56,98,41,45,26,18,14,26,91,13,16
black,PET,389,103,310,62,159,230,61,55,98,41,45,26,18,14,26,91,13,16
black,PET,370,103,319,63,165,231,60,55,98,41,45,25,18,14,26,91,13,16
black,PET,362,106,325,57,162,241,60,54,98,41,45,25,18,14,26,91,13,16
black,PET,369,112,340,61,174,256,61,55,99,41,45,25,18,14,26,91,13,16
black,PET,378,100,298,61,153,225,62,56,99,41,45,26,18,15,27,91,13,16
black,PET,389,101,310,60,156,230,61,55,98,41,45,26,18,14,26,91,13,16
black,PET,379,111,339,65,174,254,62,56,99,41,45,26,18,14,27,91,13,16
black,PET,376,106,333,64,172,252,62,56,99,41,45,26,18,14,26,90,13,16
black,PET,376,112,353,70,186,268,62,57,99,41,45,26,18,14,26,90,13,16
black,PET,379,110,342,66,180,259,62,56,99,41,45,26,18,14,26,90,13,16
black,PET,379,107,341,63,171,253,62,56,99,41,45,26,18,14,26,90,13,16
black,PET,376,109,338,62,170,251,62,56,99,41,45,26,18,14,26,90,13,16
black,PET,392,113,343,65,175,254,62,56,99,41,45,26,18,14,26,90,13,16
black,PET,380,118,366,70,195,269,63,57,99,41,45,26,18,14,26,90,14,16
black,PET,377,108,325,65,173,253,62,56,99,41,45,26,18,14,26,90,13,16
black,PET,375,118,367,67,193,267,63,57,99,41,45,26,18,14,26,90,13,16
black,PET,378,110,347,68,180,262,63,57,99,41,45,26,18,14,26,90,13,16
black,PET,372,115,363,66,184,265,62,56,99,42,45,26,18,14,26,90,13,16
black,PET,359,109,343,57,174,260,59,54,99,42,45,25,18,14,26,90,13,16
black,PET,360,108,333,62,176,258,60,54,99,41,45,25,18,15,26,91,13,16
black,PET,387,107,334,76,176,252,64,59,99,41,45,26,18,14,26,91,13,16
black,PET,447,113,340,68,169,245,64,59,99,41,45,26,18,14,27,91,13,16
black,PET,451,110,321,57,160,238,63,57,99,41,45,26,18,14,26,91,13,16
black,PET,378,104,315,56,156,234,59,54,99,41,45,26,18,14,26,91,13,16
black,PET,378,100,300,57,153,235,60,54,99,41,45,25,18,14,27,91,13,16
black,PET,383,104,312,56,157,234,61,55,99,41,45,25,18,14,26,91,13,16
black,PET,412,98,294,60,151,222,62,56,99,41,45,26,18,14,26,91,13,16
black,PET,429,103,302,61,154,229,62,56,99,41,45,26,18,15,27,91,13,16
black,PET,414,101,298,59,150,225,62,56,99,41,45,26,18,14,26,91,13,16
black,PET,400,103,305,59,161,227,62,56,99,41,45,26,18,14,26,91,13,16
black,PET,429,104,306,59,151,220,63,57,99,41,45,26,18,14,26,90,13,16
black,PET,449,107,306,62,156,229,63,57,100,42,45,26,18,15,26,90,13,16
black,PET,422,107,307,63,166,238,64,58,99,42,44,26,18,14,26,90,13,16
black,PET,422,104,303,62,157,231,63,58,100,42,45,26,18,15,27,90,13,16
black,PET,393,102,305,58,153,230,60,54,100,41,45,26,18,14,27,91,13,16
black,PET,400,105,306,58,156,237,61,55,99,41,45,25,18,14,26,91,13,16
black,PET,409,107,321,64,169,243,63,57,99,41,45,26,18,14,26,91,13,16
black,PET,431,111,317,64,163,239,64,58,100,41,45,26,18,14,26,90,13,16
black,PET,423,104,301,64,155,227,63,57,100,41,45,26,18,14,27,90,13,16
black,PET,395,108,321,63,168,243,62,56,99,41,45,26,18,14,26,90,13,16
black,PET,371,113,350,71,189,266,62,56,99,41,45,25,18,14,26,90,14,16
black,PET,377,113,344,61,179,255,61,55,99,41,45,26,18,14,26,91,13,16
black,PET,382,117,363,64,189,262,63,57,99,41,45,26,18,15,26,90,13,16
black,PET,380,115,360,74,192,269,62,57,99,41,45,26,18,14,26,90,13,16
black,PET,377,108,338,64,170,249,61,56,99,41,45,25,18,15,26,90,13,16
black,PET,378,102,318,56,159,237,61,55,98,41,45,25,18,15,26,90,13,16
black,PET,379,117,338,69,174,272,62,56,99,41,45,26,18,15,26,91,13,16
black,PET,373,117,366,69,186,271,60,55,99,41,45,25,18,14,26,91,13,16
black,PET,383,104,354,60,183,239,63,58,99,41,45,26,18,15,26,91,13,16
black,PET,405,108,327,68,171,246,64,58,99,42,45,26,18,14,26,90,13,16
black,PET,375,103,317,61,164,235,61,55,99,41,45,25,18,15,26,90,13,16
black,PET,373,104,322,57,163,235,60,54,99,41,45,25,18,14,26,90,13,16
black,PET,376,115,339,63,174,260,62,56,99,41,45,25,18,14,26,91,14,16
black,PET,375,103,317,62,169,257,62,56,99,41,45,26,18,14,26,91,13,16
black,PET,382,104,325,64,169,245,62,56,99,41,45,26,18,14,26,91,13,16
black,PET,376,110,345,65,178,260,62,56,98,41,45,26,18,14,26,91,13,16
black,PET,380,111,352,67,185,264,63,57,99,41,45,26,18,14,26,90,13,16
black,PET,369,109,355,65,184,252,61,56,99,41,45,25,18,14,26,91,13,16
black,PET,389,109,330,65,173,256,63,57,98,41,45,26,18,14,26,91,13,16
black,PET,377,110,346,64,181,261,62,56,99,41,45,26,18,14,26,91,13,16
black,PET,376,113,357,69,188,269,62,56,99,41,45,26,18,14,27,91,13,16
black,PET,366,107,340,69,178,267,61,55,99,41,45,26,18,14,26,91,13,16
black,PET,375,114,356,63,178,263,60,54,99,41,45,25,18,14,26,91,13,16
black,PET,387,119,337,64,175,268,62,56,99,41,45,26,18,14,26,91,14,16
black,PET,400,118,363,63,182,263,63,57,99,41,45,26,18,14,26,90,13,16
black,PET,382,113,375,67,182,265,63,57,99,41,45,26,18,15,26,91,13,16
black,PET,370,115,361,70,193,271,62,56,99,41,45,26,18,14,26,91,13,16
black,PET,419,113,349,69,165,250,61,56,98,41,45,26,18,14,26,91,13,16
black,PET,410,104,314,56,160,227,61,55,99,41,45,26,18,14,26,91,13,16
black,PET,421,104,304,56,156,227,62,56,99,41,45,25,18,15,26,91,13,16
black,PET,419,105,310,58,158,229,62,56,99,41,45,26,18,14,26,90,13,16
black,PET,422,105,308,62,157,233,62,56,99,41,45,26,18,14,26,90,13,16
black,PET,412,104,314,61,157,231,62,56,99,41,45,26,18,14,26,90,13,16
black,PET,443,112,321,63,166,236,63,57,99,41,45,26,18,14,26,90,13,16
black,PET,406,105,318,66,164,239,62,56,99,41,45,26,18,14,26,91,13,16
black,PET,405,101,299,64,152,235,61,55,98,41,45,26,18,14,27,91,13,16
black,PET,409,102,293,56,149,227,61,55,99,41,45,26,18,14,26,91,13,16
black,PET,395,106,297,74,151,246,63,58,99,41,45,26,18,14,26,91,13,16
black,PET,412,102,303,75,158,247,63,57,99,41,45,26,18,14,26,91,13,16
black,PET,384,99,302,57,157,227,62,56,99,41,45,26,18,15,27,91,14,16
black,PET,363,109,347,59,178,236,62,56,99,41,45,26,18,14,26,91,13,16
black,PET,369,112,348,68,178,261,62,56,99,41,45,26,18,14,26,91,13,16
black,PET,375,111,350,66,178,258,62,56,99,41,45,26,18,14,26,91,13,16
black,PET,393,117,359,65,185,277,62,56,99,41,45,26,18,14,26,90,14,16
black,PET,381,111,366,64,174,257,62,56,99,41,45,26,18,14,26,91,13,16
black,PET,374,110,340,64,178,251,62,57,99,41,45,26,18,15,26,90,13,16
black,PET,394,113,344,66,181,256,62,57,99,41,45,26,18,14,26,90,13,16
black,PET,380,112,348,65,176,257,62,57,99,41,45,26,18,14,26,90,13,16
black,PET,365,110,344,67,178,259,63,57,99,41,45,26,18,14,26,91,14,16
black,PET,373,117,370,68,190,263,62,57,99,41,45,26,18,15,26,90,13,16
black,PET,371,115,377,66,192,263,62,56,99,41,45,26,18,14,26,90,13,16
black,PET,367,117,355,65,182,273,62,56,99,42,45,26,18,14,26,91,13,16
black,PET,416,112,334,65,176,271,62,57,99,41,45,26,18,14,26,91,13,16
black,PET,426,104,303,57,155,225,62,56,99,41,45,26,18,14,26,91,13,16
black,PET,425,101,304,60,155,223,62,57,99,41,45,26,18,15,26,90,13,16
black,PET,404,105,301,65,153,238,63,57,99,41,45,26,18,15,27,91,14,16
black,PET,386,120,372,67,195,253,63,57,99,41,45,26,18,14,26,91,13,16
black,PET,394,118,363,71,184,276,62,57,99,41,45,26,18,14,26,90,14,16
black,PET,383,118,366,66,190,267,62,56,99,41,45,26,18,14,26,91,13,16
black,PET,409,116,364,67,189,260,63,57,100,41,45,26,18,14,26,90,13,16
black,PET,400,123,356,73,183,280,63,57,99,42,45,26,18,14,27,90,14,16
black,PET,374,117,386,70,183,272,63,57,99,41,45,26,18,14,26,90,13,16
black,PET,375,110,348,68,178,263,63,57,99,41,45,26,18,14,26,90,13,16
black,PET,371,114,358,68,186,267,63,57,100,42,45,26,18,14,27,90,14,16
black,PET,366,114,357,71,186,263,62,57,100,41,45,26,18,14,26,90,13,16
black,PET,386,113,349,63,170,254,62,56,99,41,45,26,18,14,26,91,13,16
black,PET,397,111,341,61,167,251,62,56,99,41,45,26,18,14,26,91,13,16
black,PET,420,102,302,60,158,244,63,57,100,41,45,26,18,14,27,90,13,16
black,PET,397,100,300,63,155,226,63,57,100,41,45,26,18,14,26,90,13,16
black,PET,393,106,310,65,160,245,63,57,100,41,45,26,18,14,26,91,13,16
black,PET,379,110,344,62,178,245,63,57,99,41,45,26,18,14,27,90,14,16
black,PET,379,121,374,68,201,264,63,58,99,42,45,26,18,15,27,90,13,16
black,PET,385,119,368,70,192,271,63,57,100,42,45,26,18,14,27,90,14,16
black,PET,412,112,360,63,186,252,64,58,100,41,45,26,18,15,27,90,13,16
black,PET,381,109,328,62,178,262,63,57,99,41,45,26,18,14,26,90,14,16
black,PET,371,115,357,72,183,268,62,57,98,41,45,26,18,14,26,91,14,16
black,PET,370,115,357,66,184,273,62,56,98,41,45,26,18,14,26,91,13,16
black,PET,373,118,363,68,192,271,63,57,99,42,45,26,18,14,26,91,14,16
black,PET,379,120,368,69,192,276,62,56,99,41,45,26,18,14,27,91,14,16
black,PET,370,120,373,67,194,278,62,56,99,41,45,26,18,14,26,90,13,16
black,PET,374,107,358,63,185,255,62,56,99,41,45,26,18,14,26,91,13,16
black,PET,383,104,321,63,161,251,62,56,99,41,45,26,18,14,26,91,13,16
black,PET,406,104,315,61,161,242,62,56,99,41,45,26,18,14,26,91,13,16
black,PET,421,99,311,55,158,217,61,55,99,41,45,26,18,15,26,91,13,16
black,PET,409,103,300,59,151,228,62,55,99,41,45,26,18,14,26,91,13,16
black,PET,410,96,285,57,145,221,62,56,99,41,45,26,18,14,26,91,13,16
black,PET,398,103,303,64,154,238,63,57,99,41,45,26,18,14,26,91,13,16
black,PET,391,114,351,63,183,241,62,57,98,41,45,26,18,14,26,91,13,16
black,PET,398,126,382,76,199,291,63,57,100,41,45,26,18,15,26,90,14,16
black,PET,389,122,388,72,195,278,63,57,100,42,45,26,18,14,27,90,14,16
black,PET,400,120,364,70,191,274,63,58,100,42,45,26,18,14,26,90,14,16
black,PET,401,125,376,76,196,287,63,57,100,42,45,26,18,14,26,90,14,16
black,PET,405,125,381,75,199,284,63,58,100,42,45,26,18,14,26,90,14,16
black,PET,380,115,380,69,198,270,63,57,99,42,45,26,18,14,26,90,14,16
black,PET,376,118,365,72,190,273,63,57,100,41,45,26,18,14,26,90,14,16
black,PET,379,114,358,71,187,267,63,57,99,41,45,26,18,14,27,90,14,16
black,PET,379,113,357,72,185,269,63,57,100,41,45,26,18,14,26,90,14,16
black,PET,376,112,332,73,184,264,63,60,100,42,45,26,18,14,27,90,13,16
black,PET,373,107,343,66,180,249,63,57,100,41,45,26,18,15,27,90,13,16
black,PET,383,117,331,69,172,269,63,57,101,42,45,26,18,15,27,90,13,16
black,PET,392,111,346,68,179,254,63,58,101,42,45,26,18,14,27,90,13,16
black,PET,411,103,307,64,159,230,63,58,101,41,45,26,18,15,27,90,13,16
black,PET,407,104,309,65,163,239,64,58,101,42,45,26,18,14,27,90,13,16
black,PET,372,111,345,66,187,246,63,57,100,41,45,26,18,14,27,90,13,16
black,PET,375,117,343,71,177,275,63,57,100,42,45,26,18,14,27,90,14,16
black,PET,384,116,364,72,191,268,63,58,100,42,45,26,18,14,26,90,14,16
black,PET,389,118,364,72,189,268,63,57,100,42,45,26,18,14,26,90,13,16
black,PET,379,124,361,75,188,287,64,58,100,42,45,26,18,14,27,90,14,16
black,PET,361,114,362,75,190,276,64,58,100,42,45,26,18,14,27,90,13,16
black,PET,377,107,356,69,188,253,64,58,100,42,45,26,18,14,27,90,13,16
black,PET,373,109,338,67,174,256,64,59,100,42,45,26,18,14,27,91,13,16
black,PET,380,110,343,68,176,253,64,58,100,42,45,26,18,14,27,90,13,16
black,PET,376,108,345,68,179,252,63,57,100,42,45,26,18,14,27,90,13,16
black,PET,380,109,333,69,173,256,64,58,101,42,45,26,18,14,27,90,13,16
black,PET,390,106,323,68,167,252,63,57,101,41,45,26,18,14,27,90,13,16
black,PET,434,102,296,66,151,241,63,57,101,42,45,26,18,14,27,90,13,16
