blue,PLA,568,213,621,221,270,262,97,89,125,62,43,36,20,14,28,89,21,19
blue,PLA,550,209,620,213,264,257,94,86,124,60,43,37,20,14,28,90,21,19
blue,PLA,557,210,616,215,264,256,95,87,124,61,43,36,20,14,28,90,21,19
blue,PLA,561,209,619,213,262,254,96,88,124,61,43,36,20,14,28,90,21,19
blue,PLA,557,210,625,213,264,257,96,88,124,61,43,36,20,14,28,90,21,19
blue,PLA,546,209,631,211,265,257,96,87,124,61,43,37,20,14,28,90,21,19
blue,PLA,549,210,631,213,266,257,95,86,124,60,43,37,20,14,28,90,21,19
blue,PLA,556,210,621,215,265,256,96,87,125,61,43,37,20,14,28,90,21,19
blue,PLA,558,211,621,216,265,257,96,88,124,61,43,37,20,14,28,90,21,19
blue,PLA,562,212,624,216,265,257,96,89,124,62,43,36,20,14,28,90,21,19
blue,PLA,556,210,619,214,262,254,96,89,124,61,43,36,20,14,28,90,21,19
blue,PLA,563,212,624,216,266,257,96,88,124,61,43,36,20,14,28,90,21,19
blue,PLA,566,213,624,219,266,257,97,89,125,62,43,36,20,14,28,89,21,19
blue,PLA,564,213,619,222,268,257,98,91,126,63,43,36,20,14,28,89,21,19
blue,PLA,556,212,619,219,266,256,98,90,125,63,43,36,20,14,28,89,21,19
blue,PLA,554,214,634,219,271,262,97,89,125,62,43,37,20,14,28,89,21,19
blue,PLA,546,210,628,214,266,258,97,88,125,61,43,37,20,14,28,89,21,19
blue,PLA,544,209,625,214,266,258,97,88,125,61,43,37,20,14,28,89,21,19
blue,PLA,546,210,622,216,267,258,97,88,126,61,43,37,20,14,28,89,21,19
blue,PLA,547,210,618,217,267,258,98,89,126,62,43,37,20,14,28,88,21,19
blue,PLA,558,211,620,217,267,258,98,90,126,62,43,37,20,14,28,88,21,19
blue,PLA,559,211,620,218,267,257,99,90,127,62,43,36,20,14,28,88,21,19
blue,PLA,560,213,622,221,269,260,98,91,127,62,43,36,20,14,28,88,21,19
blue,PLA,565,215,627,223,272,262,98,90,127,63,43,36,20,14,28,88,21,19
blue,PLA,560,214,628,223,272,261,98,90,127,62,43,37,20,14,28,88,21,19
blue,PLA,560,214,629,223,273,262,98,90,127,62,43,37,20,14,28,88,21,19
blue,PLA,552,212,624,220,270,259,98,90,127,62,43,37,20,14,28,88,21,19
blue,PLA,551,210,617,220,268,256,99,91,127,63,43,37,20,14,28,88,21,19
blue,PLA,554,211,616,220,268,258,99,91,127,63,43,37,20,14,28,88,21,20
blue,PLA,556,211,615,220,269,258,99,91,127,63,43,37,20,14,28,88,21,19
blue,PLA,551,210,614,219,267,257,99,91,127,63,43,36,20,14,28,88,21,19
blue,PLA,554,211,614,222,270,259,100,92,128,64,43,36,20,14,28,88,21,19
blue,PLA,555,210,616,220,269,259,99,91,128,63,43,36,20,14,28,88,21,19
blue,PLA,551,211,623,221,271,262,98,90,127,62,43,37,20,14,28,88,21,19
blue,PLA,554,211,623,217,269,261,98,90,127,62,43,37,20,14,28,88,21,19
blue,PLA,560,214,623,222,273,264,98,90,127,62,43,36,20,14,28,88,21,19
blue,PLA,565,214,616,224,271,260,99,91,128,63,43,36,20,14,28,88,21,19
blue,PLA,562,213,611,224,269,258,99,92,128,63,43,36,20,14,28,88,21,19
blue,PLA,562,216,624,225,274,263,99,92,128,63,43,36,20,14,28,88,21,19
blue,PLA,570,215,626,223,273,262,99,92,128,63,43,36,20,14,28,88,21,19
blue,PLA,565,215,632,225,276,265,99,90,128,63,43,37,20,14,28,88,21,19
blue,PLA,562,215,634,224,275,265,98,90,127,62,43,37,20,14,28,88,21,19
blue,PLA,558,215,636,223,277,268,97,88,127,61,43,37,20,14,28,88,21,19
blue,PLA,561,213,630,221,273,264,97,89,127,62,43,37,20,14,28,88,21,19
blue,PLA,562,215,630,223,276,267,98,90,128,62,43,37,20,14,28,88,21,19
blue,PLA,568,213,621,222,273,263,99,90,128,63,43,37,20,14,28,88,21,19
blue,PLA,562,214,624,223,273,264,100,92,128,63,43,37,20,14,28,87,21,19
blue,PLA,558,212,621,220,270,261,99,91,127,63,43,37,20,14,28,88,21,19
blue,PLA,560,213,625,220,271,262,98,90,127,62,43,36,20,14,28,88,21,19
blue,PLA,559,211,617,221,270,259,99,91,128,63,43,37,20,14,28,87,21,19
blue,PLA,552,211,620,220,269,259,99,92,128,63,43,37,20,14,28,88,21,19
blue,PLA,554,212,623,221,271,261,99,91,128,63,43,37,20,14,28,88,21,19
blue,PLA,554,211,624,218,268,258,98,89,127,62,43,37,20,14,28,88,21,19
blue,PLA,553,211,627,219,269,259,99,92,127,62,43,37,20,14,28,88,21,19
blue,PLA,550,212,626,219,270,259,99,90,127,62,43,37,20,14,28,88,21,19
blue,PLA,562,217,636,225,277,267,98,90,127,62,43,37,20,14,28,88,21,19
blue,PLA,581,217,623,227,273,262,99,92,128,63,43,37,20,14,28,88,21,20
blue,PLA,579,216,614,228,271,258,100,93,128,64,43,36,20,14,28,87,21,20
blue,PLA,576,216,618,229,272,259,100,94,128,65,43,36,20,14,28,87,21,20
blue,PLA,557,212,612,224,269,257,100,93,128,64,43,36,20,14,28,87,21,20
blue,PLA,550,209,617,217,267,257,100,91,128,63,43,37,20,14,28,87,21,19
blue,PLA,541,206,621,211,265,257,99,90,128,62,43,37,20,14,28,87,21,19
blue,PLA,543,205,617,207,262,255,97,88,127,61,43,37,20,14,28,88,21,19
blue,PLA,541,205,613,207,260,253,97,88,127,61,43,37,20,14,28,88,21,19
blue,PLA,567,210,609,215,261,252,98,89,127,62,43,37,20,14,28,88,21,19
blue,PLA,576,214,610,225,266,254,99,92,127,64,43,36,20,14,28,88,21,19
blue,PLA,582,216,616,229,270,257,100,93,127,64,43,36,20,14,28,88,21,19
blue,PLA,569,213,615,227,269,256,100,94,128,64,43,36,20,14,28,87,21,20
blue,PLA,560,212,614,224,269,257,100,93,128,64,43,36,20,14,28,87,21,19
blue,PLA,554,212,623,220,269,259,98,90,126,62,43,37,20,14,28,88,21,19
blue,PLA,555,209,618,217,267,256,99,91,128,63,43,37,20,14,28,87,21,19
blue,PLA,553,209,619,218,268,257,100,91,129,63,43,37,20,14,28,87,21,19
blue,PLA,555,210,615,221,269,256,101,92,130,63,42,37,20,14,28,87,21,19
blue,PLA,557,209,612,218,266,254,100,92,129,63,43,37,20,14,28,87,21,19
blue,PLA,563,210,615,217,265,254,99,91,128,63,43,37,20,14,28,87,21,19
blue,PLA,564,210,611,216,262,251,99,91,128,63,43,37,20,14,28,88,21,19
blue,PLA,563,211,606,220,265,253,100,93,129,63,43,37,20,14,28,87,21,19
blue,PLA,568,211,601,224,266,254,100,94,129,65,43,36,20,14,28,87,21,20
blue,PLA,567,210,600,224,265,252,101,95,129,65,42,36,20,14,28,87,21,20
blue,PLA,561,212,610,222,268,256,101,94,129,65,42,36,20,14,28,87,21,20
blue,PLA,562,210,608,220,267,255,101,94,130,64,42,36,20,14,28,87,21,19
blue,PLA,565,212,614,220,268,256,100,92,129,63,43,37,20,14,28,87,21,19
blue,PLA,558,214,633,223,273,262,100,91,129,62,43,37,20,14,28,87,22,19
blue,PLA,556,213,634,222,273,261,100,92,130,63,42,37,20,14,28,87,22,19
blue,PLA,549,212,632,222,273,259,100,92,130,63,42,37,20,14,28,87,22,19
blue,PLA,539,212,630,224,277,265,100,91,129,62,43,37,20,14,28,87,22,19
blue,PLA,550,210,609,223,272,260,101,93,131,64,42,37,20,14,28,86,22,19
blue,PLA,569,211,596,222,265,254,101,95,130,66,43,36,20,14,28,87,21,20
blue,PLA,574,211,592,223,263,251,102,97,130,66,42,36,20,14,28,86,21,20
blue,PLA,567,214,611,227,270,257,102,96,130,66,42,36,20,14,28,86,21,20
blue,PLA,557,215,630,227,276,262,101,94,130,64,42,36,20,14,28,87,22,20
blue,PLA,548,216,646,226,280,267,101,92,130,63,42,37,20,14,28,87,22,19
blue,PLA,542,213,641,223,278,265,100,90,130,62,42,38,20,14,28,87,22,19
blue,PLA,545,214,638,222,277,264,99,89,129,61,43,38,20,14,28,87,22,19
blue,PLA,560,215,628,225,276,263,99,90,129,62,43,37,20,14,28,87,22,19
blue,PLA,565,213,611,228,273,259,102,94,131,65,42,37,20,14,28,86,21,20
blue,PLA,564,212,602,226,270,257,102,96,131,66,42,36,20,14,28,86,21,20
blue,PLA,570,211,600,222,266,256,102,95,129,66,42,36,20,14,28,86,21,19
blue,PLA,568,211,604,221,266,253,101,94,130,65,43,36,20,14,28,87,21,19
blue,PLA,564,212,609,224,267,254,102,95,131,65,42,37,20,14,28,86,21,19
blue,PLA,565,212,611,226,270,255,103,95,132,65,42,37,20,14,28,86,21,20
blue,PLA,562,214,624,227,274,259,102,93,131,64,43,37,20,14,29,86,22,19
blue,PLA,557,211,615,226,272,256,102,93,131,64,42,37,20,14,28,86,22,20
blue,PLA,562,210,609,225,271,257,103,94,132,64,42,37,20,14,28,86,22,19
blue,PLA,557,210,614,220,268,256,101,93,130,64,43,37,20,14,28,87,22,19
blue,PLA,557,210,611,222,270,257,102,94,132,64,42,37,20,14,28,86,21,20
blue,PLA,559,211,612,221,269,257,101,93,131,64,42,37,20,14,28,86,21,20
blue,PLA,561,210,612,220,266,255,101,93,130,63,43,37,20,14,28,87,21,19
blue,PLA,560,212,613,224,271,258,102,94,131,64,42,37,20,14,28,86,21,19
blue,PLA,564,213,614,226,272,258,102,95,132,65,42,37,20,14,28,86,22,20
blue,PLA,565,213,613,226,270,255,102,95,132,65,42,37,20,14,28,86,21,20
blue,PLA,563,212,614,223,269,255,101,93,130,64,42,37,20,14,28,87,21,19
blue,PLA,564,212,614,225,270,256,101,93,130,64,43,37,20,14,28,87,22,19
blue,PLA,560,211,616,224,270,257,101,93,130,64,43,37,20,14,28,87,22,19
blue,PLA,568,212,615,224,270,257,102,94,131,64,42,37,20,14,28,86,22,19
blue,PLA,559,211,613,223,269,255,102,94,131,64,42,37,20,14,28,86,21,19
blue,PLA,558,210,606,224,269,254,103,95,133,65,42,37,20,14,28,86,21,19
blue,PLA,559,209,606,222,267,252,103,95,133,65,42,37,20,14,28,86,21,19
blue,PLA,561,210,605,223,268,255,102,94,132,64,42,37,20,14,28,86,21,20
blue,PLA,561,209,597,223,266,252,103,96,132,66,42,37,20,14,28,86,21,19
blue,PLA,567,210,594,226,268,253,104,98,133,67,42,36,20,14,28,85,21,20
blue,PLA,566,211,598,227,268,253,104,98,133,67,42,36,20,14,28,85,21,20
blue,PLA,572,213,607,228,271,255,104,98,133,67,42,36,20,14,28,85,21,20
blue,PLA,565,214,615,230,274,258,104,97,133,66,42,37,20,14,28,85,22,20
blue,PLA,555,216,637,228,279,266,101,93,131,64,43,37,20,14,28,86,22,19
blue,PLA,560,215,632,226,277,263,101,93,131,63,43,37,20,14,29,87,22,19
blue,PLA,556,214,624,228,277,263,101,93,132,64,42,37,20,14,28,86,22,20
blue,PLA,559,214,624,228,277,263,102,94,132,64,42,37,20,14,28,86,22,19
blue,PLA,558,211,606,228,273,256,104,96,134,66,42,37,20,14,28,85,22,20
blue,PLA,562,212,609,229,274,259,104,96,134,66,42,37,20,14,28,85,22,20
blue,PLA,563,213,608,228,273,258,104,96,134,66,42,37,20,14,28,85,21,20
blue,PLA,569,213,608,228,273,259,104,97,134,66,42,37,20,14,28,85,21,20
blue,PLA,436,165,467,12,217,0,85,80,142,53,32,0,21,14,21,86,14,20
blue,PLA,700,224,602,234,277,253,111,103,142,71,42,38,21,14,29,84,22,20
blue,PLA,702,225,606,234,278,254,111,102,142,71,42,38,21,14,29,84,22,20
blue,PLA,700,224,605,233,278,254,111,103,142,71,42,38,21,14,29,84,22,20
blue,PLA,699,224,603,233,278,254,111,102,142,71,42,38,21,14,29,84,22,20
blue,PLA,700,223,599,233,277,253,111,103,142,71,42,38,21,14,29,84,22,20
blue,PLA,703,224,599,233,277,254,110,103,141,71,42,38,21,14,29,84,22,20
blue,PLA,704,225,598,235,279,256,111,104,141,72,42,38,21,14,29,84,21,20
blue,PLA,708,227,602,236,281,258,112,105,141,73,42,38,20,14,29,84,22,20
blue,PLA,708,226,602,236,278,255,112,105,141,73,42,38,21,14,29,84,21,20
blue,PLA,710,227,601,239,280,256,112,106,142,73,41,38,21,14,29,84,22,20
blue,PLA,710,227,598,240,280,255,112,106,142,73,42,37,21,14,29,84,22,20
blue,PLA,706,228,606,241,283,258,112,106,142,73,42,38,21,14,29,84,22,20
blue,PLA,708,227,601,239,280,255,111,105,141,73,42,38,21,14,29,84,22,20
blue,PLA,706,227,603,239,281,258,111,105,141,73,42,38,21,14,29,84,22,20
blue,PLA,705,227,601,239,282,259,112,106,141,73,42,38,21,14,29,84,22,20
blue,PLA,705,227,604,239,283,259,112,106,142,73,41,38,21,14,29,83,22,20
blue,PLA,705,227,602,238,282,258,112,105,142,73,42,38,20,14,29,83,22,20
blue,PLA,704,225,597,237,279,254,112,105,143,73,41,38,21,14,29,83,22,20
blue,PLA,705,224,592,237,278,253,112,106,143,73,41,38,21,14,29,83,22,20
blue,PLA,704,224,590,238,279,253,112,106,143,73,41,38,21,14,29,83,22,20
blue,PLA,705,224,587,238,278,253,113,107,143,74,41,37,21,14,29,83,21,20
blue,PLA,706,223,582,236,275,250,113,108,143,75,41,37,21,14,29,83,21,20
blue,PLA,705,223,584,237,275,250,113,108,143,74,41,37,21,14,29,83,22,20
blue,PLA,710,224,591,235,276,251,113,107,143,74,41,38,21,14,29,83,21,20
blue,PLA,701,224,596,235,277,251,113,106,143,73,41,38,21,14,29,83,22,20
blue,PLA,701,223,595,236,277,251,112,105,143,72,41,38,21,14,29,83,22,20
blue,PLA,704,225,598,237,279,254,112,105,143,72,41,38,21,14,29,83,22,20
blue,PLA,705,226,596,238,279,253,113,106,143,73,41,38,21,14,29,83,22,20
blue,PLA,703,225,594,237,278,252,112,105,143,73,41,38,21,14,29,83,22,20
blue,PLA,703,224,593,237,278,251,113,106,143,73,41,38,21,14,29,83,22,20
blue,PLA,702,223,591,236,276,250,113,107,143,73,41,38,21,14,29,83,22,20
blue,PLA,708,225,592,237,277,251,113,106,143,73,41,38,21,14,29,83,22,20
blue,PLA,706,225,592,237,277,251,112,106,142,73,41,38,21,14,29,83,22,20
blue,PLA,705,224,588,237,276,250,113,106,143,74,41,38,21,14,29,83,22,20
blue,PLA,704,224,587,238,277,251,113,107,143,74,41,38,21,14,29,83,22,20
blue,PLA,702,222,584,234,275,250,113,107,143,74,41,38,21,14,29,83,22,20
blue,PLA,706,223,584,236,275,249,114,108,144,75,41,38,21,14,29,82,22,20
blue,PLA,709,225,587,239,278,251,114,107,144,74,41,38,21,14,29,82,22,20
blue,PLA,708,226,590,239,278,251,113,108,144,74,41,38,21,14,29,82,22,20
blue,PLA,707,225,595,239,279,252,114,108,144,74,41,38,21,14,29,82,22,20
blue,PLA,703,225,595,239,280,252,113,107,144,73,41,38,21,14,29,82,22,20
blue,PLA,699,224,597,237,279,252,113,106,144,73,41,38,21,14,29,82,22,20
blue,PLA,702,224,591,237,279,251,113,106,144,73,41,38,21,14,29,82,22,20
blue,PLA,700,222,582,236,276,249,113,107,144,74,41,38,21,14,29,82,22,20
blue,PLA,700,221,572,238,275,248,115,109,145,75,41,38,21,14,29,82,22,20
blue,PLA,702,221,568,239,276,249,116,111,146,77,41,37,21,14,29,81,21,20
blue,PLA,706,221,572,238,275,248,116,112,146,77,41,37,21,14,29,81,21,20
blue,PLA,705,223,581,237,276,250,115,110,145,76,41,37,21,14,29,81,22,20
blue,PLA,702,223,583,240,279,251,116,110,147,76,41,38,21,14,29,81,22,20
blue,PLA,720,228,596,244,283,254,114,108,146,75,41,38,21,14,29,81,22,20
blue,PLA,717,230,602,247,286,257,114,108,146,74,41,38,21,14,29,81,22,20
blue,PLA,713,231,601,250,289,259,114,108,146,75,41,38,21,14,29,81,22,20
blue,PLA,711,230,602,248,288,259,114,108,145,75,41,38,21,14,29,82,22,20
blue,PLA,713,229,598,247,287,258,114,108,145,75,41,38,21,14,29,82,22,20
blue,PLA,706,228,598,245,287,259,114,108,145,75,41,38,21,14,29,82,22,20
blue,PLA,710,228,599,244,287,260,114,108,145,75,41,38,21,14,29,82,22,20
blue,PLA,704,224,585,239,280,253,115,109,146,75,41,38,21,14,29,81,22,20
blue,PLA,706,223,581,238,277,250,114,109,146,75,41,38,21,14,29,81,22,20
blue,PLA,704,222,583,236,276,250,113,108,145,75,41,38,21,14,29,82,22,20
blue,PLA,709,223,587,236,277,252,113,107,144,74,41,38,21,14,29,82,22,20
blue,PLA,709,226,602,236,280,258,111,105,141,72,42,38,21,14,29,84,22,20
blue,PLA,707,225,593,238,279,254,114,108,144,74,41,38,21,14,29,82,22,20
blue,PLA,700,223,592,237,278,251,114,107,145,74,41,38,21,14,29,82,22,20
blue,PLA,698,223,600,235,278,253,113,105,144,72,41,38,21,14,29,82,22,20
blue,PLA,702,224,593,237,279,252,114,106,145,73,41,38,21,14,29,81,22,20
blue,PLA,705,225,591,240,279,250,114,107,146,74,41,38,21,14,29,81,22,20
blue,PLA,709,225,588,240,278,249,115,108,146,74,41,38,21,14,29,81,22,20
blue,PLA,709,225,583,243,279,249,116,110,146,76,41,38,21,14,29,81,22,20
blue,PLA,707,224,576,243,278,247,116,111,147,76,41,38,21,14,29,81,22,20
blue,PLA,703,223,569,244,277,247,117,113,147,77,41,37,21,14,29,81,22,20
blue,PLA,705,224,583,242,279,251,116,111,146,76,41,37,21,14,29,81,22,20
blue,PLA,709,226,594,242,283,256,116,110,146,75,41,38,21,14,29,81,22,20
blue,PLA,698,224,592,240,283,255,115,108,146,74,41,38,21,14,29,81,22,20
blue,PLA,700,222,586,236,277,250,114,107,146,74,41,38,21,14,29,81,22,20
blue,PLA,695,222,585,238,279,251,114,107,146,74,41,38,21,14,29,81,22,20
blue,PLA,708,225,585,242,280,252,115,109,146,75,41,38,21,14,29,81,22,20
blue,PLA,710,224,580,240,277,249,116,110,146,76,41,38,21,14,29,81,22,20
blue,PLA,707,223,582,239,276,249,115,109,145,75,41,38,21,14,29,82,22,20
blue,PLA,706,225,585,241,279,252,115,109,145,75,41,37,21,14,29,81,22,20
blue,PLA,714,226,592,243,282,253,114,109,145,75,41,38,21,14,29,81,22,20
blue,PLA,709,225,586,244,282,253,115,109,146,75,41,38,21,14,29,81,22,20
blue,PLA,712,227,589,244,283,256,115,109,146,75,41,38,21,14,29,81,22,20
blue,PLA,712,225,587,241,280,253,114,108,146,75,41,38,21,14,29,81,22,20
blue,PLA,713,224,585,240,279,251,115,109,146,75,41,38,21,14,29,81,22,20
blue,PLA,704,225,589,243,282,255,115,108,146,75,41,38,21,14,29,81,22,20
blue,PLA,709,224,585,240,280,252,115,109,146,75,41,38,21,14,29,81,22,20
blue,PLA,703,223,582,239,278,250,115,108,146,75,41,38,21,14,29,81,22,20
blue,PLA,704,224,587,240,280,252,115,108,146,74,41,38,21,14,29,81,22,20
blue,PLA,698,222,591,237,280,253,114,107,146,74,41,38,21,14,29,81,22,20
blue,PLA,698,222,586,236,278,251,114,107,146,74,41,38,21,14,29,81,22,20
blue,PLA,698,222,582,235,276,250,114,107,146,74,41,38,21,14,29,81,22,20
blue,PLA,700,221,577,237,274,246,114,108,146,74,41,38,21,14,29,81,22,20
blue,PLA,707,221,571,240,274,246,116,110,146,76,41,38,21,14,29,81,22,20
blue,PLA,708,223,573,243,276,247,116,112,146,77,41,38,21,14,29,81,22,20
blue,PLA,712,224,574,241,276,246,117,112,147,77,41,37,21,14,29,81,22,20
blue,PLA,704,224,578,242,278,248,116,111,147,76,41,37,21,14,29,80,22,20
blue,PLA,705,222,579,239,276,246,116,110,147,76,41,38,21,14,29,81,22,20
blue,PLA,700,223,585,239,279,250,116,109,147,75,41,38,21,14,29,81,22,20
blue,PLA,700,223,591,240,282,254,115,108,146,74,41,38,21,14,29,81,22,20
blue,PLA,699,222,585,237,279,252,115,108,146,74,41,38,21,14,29,81,22,20
blue,PLA,698,224,589,241,284,257,115,108,146,74,41,38,21,14,29,81,22,20
blue,PLA,710,225,587,243,282,255,115,110,147,75,41,38,21,14,29,80,22,20
blue,PLA,715,225,582,241,280,252,116,110,147,76,41,38,21,14,29,81,22,20
blue,PLA,715,225,582,242,279,250,116,110,147,76,41,38,21,14,29,80,22,20
blue,PLA,710,224,582,242,278,248,116,110,147,76,41,38,21,14,29,80,22,20
blue,PLA,711,225,584,242,279,249,116,110,147,76,41,38,21,14,29,81,22,20
blue,PLA,710,225,586,244,281,250,117,111,147,76,41,38,21,14,29,80,22,20
blue,PLA,710,225,585,244,281,250,117,111,148,77,41,38,21,14,29,80,22,20
blue,PLA,711,227,589,245,283,253,116,110,147,76,41,38,21,14,29,81,22,20
blue,PLA,708,227,587,247,284,253,117,111,147,76,41,38,21,14,29,80,22,20
blue,PLA,705,226,586,248,284,254,117,112,148,77,41,38,21,14,29,80,22,20
blue,PLA,701,225,585,246,283,252,117,112,148,77,41,38,21,14,29,80,22,20
blue,PLA,702,225,586,243,281,251,116,111,147,77,41,38,21,14,29,80,22,20
blue,PLA,706,226,590,243,282,253,116,110,147,76,41,38,21,14,29,81,22,20
blue,PLA,707,226,585,244,282,252,116,110,147,76,41,38,21,14,29,80,22,20
blue,PLA,711,226,588,244,281,252,116,110,147,76,41,38,21,14,29,81,22,20
blue,PLA,716,227,584,246,281,251,116,111,147,77,41,38,21,14,29,81,22,20
blue,PLA,717,227,584,247,281,249,117,112,147,77,41,37,21,14,29,80,22,20
blue,PLA,711,226,586,246,281,249,117,112,147,77,41,38,21,14,29,80,22,20
blue,PLA,707,225,587,244,281,250,117,111,147,76,41,38,21,14,29,80,22,20
blue,PLA,704,225,589,241,282,253,116,109,147,75,41,38,21,14,29,81,22,20
blue,PLA,703,222,583,238,278,248,117,110,147,76,41,38,21,14,29,80,22,20
blue,PLA,706,222,583,237,276,247,117,111,147,76,41,38,21,14,29,80,22,20
blue,PLA,709,223,579,238,275,245,116,110,147,75,41,38,21,14,29,80,22,20
blue,PLA,708,224,584,241,278,248,116,110,147,75,41,38,21,14,29,80,22,20
blue,PLA,709,224,584,242,278,248,117,111,147,76,41,38,21,14,29,80,22,20
blue,PLA,711,223,577,241,275,244,117,111,147,76,41,38,21,14,29,80,22,20
blue,PLA,710,224,577,243,278,248,117,111,147,76,41,38,21,14,29,80,22,20
blue,PLA,710,224,579,242,277,247,116,111,147,76,41,38,21,14,29,81,22,20
blue,PLA,716,222,574,239,274,245,116,111,147,76,41,38,21,14,29,80,22,20
blue,PLA,712,223,576,242,277,248,117,112,147,77,41,37,21,14,29,80,22,20
blue,PLA,709,225,580,244,279,250,117,112,148,77,41,37,21,14,28,80,22,20
blue,PLA,716,227,588,247,284,255,117,112,148,77,41,38,21,14,29,80,22,20
blue,PLA,714,226,589,244,282,251,116,111,148,76,41,38,21,14,29,80,22,20
blue,PLA,697,226,598,246,288,259,116,109,149,75,41,38,21,14,29,80,23,20
blue,PLA,695,223,584,242,284,255,116,109,148,75,41,39,21,14,29,80,22,20
blue,PLA,699,220,568,238,278,248,116,111,148,76,41,38,21,14,29,80,22,20
blue,PLA,705,219,557,238,273,244,118,114,148,79,41,38,21,14,29,80,22,20
blue,PLA,712,223,571,241,277,250,117,113,147,77,41,37,21,14,29,81,22,20
blue,PLA,719,226,585,243,281,254,116,112,146,77,41,37,21,14,29,81,22,20
blue,PLA,722,228,596,243,282,254,116,111,146,76,41,37,21,14,29,81,22,20
blue,PLA,715,229,607,243,284,256,115,108,146,75,41,38,21,14,29,81,23,20
blue,PLA,713,230,617,245,289,260,114,106,146,73,41,38,21,14,29,81,23,20
blue,PLA,711,231,616,249,293,262,114,106,147,73,41,39,21,14,29,81,23,20
blue,PLA,706,229,607,248,290,260,115,107,147,74,41,39,21,14,29,81,23,20
blue,PLA,710,227,587,248,286,254,117,112,148,77,41,38,21,14,29,80,23,20
blue,PLA,708,224,578,244,281,251,118,113,148,78,41,38,21,14,29,80,22,20
blue,PLA,704,225,578,245,282,253,118,113,148,78,41,38,21,14,28,80,22,20
blue,PLA,711,224,573,242,278,250,118,114,148,78,41,38,21,14,29,80,22,20
blue,PLA,712,222,571,241,276,246,118,114,148,78,41,37,21,14,29,80,22,20
blue,PLA,713,224,577,243,278,248,118,113,148,77,41,38,21,14,29,80,22,20
blue,PLA,703,223,582,242,281,251,117,111,148,76,41,38,21,14,29,80,22,20
blue,PLA,699,223,585,240,279,250,117,110,148,75,41,38,21,14,29,80,22,20
blue,PLA,705,226,595,243,285,257,117,110,148,75,41,38,21,14,29,80,22,20
blue,PLA,705,226,591,242,282,253,117,110,148,75,41,38,21,14,29,80,22,20
blue,PLA,710,227,594,243,283,253,115,108,147,74,41,38,21,14,29,81,22,20
blue,PLA,712,226,582,246,281,250,117,111,148,76,41,38,21,14,29,80,22,20
blue,PLA,712,227,585,247,282,251,118,112,148,77,41,38,21,14,29,80,22,20
blue,PLA,718,228,591,248,284,254,118,112,148,77,41,38,21,14,29,80,22,20
blue,PLA,716,227,584,248,283,251,118,112,148,77,41,38,21,14,29,80,22,20
blue,PLA,708,225,579,247,281,249,118,112,149,77,41,38,21,14,29,80,22,20
blue,PLA,705,224,585,243,280,250,116,111,147,76,41,38,21,14,29,80,22,20
blue,PLA,702,222,579,242,279,248,119,113,150,77,40,38,21,14,29,79,22,20
blue,PLA,707,223,580,241,279,249,118,112,150,76,40,38,21,14,29,79,22,20
blue,PLA,707,224,583,244,282,251,118,111,150,76,40,38,21,14,29,79,22,20
blue,PLA,709,223,575,244,279,248,118,112,150,77,40,38,21,14,29,79,22,20
blue,PLA,721,227,580,247,282,252,118,113,149,78,41,38,21,14,29,80,22,20
blue,PLA,713,227,586,248,282,252,117,112,147,77,41,37,21,14,29,80,22,20
blue,PLA,708,227,593,247,285,256,117,111,146,76,41,38,21,14,29,81,22,20
blue,PLA,709,228,596,246,287,259,116,110,147,75,41,38,21,14,29,81,22,20
blue,PLA,709,227,597,244,285,258,115,109,147,75,41,38,21,14,29,81,23,20
blue,PLA,711,226,592,242,282,255,115,108,147,75,41,38,21,14,29,81,22,20
blue,PLA,709,226,592,243,283,255,115,109,146,75,41,38,21,14,29,81,22,20
blue,PLA,707,225,592,240,280,254,115,109,146,75,41,38,21,14,29,81,22,20
blue,PLA,706,225,593,240,280,253,115,108,145,74,41,38,21,14,29,81,22,20
blue,PLA,702,224,591,239,278,250,114,107,145,74,41,38,21,14,29,81,22,20
blue,PLA,705,224,592,238,277,250,114,107,145,73,41,38,21,14,28,81,22,20
blue,PLA,706,224,597,238,278,252,113,105,144,72,41,38,21,14,29,82,23,20
blue,PLA,707,225,595,238,278,251,113,106,144,73,41,38,21,14,29,82,22,20
blue,PLA,710,225,595,239,278,251,113,106,144,73,41,38,21,14,29,82,22,20
blue,PLA,710,225,592,239,278,251,114,108,144,74,41,38,21,14,29,82,22,20
blue,PLA,712,226,591,241,279,252,114,108,144,75,41,38,21,14,29,82,22,20
blue,PLA,714,226,590,241,278,252,114,108,144,75,41,38,21,14,29,82,22,20
blue,PLA,710,225,592,240,278,251,114,108,145,74,41,38,21,14,29,81,22,20
blue,PLA,711,224,585,240,278,249,115,110,146,75,41,38,21,14,29,81,22,20
blue,PLA,713,223,586,238,277,249,115,109,146,75,41,38,21,14,29,81,22,20
blue,PLA,711,223,582,240,278,249,117,111,149,76,40,38,21,14,29,79,22,20
blue,PLA,714,223,582,240,277,247,116,109,148,75,41,38,21,14,29,80,22,20
blue,PLA,712,223,582,240,277,247,116,110,148,75,41,38,21,14,29,80,22,20
blue,PLA,712,224,579,241,278,248,117,110,148,76,41,38,21,14,29,80,22,20
blue,PLA,713,223,575,241,277,249,117,111,147,76,41,38,21,14,29,80,22,20
blue,PLA,717,224,577,241,276,248,116,110,146,76,41,38,21,14,29,81,22,20
blue,PLA,714,225,582,243,278,251,116,111,146,76,41,37,21,14,29,81,22,20
blue,PLA,718,227,588,245,280,252,116,111,146,76,41,37,21,14,29,80,22,20
blue,PLA,714,228,599,245,282,254,116,111,146,75,41,38,21,14,29,80,22,20
blue,PLA,712,231,612,248,289,260,115,109,146,74,41,38,21,14,29,81,23,20
blue,PLA,706,230,608,248,289,260,115,108,146,74,41,38,21,14,29,81,23,20
blue,PLA,709,229,606,248,289,260,115,107,146,74,41,38,21,14,29,81,23,20
blue,PLA,710,229,607,245,287,260,114,106,144,73,41,38,21,14,29,81,23,20
blue,PLA,705,228,603,243,285,259,114,107,144,74,41,38,21,14,29,81,23,20
blue,PLA,712,230,603,245,287,261,114,108,145,74,41,38,21,14,29,81,22,20
blue,PLA,713,226,593,242,281,255,115,108,145,75,41,38,21,14,29,81,22,20
blue,PLA,711,227,594,243,282,256,114,109,145,75,41,38,21,14,29,81,22,20
blue,PLA,713,228,594,244,282,255,114,109,145,75,41,38,21,14,29,81,22,20
blue,PLA,719,229,596,245,283,257,115,109,145,75,41,38,21,14,29,81,22,20
blue,PLA,717,230,599,247,284,256,115,109,145,75,41,37,21,14,29,81,22,20
blue,PLA,711,229,601,247,285,257,115,109,145,75,41,38,21,14,29,81,22,20
blue,PLA,705,228,603,245,284,257,114,109,145,74,41,38,21,14,29,81,22,20
blue,PLA,701,227,601,243,284,257,114,108,145,74,41,38,21,14,29,81,22,20
blue,PLA,702,227,600,242,283,257,114,108,145,74,41,38,21,14,29,81,22,20
blue,PLA,704,225,592,240,280,254,115,108,145,74,41,38,21,14,29,81,22,20
blue,PLA,708,225,592,241,281,255,114,108,145,74,41,38,21,14,29,81,22,20
blue,PLA,702,226,596,240,282,257,115,108,145,74,41,38,21,14,29,81,22,20
blue,PLA,705,228,608,241,286,261,114,107,145,73,41,38,21,14,29,81,22,20
blue,PLA,710,228,607,242,286,260,114,106,145,73,41,38,21,14,29,81,23,20
blue,PLA,710,229,608,243,286,260,114,106,145,73,41,38,21,14,29,81,23,20
blue,PLA,709,228,604,245,286,258,115,109,145,75,41,38,21,14,29,81,23,20
blue,PLA,709,231,607,248,290,261,116,109,145,75,41,38,21,14,29,81,23,20
blue,PLA,713,231,606,251,291,262,115,109,145,75,41,38,21,14,29,81,23,20
blue,PLA,711,230,602,248,288,261,114,108,145,75,41,38,21,14,29,81,23,20
blue,PLA,714,228,591,246,283,256,115,109,145,75,41,38,21,14,29,81,22,20
blue,PLA,716,224,575,242,275,247,116,111,147,77,41,37,21,14,29,80,22,20
blue,PLA,711,225,580,245,278,250,116,111,146,76,41,37,21,14,29,81,22,20
blue,PLA,712,225,585,243,279,251,116,111,147,76,41,38,21,14,29,81,22,20
blue,PLA,720,229,596,247,282,252,115,110,147,75,41,38,21,14,29,81,22,20
blue,PLA,711,228,600,248,286,256,115,108,146,74,41,38,21,14,29,81,23,20
blue,PLA,707,226,599,244,283,255,113,106,145,73,41,38,21,14,29,81,23,20
blue,PLA,698,223,580,242,282,252,116,109,148,76,41,38,21,14,29,80,22,20
blue,PLA,703,222,585,239,281,255,115,108,147,75,41,38,21,14,29,80,22,20
blue,PLA,696,218,566,237,276,250,117,111,150,77,40,38,21,14,29,79,22,20
blue,PLA,699,219,568,235,276,249,118,111,150,76,41,38,21,14,29,79,22,20
blue,PLA,701,220,576,237,278,252,117,111,149,76,41,38,21,14,29,79,22,20
blue,PLA,704,223,587,240,281,255,116,110,149,75,41,38,21,14,29,80,22,20
blue,PLA,703,224,593,242,282,254,116,109,149,75,41,38,21,14,29,80,23,20
blue,PLA,708,228,601,247,288,258,116,109,149,75,41,38,21,14,29,80,23,20
blue,PLA,708,229,602,250,290,259,116,109,149,74,41,39,21,14,29,80,23,20
blue,PLA,712,231,601,253,291,260,116,109,148,75,41,38,21,14,29,80,23,20
blue,PLA,710,227,589,251,286,253,117,112,148,77,41,38,21,14,29,80,23,20
blue,PLA,713,227,585,248,284,254,117,111,147,77,41,38,21,14,29,80,22,20
blue,PLA,718,227,586,246,284,256,117,112,148,77,41,38,21,14,29,80,22,20
blue,PLA,715,226,587,243,282,254,117,112,148,77,41,38,21,14,29,80,22,20
blue,PLA,717,225,583,243,279,251,116,111,148,76,41,38,21,14,28,80,22,20
blue,PLA,712,227,593,244,283,255,115,109,146,75,41,38,21,14,29,80,22,20
blue,PLA,709,226,594,243,283,256,116,109,147,75,41,38,21,14,29,80,22,20
blue,PLA,714,225,590,243,283,254,116,110,148,76,41,38,21,14,29,80,22,20
blue,PLA,708,224,585,241,280,252,117,110,148,76,41,38,21,14,29,80,22,20
blue,PLA,714,224,584,241,280,252,116,110,148,75,41,38,21,14,29,80,22,20
blue,PLA,712,225,585,243,281,252,116,110,148,76,41,38,21,14,29,80,22,20
blue,PLA,714,225,580,245,282,252,118,112,148,77,41,38,21,14,29,79,22,20
blue,PLA,718,228,587,250,286,256,118,113,149,77,40,38,21,14,29,79,22,20
blue,PLA,715,227,585,248,283,252,118,112,149,77,40,38,21,14,29,79,22,20
blue,PLA,709,227,584,251,285,253,118,112,149,77,40,38,21,14,29,79,22,20
blue,PLA,710,229,594,250,287,258,116,110,148,76,41,38,21,14,29,80,23,20
blue,PLA,708,229,598,249,288,257,117,111,149,76,41,38,21,14,29,79,23,20
blue,PLA,705,228,596,249,287,257,117,110,149,75,41,38,21,14,28,79,23,20
blue,PLA,710,231,592,257,293,260,119,113,150,77,40,38,21,14,29,79,23,20
blue,PLA,709,228,583,255,288,255,119,114,149,78,40,38,21,14,28,79,23,20
blue,PLA,707,225,576,252,283,250,120,116,151,80,40,37,21,14,29,79,23,20
blue,PLA,701,224,575,250,284,251,120,115,150,79,40,37,21,14,29,79,22,20
blue,PLA,705,222,571,245,279,248,119,114,150,78,40,38,21,14,29,79,22,20
blue,PLA,703,220,571,238,273,244,116,110,148,75,41,38,21,14,28,80,22,20
blue,PLA,708,223,579,239,276,249,117,110,149,75,41,38,21,14,29,79,22,20
blue,PLA,712,224,588,239,278,251,115,109,148,74,41,38,21,14,29,80,22,20
blue,PLA,712,224,589,243,281,251,116,108,148,75,41,38,21,14,29,80,22,20
blue,PLA,709,224,586,243,281,250,116,109,149,75,41,38,21,14,29,79,23,20
blue,PLA,709,225,583,246,282,251,118,111,150,76,40,38,21,14,29,79,23,20
blue,PLA,711,224,572,245,279,247,118,112,150,77,40,38,21,14,29,79,22,20
blue,PLA,712,222,562,247,277,243,120,115,152,79,40,37,21,14,29,78,22,20
blue,PLA,720,224,563,250,279,245,120,116,152,80,40,37,21,14,29,78,22,20
blue,PLA,720,225,567,250,280,245,120,116,151,79,40,37,21,14,29,78,22,20
blue,PLA,715,224,571,247,279,245,120,116,152,79,40,38,21,14,29,78,22,20
blue,PLA,713,225,585,246,282,250,118,112,150,77,40,38,21,14,29,79,23,20
blue,PLA,705,225,585,246,283,251,119,112,151,77,40,38,21,14,29,79,23,20
blue,PLA,707,225,584,246,283,252,118,112,150,76,40,38,21,14,29,79,23,20
blue,PLA,707,224,577,246,282,251,119,113,151,78,40,38,21,14,28,79,22,20
blue,PLA,713,225,574,248,284,252,120,115,151,78,40,38,21,14,29,79,22,20
blue,PLA,712,227,585,248,284,255,118,113,149,78,41,37,21,14,29,79,22,20
blue,PLA,709,228,586,250,285,255,119,113,150,77,40,38,21,14,29,79,22,20
blue,PLA,707,228,593,251,288,256,118,112,150,76,40,38,21,14,29,79,23,20
blue,PLA,705,227,591,250,288,255,118,112,151,77,40,38,21,14,29,79,23,20
blue,PLA,706,225,581,249,284,251,119,113,151,77,40,38,21,14,29,78,23,20
blue,PLA,709,224,573,249,280,248,119,114,151,78,40,38,21,14,29,79,22,20
blue,PLA,705,225,573,250,283,250,119,114,150,78,40,37,21,14,29,79,22,20
blue,PLA,721,227,581,248,281,251,118,113,149,77,40,38,21,14,29,79,22,20
blue,PLA,718,231,597,254,291,261,117,112,149,76,41,37,21,14,29,79,22,20
blue,PLA,717,228,590,249,286,255,118,112,149,76,41,38,21,14,28,79,22,20
blue,PLA,710,225,584,245,282,251,117,110,149,76,41,38,21,14,29,79,23,20
blue,PLA,712,227,589,248,286,255,118,111,150,76,40,38,21,14,29,79,22,20
blue,PLA,705,225,584,244,282,251,118,112,150,76,40,38,21,14,29,79,23,20
blue,PLA,704,223,579,243,280,250,118,111,150,76,40,38,21,14,29,79,22,20
blue,PLA,701,221,577,240,279,250,119,112,150,76,40,38,21,14,29,79,22,20
blue,PLA,703,222,573,245,282,251,120,114,151,77,40,38,21,14,29,78,22,20
blue,PLA,707,225,577,248,287,256,120,115,151,78,40,38,21,14,29,78,22,20
blue,PLA,715,226,576,250,284,252,121,116,152,79,40,38,21,14,29,78,22,20
blue,PLA,712,225,574,250,282,250,120,115,152,79,40,38,21,14,29,78,22,20
blue,PLA,707,225,587,249,286,254,119,113,151,77,40,38,21,14,29,78,22,20
blue,PLA,698,225,589,246,286,254,119,112,151,76,40,38,21,14,29,78,23,20
blue,PLA,703,224,583,247,284,251,119,112,152,76,40,38,21,14,29,78,23,20
blue,PLA,722,227,578,250,285,252,119,112,152,77,40,38,21,14,28,78,23,20
blue,PLA,730,233,600,256,291,258,118,111,150,77,40,38,21,14,28,78,22,20
blue,PLA,742,233,593,255,286,251,118,114,150,78,40,37,21,14,28,78,23,20
blue,PLA,752,235,592,260,289,254,119,115,150,79,40,37,21,14,28,78,22,20
blue,PLA,746,233,582,257,284,248,119,115,150,79,40,36,21,14,28,78,22,20
blue,PLA,743,230,574,254,281,246,120,116,151,80,40,36,21,14,28,78,22,20
blue,PLA,743,231,576,255,284,250,121,118,151,80,40,37,21,14,28,78,22,20
blue,PLA,767,235,576,259,284,246,119,118,150,81,40,36,21,14,28,78,22,20
blue,PLA,742,228,570,252,281,244,120,116,151,79,40,37,21,14,28,78,22,20
blue,PLA,740,230,579,255,284,248,120,116,151,79,40,37,21,14,28,78,22,20
blue,PLA,742,230,578,255,283,247,120,116,151,79,40,37,21,14,28,77,22,20
blue,PLA,740,231,579,256,285,249,120,116,152,79,40,37,21,14,28,77,22,20
blue,PLA,739,232,581,256,285,248,120,116,152,80,40,37,21,14,28,77,22,20
blue,PLA,780,239,569,272,289,239,120,121,151,84,39,35,21,14,28,76,22,20
blue,PLA,779,237,561,270,286,236,121,122,152,84,39,35,21,14,28,76,22,20
blue,PLA,779,236,559,268,284,235,121,121,151,84,39,35,21,14,28,76,22,20
blue,PLA,748,233,571,260,285,245,121,118,152,82,39,37,21,14,28,77,23,20
blue,PLA,746,232,575,259,286,246,121,117,152,81,39,37,21,14,28,77,22,20
blue,PLA,750,233,579,259,286,247,120,117,152,80,39,37,21,14,28,77,23,20
blue,PLA,742,231,576,257,284,246,121,117,152,80,40,37,21,14,28,77,23,20
blue,PLA,747,231,574,256,282,245,119,116,150,80,40,37,21,14,28,78,22,20
blue,PLA,752,232,573,257,282,244,119,117,150,81,40,37,21,14,28,78,22,20
blue,PLA,738,228,564,254,281,243,120,117,151,81,40,37,21,14,28,78,22,20
blue,PLA,740,229,568,256,282,245,120,117,151,80,40,37,21,14,28,78,22,20
blue,PLA,743,229,569,254,282,244,120,116,151,80,40,37,21,14,28,78,23,20
blue,PLA,738,229,573,253,281,244,119,114,151,79,40,38,21,14,28,78,23,20
blue,PLA,740,229,575,252,282,245,119,114,151,78,40,38,21,14,28,78,23,20
blue,PLA,739,231,586,254,285,248,119,113,151,78,40,38,21,14,28,78,23,20
blue,PLA,734,231,586,256,287,250,119,114,152,78,40,38,21,14,28,77,23,20
blue,PLA,746,235,588,262,290,252,120,116,152,80,40,37,21,14,28,77,23,20
blue,PLA,749,233,581,262,289,250,120,117,152,80,40,37,21,14,28,77,23,20
blue,PLA,750,233,578,261,288,248,120,117,152,80,40,37,21,14,28,77,23,20
blue,PLA,744,230,576,258,284,245,120,117,151,80,40,37,21,14,28,77,23,20
blue,PLA,742,231,572,258,285,246,120,117,151,81,40,37,21,14,28,77,23,20
blue,PLA,744,231,569,259,285,247,120,118,151,81,40,37,21,14,28,77,22,20
blue,PLA,743,230,570,258,285,247,120,117,152,80,40,37,21,14,28,77,23,20
blue,PLA,748,231,571,256,282,244,119,115,150,79,40,37,21,14,28,78,22,20
blue,PLA,751,233,579,255,283,247,119,114,150,79,40,37,21,14,28,78,23,20
blue,PLA,747,232,579,254,283,247,118,114,150,78,40,37,21,14,28,78,23,20
blue,PLA,745,233,584,255,285,249,118,114,150,78,40,37,21,14,28,78,23,20
blue,PLA,743,232,584,255,286,249,119,114,150,78,40,37,21,14,28,78,23,20
blue,PLA,749,234,589,257,287,250,118,114,149,79,40,37,21,14,28,78,23,20
blue,PLA,750,234,582,260,286,247,118,116,150,80,40,37,21,14,28,78,22,20
blue,PLA,733,229,575,257,284,248,120,116,151,80,40,37,21,14,28,78,22,20
blue,PLA,736,230,573,258,285,247,120,117,151,81,40,37,21,14,28,78,22,20
blue,PLA,735,230,572,258,285,247,120,116,151,80,40,37,21,14,28,78,23,20
blue,PLA,736,231,577,260,288,249,120,116,151,80,40,38,21,14,28,78,23,20
blue,PLA,736,233,582,260,289,250,120,115,151,80,40,38,21,14,28,78,23,20
blue,PLA,744,233,583,260,289,251,120,115,151,79,40,38,21,14,28,78,23,20
blue,PLA,742,233,586,260,289,250,119,115,151,79,40,38,21,14,28,78,23,20
blue,PLA,741,233,587,260,288,249,119,114,151,79,40,38,21,14,28,78,23,20
blue,PLA,741,233,587,258,288,250,120,115,152,79,40,38,21,14,28,77,23,20
blue,PLA,742,231,586,255,286,250,119,113,151,78,40,38,21,14,28,78,23,20
blue,PLA,737,229,580,251,282,246,119,114,151,78,40,38,21,14,28,78,23,20
blue,PLA,737,229,577,251,282,247,119,114,151,79,40,38,21,14,28,78,22,20
blue,PLA,735,228,576,251,282,246,120,115,151,79,40,38,21,14,28,78,22,20
blue,PLA,732,230,574,256,284,248,120,116,151,80,40,37,21,14,28,78,22,20
blue,PLA,739,228,567,256,282,244,120,116,151,80,40,37,21,14,28,78,22,20
blue,PLA,740,229,568,255,282,244,122,118,151,81,40,37,21,14,28,78,22,20
blue,PLA,745,228,565,253,279,241,120,116,151,80,40,37,21,14,28,78,23,20
blue,PLA,742,228,567,253,280,244,120,117,151,80,40,37,21,14,28,78,22,20
blue,PLA,722,225,570,248,280,244,121,116,152,79,40,38,21,14,28,78,23,20
blue,PLA,719,224,566,249,280,244,122,117,153,80,40,38,21,14,28,77,23,20
blue,PLA,718,225,570,252,283,247,121,117,153,80,40,38,21,14,28,77,23,20
blue,PLA,717,226,573,253,285,248,121,116,153,79,40,38,21,14,28,77,23,20
blue,PLA,719,227,576,253,286,249,121,116,153,79,40,38,21,14,28,77,23,20
blue,PLA,720,229,583,256,289,252,121,116,153,80,40,38,21,14,29,77,23,20
blue,PLA,721,229,583,257,290,252,122,117,153,80,40,38,21,14,29,77,23,20
blue,PLA,725,231,588,258,291,253,120,115,152,79,40,38,21,14,29,78,23,20
blue,PLA,727,232,591,259,291,254,120,115,152,79,40,38,21,14,28,78,23,20
blue,PLA,732,231,584,258,288,250,121,116,152,79,40,38,21,14,28,78,23,20
blue,PLA,737,231,581,258,287,249,120,116,152,79,40,38,21,14,28,77,23,20
blue,PLA,757,238,589,266,293,252,120,116,151,81,40,37,21,14,28,77,23,20
blue,PLA,768,239,587,266,291,249,119,116,150,81,40,37,21,14,28,77,23,20
blue,PLA,767,241,591,270,295,252,120,117,151,81,39,37,21,14,28,77,23,20
blue,PLA,745,234,577,265,291,248,122,118,154,82,39,37,21,14,28,76,23,20
blue,PLA,768,238,578,268,291,246,121,118,153,82,39,37,21,14,28,76,23,20
blue,PLA,767,236,573,265,287,243,121,119,153,82,39,36,21,14,28,76,22,20
blue,PLA,763,234,567,264,286,241,122,121,153,84,39,36,21,14,28,76,22,20
blue,PLA,765,233,558,263,284,238,122,122,153,85,39,36,21,14,28,76,22,20
blue,PLA,764,231,546,262,281,234,122,123,153,85,39,36,21,14,28,76,22,21
blue,PLA,758,230,544,264,281,232,122,123,153,85,39,36,21,14,28,76,22,20
blue,PLA,764,231,548,264,282,235,122,122,153,85,39,36,21,14,28,76,22,21
blue,PLA,772,234,564,267,286,240,122,120,153,83,39,37,21,14,28,76,23,20
blue,PLA,765,236,576,267,289,244,122,119,153,82,39,37,21,14,28,76,23,20
blue,PLA,757,236,585,267,291,246,122,118,154,82,39,38,21,14,28,76,23,20
blue,PLA,767,239,586,271,294,247,123,119,154,82,39,37,21,14,28,76,23,20
blue,PLA,768,238,582,271,293,246,123,120,154,83,39,37,21,14,28,76,23,20
blue,PLA,774,238,578,270,291,246,123,121,154,83,39,36,21,14,28,76,23,20
blue,PLA,774,236,568,267,288,242,123,122,154,84,39,36,21,14,28,76,22,21
blue,PLA,768,234,564,264,286,241,123,121,154,84,39,37,21,14,28,76,22,21
blue,PLA,782,237,562,267,285,238,121,119,152,83,39,36,21,14,28,76,22,20
blue,PLA,779,235,559,267,285,238,122,120,153,84,39,36,21,14,28,76,23,21
blue,PLA,789,241,579,271,291,245,121,120,153,83,39,36,21,14,28,76,23,20
blue,PLA,771,237,570,271,290,243,123,122,155,85,39,36,21,14,28,75,23,20
blue,PLA,776,237,561,272,290,239,124,123,155,85,39,36,21,14,28,75,22,21
blue,PLA,772,232,546,268,282,231,124,124,155,86,39,36,21,14,28,75,22,20
blue,PLA,765,233,549,268,283,233,124,124,155,86,39,36,21,14,28,75,22,20
blue,PLA,768,231,545,266,280,229,124,125,155,86,39,36,21,14,28,75,22,20
blue,PLA,766,231,542,268,281,229,125,125,155,87,39,36,21,14,28,75,22,21
blue,PLA,754,230,548,266,282,232,125,124,155,86,39,36,21,14,28,76,23,20
blue,PLA,769,233,553,269,283,233,124,122,154,85,39,36,21,14,28,76,23,20
blue,PLA,775,235,560,268,284,236,123,122,154,84,39,36,21,14,28,76,23,21
blue,PLA,781,236,565,269,285,237,122,121,153,84,39,36,21,14,28,76,23,21
blue,PLA,783,239,573,273,291,242,122,120,153,83,39,37,21,14,28,76,23,20
blue,PLA,778,238,575,271,288,240,122,120,153,84,39,37,21,14,28,76,23,20
blue,PLA,778,239,574,271,290,242,122,120,153,83,39,37,21,14,28,76,23,21
blue,PLA,778,240,577,273,292,243,122,121,153,83,39,36,21,14,28,76,23,20
blue,PLA,774,237,571,271,288,239,123,121,153,83,39,36,21,14,28,76,23,20
blue,PLA,778,237,569,270,287,239,122,121,153,84,39,36,21,14,28,76,23,20
blue,PLA,781,236,563,267,284,236,123,121,153,84,39,36,21,14,28,76,23,20
blue,PLA,802,239,566,268,283,234,120,119,151,83,39,36,21,14,28,76,22,20
blue,PLA,794,237,562,268,283,234,121,120,152,84,39,36,21,14,28,76,22,21
blue,PLA,770,234,561,264,284,239,122,120,153,83,39,37,21,14,28,76,22,20
blue,PLA,790,237,564,267,283,235,121,120,152,84,39,36,21,14,28,76,23,20
blue,PLA,793,238,566,270,285,237,121,119,152,83,39,36,21,14,28,76,23,20
blue,PLA,791,240,573,270,287,239,121,119,152,83,39,36,21,14,28,76,23,20
blue,PLA,792,241,575,272,289,240,120,119,152,83,39,36,21,14,28,76,23,20
blue,PLA,791,242,576,274,290,240,121,120,152,84,39,36,21,14,28,76,23,21
blue,PLA,795,240,570,272,287,236,121,120,152,84,39,36,21,14,28,76,23,21
blue,PLA,798,242,576,273,288,238,121,120,151,83,39,35,21,14,28,76,23,21
blue,PLA,788,238,562,273,287,235,122,122,153,85,39,35,21,14,28,76,22,20
blue,PLA,783,235,550,269,281,229,122,124,153,86,39,35,21,14,28,76,22,21
blue,PLA,781,233,542,269,279,226,123,124,153,86,39,35,21,14,28,76,22,20
blue,PLA,785,234,543,269,281,227,123,124,153,86,39,35,21,14,28,75,22,21
blue,PLA,798,237,551,270,283,232,121,121,151,84,39,35,21,14,28,76,22,20
blue,PLA,787,240,562,271,288,239,120,119,151,83,39,36,21,14,28,76,23,20
blue,PLA,788,241,580,271,289,241,120,119,151,83,39,36,21,14,28,76,23,20
blue,PLA,795,241,574,273,288,238,120,120,151,83,39,35,21,14,28,76,23,20
blue,PLA,788,238,559,273,285,231,122,122,153,85,39,35,21,14,28,75,22,21
blue,PLA,791,238,556,275,286,230,122,124,153,86,39,35,21,14,28,75,23,21
blue,PLA,793,239,556,277,288,232,122,124,153,86,39,35,21,14,28,75,22,21
blue,PLA,784,236,553,272,284,231,123,124,154,86,39,36,21,14,28,75,22,21
blue,PLA,798,239,561,272,284,233,121,122,151,85,39,36,21,14,28,76,23,21
blue,PLA,816,241,561,275,286,231,121,122,151,85,39,35,21,14,28,76,23,21
blue,PLA,814,241,566,273,285,233,120,120,150,84,39,35,21,14,28,76,23,20
blue,PLA,825,245,573,275,288,234,118,119,149,83,39,35,21,14,28,77,22,21
blue,PLA,821,243,572,273,286,234,118,118,149,83,39,35,21,14,28,77,22,20
blue,PLA,820,244,572,274,286,234,118,119,149,84,39,35,21,14,28,77,22,20
blue,PLA,818,243,572,275,287,233,118,119,149,84,39,35,21,14,28,76,22,20
blue,PLA,817,242,568,273,285,231,117,119,149,84,39,34,21,14,28,77,23,20
blue,PLA,811,242,565,275,286,231,118,119,148,84,39,34,21,14,28,77,22,21
blue,PLA,814,243,565,276,286,231,117,119,148,83,39,34,21,14,28,77,22,20
blue,PLA,826,246,570,277,289,235,116,117,147,83,39,34,21,14,28,77,22,20
blue,PLA,822,243,571,274,285,232,116,116,147,82,39,34,21,14,28,77,22,20
blue,PLA,822,245,574,274,286,234,116,116,147,82,39,35,21,14,28,77,23,20
blue,PLA,825,247,583,274,288,237,115,115,146,81,40,35,21,14,28,78,22,20
blue,PLA,829,247,584,275,288,239,115,115,146,81,40,35,21,14,28,78,23,20
blue,PLA,821,248,588,276,291,241,115,115,146,81,40,35,21,14,28,78,23,20
blue,PLA,824,248,588,275,290,240,115,115,146,81,40,34,21,14,28,78,23,20
blue,PLA,826,245,581,273,286,236,115,115,146,81,40,34,21,14,28,78,23,20
blue,PLA,828,248,587,275,289,239,115,115,146,81,40,35,21,14,28,78,22,20
blue,PLA,827,247,583,272,288,238,115,114,146,81,39,35,21,14,28,78,22,20
blue,PLA,826,248,589,273,290,242,115,114,146,80,40,35,21,14,28,78,23,20
blue,PLA,824,248,593,272,291,244,115,114,146,80,40,35,21,14,28,78,23,20
blue,PLA,817,247,587,273,290,242,116,115,147,81,39,35,21,14,28,77,23,20
blue,PLA,813,247,586,277,292,241,116,116,147,82,39,35,21,14,28,77,22,20
blue,PLA,820,249,588,281,295,241,116,116,147,82,39,34,21,14,28,77,23,20
blue,PLA,819,247,581,280,291,236,116,116,147,82,39,34,21,14,28,77,23,20
blue,PLA,819,245,575,277,287,233,116,116,147,82,39,34,21,14,28,77,22,20
blue,PLA,827,246,578,277,289,235,116,116,147,82,39,34,21,14,28,77,23,20
blue,PLA,833,247,582,275,288,236,116,116,147,81,39,34,21,14,28,77,22,20
blue,PLA,816,245,580,272,285,235,116,116,147,82,39,34,21,14,28,77,22,20
blue,PLA,817,242,573,268,281,232,116,116,147,82,39,34,21,14,28,77,22,20
blue,PLA,814,241,567,268,280,231,117,116,147,81,39,35,21,14,28,77,22,20
blue,PLA,814,242,570,270,284,234,116,118,147,82,39,35,21,14,28,77,22,20
blue,PLA,812,242,566,269,282,232,116,117,147,82,39,35,21,14,28,77,22,20
blue,PLA,817,243,572,270,283,235,116,116,147,82,39,35,21,14,28,77,22,20
blue,PLA,819,244,573,271,285,235,116,117,147,82,39,35,21,14,28,77,22,20
blue,PLA,808,242,570,271,282,232,116,117,147,82,39,34,21,14,28,77,22,20
blue,PLA,814,242,565,273,283,230,116,118,147,83,39,34,21,14,28,77,22,20
blue,PLA,818,243,567,277,286,232,117,118,147,83,39,34,21,14,28,77,22,20
blue,PLA,819,243,567,277,286,232,117,118,147,83,39,34,21,14,28,77,22,20
blue,PLA,823,245,570,276,286,231,117,118,147,83,39,34,21,14,28,77,22,20
blue,PLA,823,244,570,276,286,231,117,117,147,82,39,34,21,14,28,77,22,20
blue,PLA,829,245,573,276,286,233,117,116,147,81,39,35,21,14,28,77,23,20
blue,PLA,824,247,581,275,288,237,116,116,147,82,39,35,21,14,28,77,23,20
blue,PLA,822,246,582,274,286,237,116,116,147,81,39,35,21,14,28,77,23,20
blue,PLA,826,247,587,276,289,239,116,115,147,81,39,35,21,14,28,77,23,20
blue,PLA,833,249,592,277,289,240,116,115,147,81,39,35,21,14,28,77,23,20
blue,PLA,828,248,592,275,288,240,116,115,147,80,39,35,21,14,28,77,23,20
blue,PLA,831,247,587,272,287,238,115,115,147,80,39,35,21,14,28,77,22,20
blue,PLA,830,245,577,270,283,234,116,116,147,81,39,34,21,14,28,77,22,20
blue,PLA,830,241,565,267,280,230,116,118,147,82,39,34,21,14,28,77,22,20
blue,PLA,824,242,564,269,284,230,116,118,147,83,39,34,21,14,28,77,22,20
blue,PLA,816,239,554,268,280,226,116,119,147,83,39,34,21,14,28,77,22,20
blue,PLA,810,238,548,267,279,224,116,118,147,83,39,34,21,14,28,77,22,20
blue,PLA,806,239,550,272,285,228,116,118,147,83,39,34,21,14,28,77,22,20
blue,PLA,815,239,553,271,283,229,116,117,147,82,39,34,21,14,28,77,22,20
blue,PLA,824,245,576,276,291,241,116,115,147,81,39,35,21,14,28,77,23,20
blue,PLA,822,249,600,276,295,249,115,113,147,80,39,36,21,14,28,77,23,20
blue,PLA,823,253,611,278,298,254,115,113,147,79,39,36,21,14,28,77,23,20
blue,PLA,826,251,608,278,296,251,115,114,147,80,39,35,21,14,28,77,23,20
blue,PLA,833,251,606,280,296,249,116,115,147,81,39,35,21,14,28,77,23,20
blue,PLA,842,251,595,281,294,242,116,117,147,82,39,34,21,14,28,77,23,20
blue,PLA,840,248,582,280,291,236,116,117,147,83,39,34,21,14,28,77,22,20
blue,PLA,837,246,571,276,287,232,116,118,147,83,39,34,21,14,28,77,22,20
blue,PLA,846,244,568,274,286,232,116,117,147,82,39,34,21,14,28,77,22,20
blue,PLA,840,245,574,275,289,237,116,116,147,82,39,34,21,14,28,77,22,21
blue,PLA,831,246,580,274,290,239,116,116,147,81,39,35,21,14,28,77,23,20
blue,PLA,833,249,593,278,295,246,116,115,147,81,39,35,21,14,28,78,23,20
blue,PLA,665,233,598,268,289,249,114,112,146,77,38,36,21,14,28,79,22,20
blue,PLA,679,236,593,273,290,243,114,113,146,78,37,35,21,14,28,78,22,20
blue,PLA,678,235,592,273,290,244,115,114,147,79,38,35,21,14,28,78,23,20
blue,PLA,680,234,587,272,288,241,116,115,147,79,38,35,21,14,28,78,22,20
blue,PLA,667,233,588,272,290,247,116,114,148,78,38,36,21,14,28,78,23,20
blue,PLA,672,234,619,271,286,242,114,114,146,79,38,35,21,14,28,78,23,20
blue,PLA,673,235,590,275,288,241,114,114,146,79,38,35,21,14,28,78,22,20
blue,PLA,679,235,588,276,289,241,115,115,146,79,38,35,21,14,28,78,23,20
blue,PLA,678,235,588,276,288,239,115,115,146,79,38,35,21,14,28,78,23,20
blue,PLA,676,234,582,279,291,239,116,116,148,80,37,35,21,14,28,77,22,20
blue,PLA,682,234,584,275,289,239,115,115,147,79,38,35,21,14,28,78,22,20
blue,PLA,674,233,585,273,287,240,115,115,147,79,38,35,21,14,28,78,22,20
blue,PLA,671,232,585,272,287,239,115,115,147,79,38,35,21,14,28,78,22,20
blue,PLA,683,234,591,269,284,240,113,113,145,77,38,35,21,14,28,79,22,20
blue,PLA,679,232,585,268,282,238,113,112,145,77,38,35,21,14,28,78,23,20
blue,PLA,676,233,588,268,283,239,114,113,145,78,38,35,21,14,28,78,22,20
blue,PLA,675,232,587,267,283,239,113,112,145,77,38,35,21,14,28,78,23,20
blue,PLA,677,236,599,273,290,245,113,112,145,77,38,35,21,14,28,78,23,20
blue,PLA,677,236,596,273,289,245,114,112,145,77,38,35,21,14,28,78,23,20
blue,PLA,685,237,599,275,292,246,114,113,146,78,38,35,21,14,28,78,23,20
blue,PLA,682,239,603,277,294,247,114,113,146,78,38,35,21,14,28,78,23,20
blue,PLA,679,240,606,280,297,250,114,113,146,78,38,35,21,14,28,78,23,20
blue,PLA,692,239,602,280,295,247,114,114,146,78,38,35,21,14,28,78,23,20
blue,PLA,691,239,598,280,294,245,115,114,147,79,38,35,21,14,28,78,23,20
blue,PLA,696,239,597,278,292,243,115,114,147,79,38,35,21,14,28,78,23,20
blue,PLA,692,238,598,277,292,244,115,114,147,79,38,35,21,14,28,78,23,20
blue,PLA,694,238,597,276,292,243,115,114,147,79,38,35,21,14,28,78,22,20
blue,PLA,680,236,594,274,290,243,115,115,147,79,38,35,21,14,28,78,23,20
blue,PLA,690,237,594,274,291,244,115,115,147,79,38,35,21,14,28,78,22,20
blue,PLA,679,232,579,273,286,237,115,115,147,79,37,35,21,14,28,78,22,20
blue,PLA,684,232,578,273,286,236,115,115,147,79,38,35,21,14,28,78,22,20
blue,PLA,681,231,573,271,282,234,115,115,147,80,38,35,21,14,28,77,22,20
blue,PLA,678,229,570,271,284,235,117,116,149,80,37,35,21,14,28,77,23,20
blue,PLA,678,229,567,271,282,234,117,117,149,80,37,35,21,14,28,77,22,20
blue,PLA,685,231,569,274,285,234,117,117,149,81,37,35,21,14,28,77,22,20
blue,PLA,676,228,562,273,282,231,117,118,150,81,37,35,21,14,28,76,22,20
blue,PLA,680,230,565,275,285,233,117,118,149,81,37,35,21,14,28,76,23,20
blue,PLA,673,229,560,275,283,230,118,118,150,81,37,35,21,14,28,76,22,20
blue,PLA,673,229,560,275,282,228,118,119,150,82,37,34,21,14,28,76,22,20
blue,PLA,666,229,560,278,285,229,118,119,150,82,37,34,21,14,28,76,22,20
blue,PLA,663,230,560,277,285,230,118,119,150,82,37,35,21,14,28,76,23,20
blue,PLA,667,230,564,277,286,232,118,118,150,81,37,35,21,14,28,76,23,21
blue,PLA,673,232,570,275,286,234,117,117,150,81,37,35,21,14,28,76,23,20
blue,PLA,670,232,577,276,289,238,117,117,150,80,37,35,21,14,28,76,23,20
blue,PLA,671,235,586,279,294,244,117,117,150,80,37,35,21,14,28,76,23,20
blue,PLA,665,235,587,279,295,245,118,117,150,80,37,35,21,14,28,76,23,20
blue,PLA,665,235,587,279,294,244,118,117,150,80,37,35,21,14,28,76,23,20
blue,PLA,666,234,583,280,293,241,118,118,150,81,37,35,21,14,28,76,23,20
blue,PLA,667,234,577,283,295,239,117,118,150,82,37,34,21,14,28,76,23,21
blue,PLA,670,235,577,286,298,239,117,118,150,82,37,34,21,14,28,76,23,20
blue,PLA,680,235,574,284,296,238,117,118,150,82,37,35,21,14,28,76,23,21
blue,PLA,676,237,583,286,299,241,117,118,150,82,37,34,21,14,28,76,23,20
blue,PLA,673,237,584,283,297,242,118,118,150,82,37,35,21,14,28,76,23,20
blue,PLA,671,236,582,284,298,242,117,118,150,81,37,35,21,14,28,76,23,21
blue,PLA,668,238,589,287,302,246,117,118,150,81,37,35,21,14,28,76,23,20
blue,PLA,664,236,583,282,296,241,117,118,150,81,37,35,21,14,28,76,23,21
blue,PLA,674,234,578,280,293,238,117,118,150,82,37,35,21,14,28,76,23,21
blue,PLA,666,232,578,278,292,239,118,117,150,80,37,35,21,14,28,76,23,20
blue,PLA,663,233,581,278,292,241,117,117,149,80,37,35,21,14,28,76,23,20
blue,PLA,662,232,578,277,289,238,117,117,150,80,37,35,21,14,28,76,23,20
blue,PLA,665,233,576,279,290,237,117,118,150,81,37,35,21,14,28,76,23,20
blue,PLA,666,234,580,280,290,236,118,119,149,81,37,34,21,14,28,76,23,20
blue,PLA,669,231,568,278,286,231,118,119,149,82,37,34,21,14,28,76,22,20
blue,PLA,669,231,565,277,285,231,118,118,150,81,37,35,21,14,28,77,22,20
blue,PLA,671,231,567,276,286,233,117,117,149,80,37,35,21,14,28,76,23,20
blue,PLA,676,233,577,274,287,237,117,116,149,79,37,35,21,14,28,76,23,20
blue,PLA,678,233,587,273,288,241,117,117,150,80,37,35,21,14,28,76,22,20
blue,PLA,677,231,577,270,284,236,117,117,149,80,37,35,21,14,28,76,22,20
blue,PLA,675,229,566,271,282,232,118,118,149,81,37,35,21,14,28,76,22,20
blue,PLA,674,227,557,271,280,229,118,119,150,82,37,35,21,14,28,76,22,20
blue,PLA,678,228,558,273,281,229,118,119,150,82,37,35,21,14,28,76,22,21
blue,PLA,676,230,561,278,286,231,118,120,150,83,37,34,21,14,28,76,22,20
blue,PLA,690,232,567,277,286,233,117,118,148,81,37,34,21,14,28,77,22,20
blue,PLA,691,233,574,278,287,233,117,117,148,81,37,35,21,14,28,77,23,20
blue,PLA,693,234,575,278,288,236,117,117,148,81,37,35,21,14,28,77,23,20
blue,PLA,696,235,581,278,290,240,116,116,148,80,37,35,21,14,28,77,23,20
blue,PLA,689,238,589,280,292,244,116,115,148,79,37,35,21,14,28,77,23,21
blue,PLA,688,237,596,279,293,244,116,115,148,79,37,35,21,14,28,77,23,20
blue,PLA,692,237,592,279,293,244,116,115,148,80,37,35,21,14,28,77,23,21
blue,PLA,694,239,595,281,294,245,116,115,148,79,37,35,21,14,28,77,23,20
blue,PLA,703,237,589,280,292,242,116,116,149,80,37,35,21,14,28,77,23,21
blue,PLA,705,238,592,280,294,242,116,116,148,80,37,35,21,14,28,77,23,20
blue,PLA,700,235,590,277,290,239,116,117,149,80,37,35,21,14,28,77,22,20
blue,PLA,702,232,574,272,284,233,116,117,148,81,37,35,21,14,28,77,22,20
blue,PLA,700,231,567,272,284,233,116,117,148,80,37,35,21,14,28,77,22,20
blue,PLA,696,229,564,271,283,231,116,118,149,81,37,34,21,14,28,77,22,20
blue,PLA,690,228,560,270,282,229,117,119,149,82,37,34,21,14,28,77,22,20
blue,PLA,673,227,555,270,281,228,117,118,149,82,37,34,21,14,28,77,22,20
blue,PLA,678,227,556,271,282,231,117,118,149,82,37,35,21,14,28,77,22,20
blue,PLA,681,229,563,274,285,233,117,118,149,81,37,35,21,14,28,77,23,20
blue,PLA,684,233,576,279,291,239,117,116,149,80,37,35,21,14,28,77,23,20
blue,PLA,689,235,584,278,290,240,117,116,149,80,37,36,21,14,28,77,23,20
blue,PLA,689,237,593,278,292,242,117,116,150,79,37,35,21,14,28,77,23,20
blue,PLA,682,234,588,275,288,239,117,116,149,80,37,35,21,14,28,76,23,20
blue,PLA,686,233,583,276,286,234,118,118,150,81,37,35,21,14,28,76,23,20
blue,PLA,691,230,562,276,282,228,118,119,150,82,37,34,21,14,28,77,23,20
blue,PLA,693,229,552,277,282,227,118,120,150,83,37,34,21,14,28,76,22,20
blue,PLA,683,228,549,276,281,225,118,120,150,83,37,35,21,14,28,76,22,20
blue,PLA,682,226,550,272,278,225,118,119,150,82,37,35,21,14,28,76,22,20
blue,PLA,674,228,560,273,281,229,119,119,150,82,37,35,21,14,28,76,23,20
blue,PLA,681,230,566,275,284,232,118,118,150,81,37,35,21,14,28,76,22,20
blue,PLA,680,231,570,276,285,234,118,118,150,81,37,35,21,14,28,76,22,20
blue,PLA,691,232,572,276,285,233,118,118,150,81,37,35,21,14,28,76,23,20
blue,PLA,683,231,568,274,284,232,118,119,150,82,37,35,21,14,28,76,23,20
blue,PLA,677,229,562,273,281,230,118,119,150,82,37,35,21,14,28,76,22,20
blue,PLA,680,228,561,273,281,229,118,119,150,82,37,35,21,14,28,76,23,20
blue,PLA,681,229,560,274,283,229,118,119,150,82,37,35,21,14,28,76,22,20
blue,PLA,684,229,557,275,283,229,118,120,150,83,37,34,21,14,28,76,22,20
blue,PLA,680,228,554,275,282,226,119,121,150,83,37,34,21,14,28,76,22,20
blue,PLA,685,228,549,275,281,224,119,121,150,84,37,34,21,14,28,76,22,21
blue,PLA,690,229,555,276,283,228,118,119,150,82,37,35,21,14,28,76,23,21
blue,PLA,692,231,563,277,285,231,118,118,150,81,37,35,21,14,28,76,23,21
blue,PLA,689,232,573,275,285,233,120,120,150,82,37,35,21,14,28,76,23,21
blue,PLA,688,230,568,274,284,232,118,119,151,82,37,35,21,14,28,76,23,20
blue,PLA,685,231,566,277,284,232,119,119,151,82,37,35,21,14,28,76,23,21
blue,PLA,685,230,563,274,282,229,119,120,150,83,37,35,21,14,28,76,23,20
blue,PLA,677,229,559,276,283,229,119,120,151,82,37,35,21,14,28,76,23,20
blue,PLA,682,231,564,276,284,230,119,119,151,82,37,35,21,14,28,76,23,20
blue,PLA,694,231,563,276,285,231,119,120,150,82,37,35,21,14,28,76,23,21
blue,PLA,672,230,563,275,284,230,118,119,150,82,37,35,21,14,28,76,22,20
blue,PLA,676,229,561,273,282,229,119,119,150,82,37,35,21,14,28,76,22,21
blue,PLA,677,230,563,273,283,231,119,119,151,82,37,35,21,14,28,76,23,21
blue,PLA,675,229,561,275,284,232,119,119,151,82,37,35,21,14,28,76,23,20
blue,PLA,673,233,570,280,291,237,119,120,150,82,37,35,21,14,28,76,23,20
blue,PLA,672,234,575,281,292,238,118,119,150,82,37,35,21,14,28,76,23,21
blue,PLA,675,235,580,282,293,239,118,118,150,81,37,35,21,14,28,76,23,20
blue,PLA,679,236,580,283,293,237,118,119,150,82,37,35,21,14,28,76,23,20
blue,PLA,678,234,575,282,292,234,118,120,150,83,37,34,21,14,28,76,22,20
blue,PLA,677,231,561,280,287,230,118,121,150,83,37,34,21,14,28,76,22,20
blue,PLA,676,230,557,279,285,227,118,120,150,83,37,34,21,14,28,76,22,20
blue,PLA,685,229,556,276,283,227,118,119,150,82,37,35,21,14,28,76,22,20
blue,PLA,691,230,564,273,283,231,118,118,150,81,37,35,21,14,28,76,23,21
blue,PLA,693,233,566,275,284,237,117,117,150,81,37,35,21,14,28,76,23,20
blue,PLA,693,232,575,275,288,237,118,117,150,81,37,35,21,14,28,76,23,20
blue,PLA,701,233,575,276,288,237,118,118,150,81,37,35,21,14,28,76,23,20
blue,PLA,700,233,573,277,288,236,118,119,150,82,37,35,21,14,28,76,23,20
blue,PLA,695,233,570,277,289,235,118,119,150,82,37,35,21,14,28,76,23,20
blue,PLA,693,231,562,277,285,231,118,119,150,83,37,35,21,14,28,76,23,20
blue,PLA,701,232,563,277,287,231,118,119,150,83,37,35,21,14,28,76,23,21
blue,PLA,700,231,561,279,287,232,117,118,150,82,37,35,21,14,28,76,23,20
blue,PLA,701,233,568,278,289,234,118,118,150,81,37,35,21,14,28,76,22,20
blue,PLA,704,234,571,278,289,235,117,118,150,82,37,35,21,14,28,76,23,20
blue,PLA,698,232,570,276,289,235,118,118,150,82,37,35,21,14,28,76,22,21
blue,PLA,697,231,565,276,286,234,118,119,150,82,37,35,21,14,28,76,22,20
blue,PLA,693,229,557,276,284,231,118,119,150,83,37,34,21,14,28,76,22,20
blue,PLA,699,231,560,276,287,231,118,119,150,83,37,35,21,14,28,76,22,20
blue,PLA,692,232,563,278,288,232,118,118,150,82,37,35,21,14,28,76,22,20
blue,PLA,699,232,565,275,288,234,118,118,150,82,37,35,21,14,28,76,23,20
blue,PLA,698,231,568,274,286,234,118,118,150,82,37,35,21,14,28,76,22,20
blue,PLA,683,230,568,275,286,233,118,119,150,81,37,35,21,14,28,76,23,20
blue,PLA,695,231,567,277,285,232,118,119,150,82,37,35,21,14,28,76,23,20
blue,PLA,698,233,570,278,287,233,122,123,150,84,37,35,21,14,28,76,23,20
blue,PLA,694,232,568,277,286,233,118,120,150,84,37,35,21,14,28,76,23,21
blue,PLA,704,232,568,279,286,232,117,117,150,81,37,35,21,14,28,76,23,20
blue,PLA,720,238,579,276,288,236,118,117,150,80,37,35,21,14,28,76,23,20
blue,PLA,699,232,569,272,282,232,118,118,150,82,37,35,21,14,28,76,22,20
blue,PLA,694,230,564,272,283,232,118,119,150,82,37,35,21,14,28,76,22,20
blue,PLA,688,227,563,272,283,227,118,119,150,83,37,35,21,14,28,76,22,20
blue,PLA,694,228,552,273,281,227,118,119,150,83,37,35,21,14,28,76,23,20
blue,PLA,700,229,554,275,282,227,118,119,150,83,37,35,21,14,28,76,22,20
blue,PLA,696,230,552,276,283,227,119,121,150,83,37,34,21,14,28,76,22,20
blue,PLA,694,228,552,276,282,225,119,121,151,84,37,34,21,14,28,76,22,20
blue,PLA,706,230,552,277,282,227,119,120,151,83,37,35,21,14,28,76,22,20
blue,PLA,707,233,565,278,286,229,118,118,150,82,37,35,21,14,28,76,23,20
blue,PLA,702,234,567,278,287,236,117,117,150,81,37,35,21,14,28,76,23,20
blue,PLA,700,233,575,276,287,236,118,118,150,81,37,35,21,14,28,76,23,20
blue,PLA,699,232,570,275,285,233,118,118,150,82,37,35,21,14,28,76,22,20
blue,PLA,704,232,566,274,284,231,118,119,150,82,37,35,21,14,28,76,23,20
blue,PLA,696,230,558,275,282,231,118,119,150,83,37,35,21,14,28,76,22,20
blue,PLA,692,229,555,275,284,229,118,119,150,83,37,34,21,14,28,76,22,21
blue,PLA,685,229,555,275,284,230,118,119,150,82,37,35,21,14,28,76,22,21
blue,PLA,684,229,556,274,283,228,119,120,151,83,37,35,21,14,28,76,22,20
blue,PLA,687,230,559,276,285,230,119,120,151,82,37,35,21,14,28,76,23,21
blue,PLA,683,231,564,277,287,232,119,119,151,82,37,35,21,14,28,76,23,20
blue,PLA,682,232,566,278,288,234,118,119,151,82,37,35,21,14,28,76,23,20
blue,PLA,686,233,570,280,290,235,119,120,151,82,37,35,21,14,28,76,23,20
blue,PLA,681,233,569,280,289,234,119,120,151,83,37,35,21,14,28,76,23,21
blue,PLA,676,231,563,280,286,229,119,120,151,83,37,35,21,14,28,75,23,20
blue,PLA,680,230,558,278,284,228,119,121,151,83,37,35,21,14,28,76,22,20
blue,PLA,677,227,558,274,284,225,119,121,151,83,37,35,21,14,28,76,22,21
blue,PLA,667,226,550,274,281,224,119,121,151,83,37,35,21,14,28,75,22,20
blue,PLA,669,225,542,272,279,223,119,121,152,83,37,34,21,14,28,75,22,20
blue,PLA,675,227,547,274,280,226,120,121,152,83,37,35,21,14,28,76,22,20
blue,PLA,672,230,559,279,287,232,120,120,151,82,37,35,21,14,28,75,23,21
blue,PLA,677,232,565,280,288,232,120,120,152,82,37,35,21,14,28,75,23,21
blue,PLA,675,232,567,279,287,231,120,121,152,83,37,35,21,14,28,75,22,20
blue,PLA,674,231,562,278,285,228,120,122,152,84,37,34,21,14,28,75,22,20
blue,PLA,663,226,548,276,283,224,120,122,152,84,37,35,21,14,28,75,22,21
blue,PLA,663,224,542,274,280,223,120,122,152,84,37,35,21,14,28,75,22,20
blue,PLA,706,230,536,280,279,215,117,121,150,84,37,33,21,14,27,75,22,21
blue,PLA,718,232,534,284,281,212,117,121,149,84,36,33,21,14,27,75,22,20
blue,PLA,715,235,535,287,282,217,117,121,149,84,36,33,21,14,28,75,22,20
blue,PLA,725,235,539,289,283,214,118,124,151,87,36,33,21,14,27,75,22,21
blue,PLA,721,232,527,289,281,208,118,125,151,88,36,33,21,14,27,74,22,20
blue,PLA,694,227,514,282,279,214,120,126,152,88,36,34,21,13,27,74,22,21
blue,PLA,689,226,521,281,281,213,120,125,152,87,36,34,21,13,28,75,22,21
blue,PLA,687,228,537,281,284,217,120,123,152,85,36,34,21,14,28,75,22,20
blue,PLA,685,230,546,279,284,224,120,121,152,84,36,34,21,14,28,75,22,20
blue,PLA,684,234,567,280,289,232,120,121,152,83,36,35,21,14,28,75,23,20
blue,PLA,687,235,569,282,289,234,120,121,152,83,36,35,21,14,28,75,23,20
blue,PLA,689,233,570,282,290,231,120,122,151,84,37,34,21,14,28,75,22,21
blue,PLA,686,232,553,282,288,230,119,124,151,86,37,34,21,14,28,75,22,21
blue,PLA,684,226,538,282,284,213,119,125,151,87,37,33,21,14,28,75,22,21
blue,PLA,679,225,519,282,279,211,119,125,152,87,37,33,21,14,28,75,22,21
blue,PLA,683,223,518,278,278,209,120,125,152,87,37,34,21,14,28,75,22,21
blue,PLA,689,226,517,281,280,212,120,124,151,86,36,34,21,14,28,75,22,20
blue,PLA,697,230,526,283,282,219,120,123,152,85,37,34,21,14,28,75,22,20
blue,PLA,684,229,536,280,284,223,120,122,151,84,37,34,21,14,27,75,23,20
blue,PLA,686,231,548,280,284,226,120,122,151,84,37,34,21,14,28,75,23,20
blue,PLA,687,232,557,281,286,225,120,121,152,84,36,34,21,14,28,75,23,20
blue,PLA,693,231,553,280,284,224,119,121,151,84,37,34,21,14,28,75,23,20
blue,PLA,689,231,552,279,283,223,119,121,152,83,36,34,21,14,28,75,22,21
blue,PLA,689,231,553,277,282,224,119,121,151,83,36,34,21,14,28,75,22,20
blue,PLA,689,232,558,278,284,227,119,121,152,83,37,34,21,14,28,75,23,20
blue,PLA,694,232,561,280,286,228,119,121,151,84,37,34,21,14,28,75,23,20
blue,PLA,693,232,557,283,288,227,119,121,151,84,37,34,21,14,28,75,22,20
blue,PLA,690,231,552,284,287,225,119,122,152,84,36,34,21,14,28,75,23,21
blue,PLA,697,231,548,284,285,221,119,122,151,85,36,34,21,14,28,75,22,20
blue,PLA,696,229,539,282,282,218,119,123,151,85,37,34,21,14,28,75,22,21
blue,PLA,690,227,534,281,280,217,119,123,151,85,36,34,21,14,28,75,22,21
blue,PLA,700,229,534,283,283,218,119,123,152,85,37,34,21,13,28,75,22,20
blue,PLA,702,230,538,282,283,218,119,122,152,85,36,34,21,14,28,75,22,21
blue,PLA,702,230,544,281,285,222,119,121,152,84,36,34,21,14,28,75,22,21
blue,PLA,702,231,553,280,286,225,119,121,152,83,36,34,21,14,28,75,22,20
blue,PLA,699,230,550,277,283,223,119,121,152,83,36,34,21,14,28,75,22,20
blue,PLA,689,229,547,276,281,222,119,122,152,84,37,34,21,14,28,75,22,20
blue,PLA,689,224,533,273,276,217,119,123,152,85,37,34,21,14,28,75,22,20
blue,PLA,679,225,530,275,277,216,119,122,152,85,36,34,21,14,28,75,22,20
blue,PLA,683,225,533,276,278,218,119,122,151,84,36,34,21,14,28,75,22,20
blue,PLA,689,229,544,278,284,220,119,121,152,84,37,34,21,14,28,75,22,21
blue,PLA,692,232,551,283,288,225,119,121,152,84,37,34,21,14,28,75,23,20
blue,PLA,687,232,555,285,289,226,119,121,151,84,36,34,21,14,28,75,23,21
blue,PLA,693,232,552,285,286,225,119,122,152,84,36,34,21,14,28,75,23,21
blue,PLA,700,233,555,287,288,225,120,122,151,84,36,34,21,14,28,75,23,21
blue,PLA,703,234,556,288,288,223,119,122,152,84,37,34,21,14,28,75,23,20
blue,PLA,698,232,552,284,285,222,119,121,152,84,37,34,21,14,28,75,22,20
blue,PLA,700,229,550,276,282,219,119,121,152,83,37,34,21,14,28,75,22,20
blue,PLA,701,226,540,270,275,218,120,122,151,84,36,34,21,14,28,75,22,20
blue,PLA,681,226,541,273,280,222,120,122,152,84,36,34,21,14,28,75,22,20
blue,PLA,674,224,537,274,279,220,120,122,152,84,37,34,21,14,28,75,22,20
blue,PLA,676,225,532,277,278,218,119,122,152,85,36,34,21,14,28,75,22,21
blue,PLA,688,227,532,280,280,217,120,123,152,86,36,34,21,14,28,75,22,21
blue,PLA,759,233,508,289,275,202,114,122,148,86,36,32,21,14,27,75,22,20
blue,PLA,763,232,509,289,275,201,114,122,148,86,36,32,21,14,27,75,22,20
blue,PLA,742,231,507,286,274,204,115,123,149,86,36,32,21,14,27,75,22,20
blue,PLA,739,230,507,286,273,202,116,123,149,86,36,33,21,13,27,75,22,21
blue,PLA,743,229,496,288,273,200,117,125,150,87,36,33,21,13,27,74,22,20
blue,PLA,746,231,504,291,277,201,117,125,151,88,36,33,21,13,27,74,22,20
blue,PLA,746,231,503,290,276,201,118,125,151,87,36,33,21,13,27,74,22,20
blue,PLA,744,231,509,290,278,203,117,124,151,87,36,33,21,13,27,74,22,20
blue,PLA,739,232,510,291,278,202,118,125,151,88,36,33,21,13,27,74,22,20
blue,PLA,745,232,509,291,278,202,118,125,151,88,36,33,21,13,27,74,22,20
blue,PLA,753,231,507,290,277,201,117,125,151,88,36,33,21,14,27,74,22,21
blue,PLA,747,228,497,288,275,199,117,126,151,88,36,32,21,13,27,74,22,21
blue,PLA,754,227,486,289,271,198,117,127,151,89,36,32,21,13,27,74,21,21
blue,PLA,724,226,500,285,276,203,119,126,152,88,36,33,21,13,27,74,22,21
blue,PLA,707,223,489,283,273,199,118,126,152,88,36,33,21,13,27,74,21,20
blue,PLA,725,225,494,283,273,202,119,125,152,88,36,33,21,14,27,74,22,20
blue,PLA,722,226,504,283,275,204,119,124,152,87,36,33,21,14,27,74,22,21
blue,PLA,721,228,517,283,278,209,119,123,152,86,36,33,21,13,27,74,22,21
blue,PLA,722,230,528,284,279,210,119,123,152,86,36,33,21,13,27,74,22,20
blue,PLA,728,234,539,286,283,214,119,123,152,85,36,33,21,13,27,74,22,21
blue,PLA,729,233,535,287,282,213,119,124,152,86,36,33,21,13,27,74,22,21
blue,PLA,721,233,533,288,282,212,119,124,152,86,36,33,21,13,27,74,22,20
blue,PLA,714,231,527,289,281,211,119,124,152,87,36,33,21,13,27,74,22,21
blue,PLA,719,230,518,288,279,207,119,125,152,87,36,33,21,14,27,74,22,21
blue,PLA,722,228,511,287,276,206,119,125,152,87,36,33,21,13,27,74,22,20
blue,PLA,721,230,517,287,279,206,119,126,152,88,36,33,21,13,27,74,22,21
blue,PLA,722,229,511,287,278,205,119,126,152,88,36,33,21,14,27,74,22,20
blue,PLA,718,227,508,286,276,204,119,125,152,88,36,33,21,13,27,74,22,20
blue,PLA,718,227,506,285,275,204,119,125,152,87,36,33,21,13,27,74,22,21
blue,PLA,723,228,510,285,277,205,119,125,152,87,36,33,21,13,27,74,22,21
blue,PLA,719,227,510,284,275,205,119,125,152,87,36,33,21,13,27,74,22,21
blue,PLA,719,228,513,284,277,205,119,126,152,88,36,33,21,13,27,74,22,21
blue,PLA,716,225,506,282,274,204,119,125,152,87,36,33,21,14,27,74,22,20
blue,PLA,713,225,505,283,275,205,119,125,152,87,36,33,21,13,27,74,22,20
blue,PLA,716,226,506,283,274,204,119,125,152,88,36,33,21,13,27,74,22,21
blue,PLA,723,227,509,285,276,205,119,125,152,88,36,33,21,13,27,74,22,20
blue,PLA,726,228,511,287,277,206,119,125,152,87,36,33,21,14,27,74,22,21
blue,PLA,723,230,514,288,280,207,119,124,152,87,36,33,21,13,27,74,22,21
blue,PLA,726,229,514,286,277,205,119,124,152,87,36,33,21,13,27,74,22,21
blue,PLA,731,228,514,285,276,205,119,125,152,87,36,33,21,13,27,74,22,21
blue,PLA,715,225,505,282,273,202,119,126,152,88,36,33,21,13,27,74,22,21
blue,PLA,717,222,489,282,270,200,119,126,152,88,36,33,21,13,27,74,22,20
blue,PLA,718,222,483,280,269,199,119,126,152,88,36,33,21,13,27,74,22,20
blue,PLA,711,224,494,282,272,201,119,126,152,88,36,33,21,13,27,74,22,20
blue,PLA,708,226,509,284,276,206,119,124,152,86,36,33,21,13,27,74,22,21
blue,PLA,721,229,521,286,278,208,119,124,152,86,36,33,21,13,27,74,22,21
blue,PLA,726,233,537,286,280,213,119,123,152,85,36,33,21,13,27,74,23,20
blue,PLA,734,235,549,285,281,216,119,122,151,84,36,34,21,14,27,74,22,21
blue,PLA,727,233,541,284,279,214,118,122,151,85,36,33,21,13,27,74,22,21
blue,PLA,729,230,526,283,277,209,118,124,151,87,36,33,21,14,27,74,22,21
blue,PLA,712,225,510,283,274,203,118,127,151,89,36,33,21,13,27,74,21,21
blue,PLA,705,220,467,284,268,198,118,127,151,89,36,32,21,14,27,74,21,20
blue,PLA,703,216,451,280,262,193,118,127,151,88,36,33,21,13,27,74,21,20
blue,PLA,689,217,464,279,266,199,121,127,153,88,36,33,21,13,28,74,22,20
blue,PLA,698,223,506,278,274,208,121,124,153,86,36,34,21,13,27,74,22,20
blue,PLA,697,231,547,279,283,219,120,121,153,83,36,35,21,14,27,74,23,21
blue,PLA,697,233,553,283,285,227,120,122,153,84,36,34,21,14,27,74,23,21
blue,PLA,698,230,544,284,280,221,120,125,153,86,36,33,21,13,27,74,22,21
blue,PLA,699,226,517,283,277,208,121,127,153,88,36,33,21,13,27,74,22,20
blue,PLA,695,222,494,281,273,202,120,127,153,89,36,33,21,14,27,74,22,20
blue,PLA,693,218,483,278,270,200,121,127,153,88,36,33,21,13,27,74,22,20
blue,PLA,690,220,490,279,273,201,121,127,153,88,36,33,21,14,27,74,22,20
blue,PLA,687,225,518,283,281,211,121,125,153,87,36,33,21,13,27,74,22,21
blue,PLA,700,225,518,282,279,211,121,124,153,86,36,34,21,13,27,74,22,20
blue,PLA,707,229,535,282,280,215,121,124,153,85,36,34,21,13,27,74,22,21
blue,PLA,694,230,543,282,283,220,121,124,153,85,36,34,21,14,27,74,23,20
blue,PLA,688,229,535,284,284,217,121,124,153,86,36,34,21,13,27,74,22,21
blue,PLA,701,230,536,288,287,217,121,125,153,86,36,34,21,13,28,74,22,21
blue,PLA,697,231,533,288,286,215,121,125,153,87,36,34,21,13,27,74,22,21
blue,PLA,695,230,532,289,286,214,121,125,153,87,36,33,21,14,27,74,22,21
blue,PLA,691,227,522,287,280,213,121,125,153,87,36,33,21,13,28,74,22,20
blue,PLA,693,227,520,285,280,210,121,126,153,87,36,33,21,14,28,74,22,21
blue,PLA,690,227,522,285,280,210,121,126,153,88,36,33,21,13,27,74,22,21
blue,PLA,697,227,516,286,282,209,121,126,153,88,36,34,21,13,27,74,22,21
blue,PLA,690,227,517,287,282,209,120,126,153,88,36,33,21,14,28,74,22,21
blue,PLA,700,228,515,290,284,210,121,126,153,88,36,33,21,13,27,74,22,21
blue,PLA,695,229,521,289,285,210,121,126,153,87,36,34,21,13,27,74,22,21
blue,PLA,701,228,522,287,284,213,121,125,153,87,36,33,21,13,28,74,22,20
blue,PLA,701,228,526,283,281,212,121,125,154,86,36,33,21,13,27,74,22,20
blue,PLA,704,228,529,280,279,213,121,124,153,85,36,34,21,13,28,74,22,20
blue,PLA,699,228,533,278,280,217,121,124,153,85,36,34,21,13,27,74,22,20
blue,PLA,690,227,536,277,281,218,121,124,153,86,36,34,21,13,27,74,22,21
blue,PLA,684,228,538,280,284,219,121,124,154,86,36,34,21,13,27,74,22,21
blue,PLA,686,229,538,285,287,220,121,125,153,87,36,34,21,13,28,74,22,21
blue,PLA,690,229,529,288,286,215,121,127,153,88,36,34,21,13,27,74,22,21
blue,PLA,687,228,525,291,285,211,121,127,154,88,36,33,21,13,28,74,22,21
blue,PLA,695,229,513,292,285,210,121,127,153,88,36,34,21,13,27,74,22,21
blue,PLA,704,229,513,293,285,207,121,126,153,88,36,33,21,13,27,74,22,21
blue,PLA,711,230,521,292,284,209,121,126,153,87,36,34,21,14,27,74,22,21
blue,PLA,713,231,528,288,284,215,121,125,154,87,36,34,21,13,27,74,22,21
blue,PLA,700,230,535,284,283,216,121,124,154,85,36,34,21,14,27,74,22,20
blue,PLA,714,226,527,276,276,213,121,124,154,85,36,34,21,13,27,74,22,21
blue,PLA,695,226,527,276,277,214,121,124,153,86,36,34,21,13,27,74,22,21
blue,PLA,685,223,524,275,275,213,121,125,153,86,36,34,21,13,28,74,22,21
blue,PLA,683,223,524,278,276,213,121,125,153,86,36,34,21,13,27,74,22,21
blue,PLA,684,224,518,280,277,211,121,126,153,87,36,34,21,13,27,74,22,21
blue,PLA,694,223,507,281,275,208,121,126,153,87,36,34,21,14,27,74,22,21
blue,PLA,692,223,506,281,275,206,121,126,153,87,36,33,21,13,28,74,22,21
blue,PLA,695,223,507,280,275,207,121,126,153,87,36,34,21,13,27,74,22,21
blue,PLA,701,225,516,282,278,210,121,126,154,87,36,34,21,13,27,74,22,20
blue,PLA,696,225,519,281,277,210,121,125,153,87,36,34,21,13,28,74,22,20
blue,PLA,699,225,517,281,276,209,121,125,153,87,36,34,21,13,27,74,22,21
blue,PLA,704,225,516,282,278,210,121,125,153,87,36,34,21,14,27,74,22,21
blue,PLA,705,227,525,284,281,213,121,125,154,86,36,34,21,13,27,74,22,21
blue,PLA,693,227,528,283,280,212,121,125,153,86,36,34,21,13,27,74,22,21
blue,PLA,701,227,524,282,279,212,121,125,154,87,36,34,21,13,28,74,22,21
blue,PLA,716,228,526,283,280,213,121,125,153,86,36,34,21,14,28,74,22,21
blue,PLA,713,229,528,285,282,213,121,125,154,87,36,34,21,13,27,74,22,21
blue,PLA,699,225,515,281,276,209,121,126,154,88,36,33,21,13,28,74,22,21
blue,PLA,699,224,513,282,277,208,121,127,154,88,36,33,21,13,28,74,22,21
blue,PLA,701,222,506,279,274,206,121,126,154,88,36,33,21,13,27,74,22,21
blue,PLA,697,223,508,281,276,207,121,125,153,87,36,34,21,13,28,74,22,21
blue,PLA,704,225,513,280,276,210,121,125,153,87,36,34,21,13,27,74,22,20
blue,PLA,704,228,519,282,278,216,121,124,153,86,36,34,21,13,27,74,22,21
blue,PLA,691,228,533,283,282,217,121,124,153,86,36,34,21,13,27,74,22,21
blue,PLA,694,228,531,283,281,215,121,125,153,87,36,34,21,14,28,74,22,20
blue,PLA,691,228,528,286,282,214,121,125,153,87,36,34,21,13,27,74,22,21
blue,PLA,692,225,518,285,280,213,121,126,153,87,36,33,21,13,27,74,22,21
blue,PLA,703,226,520,284,279,211,121,126,153,87,36,33,21,13,27,74,22,21
blue,PLA,693,227,524,285,281,212,121,125,154,87,36,34,21,13,28,74,22,21
blue,PLA,700,227,525,284,280,212,121,125,154,87,36,34,21,13,27,74,22,21
blue,PLA,693,229,528,286,282,214,121,125,153,87,36,34,21,13,28,74,22,21
blue,PLA,691,228,529,285,282,214,121,125,154,87,36,34,21,13,28,74,22,20
blue,PLA,695,228,527,286,282,213,121,126,153,87,36,34,21,13,28,74,22,21
blue,PLA,691,228,523,285,281,212,121,126,154,87,36,34,21,13,28,74,22,21
blue,PLA,694,226,519,283,279,210,121,126,154,87,36,34,21,13,27,74,22,21
blue,PLA,695,226,516,282,278,209,121,126,153,87,36,33,21,14,27,74,22,21
blue,PLA,691,225,516,281,278,210,121,126,154,88,36,34,21,13,27,74,22,21
blue,PLA,693,226,522,282,278,211,121,125,154,87,36,34,21,14,27,74,22,21
blue,PLA,691,226,525,283,280,212,121,125,153,87,36,34,21,14,27,74,22,21
blue,PLA,691,227,523,284,282,213,121,126,154,87,36,34,21,13,27,74,22,21
blue,PLA,696,230,532,288,286,214,121,126,154,88,36,34,21,14,28,74,22,21
blue,PLA,694,226,512,286,280,208,121,127,154,88,36,33,21,14,27,74,22,21
blue,PLA,689,226,512,287,280,208,121,127,153,88,36,33,21,13,27,74,22,21
blue,PLA,693,227,524,283,280,212,121,125,153,87,36,34,21,13,27,74,22,20
