red,PLA,394,116,334,77,173,246,75,127,110,172,46,59,19,15,28,96,25,17
red,PLA,395,115,333,75,169,244,74,125,109,159,46,60,19,15,28,96,25,17
red,PLA,392,115,330,71,167,243,75,125,109,156,46,60,19,15,28,96,25,17
red,PLA,390,113,327,70,165,241,75,126,109,165,46,59,19,15,28,95,25,17
red,PLA,391,113,327,71,165,240,75,127,109,167,46,59,19,15,28,95,25,17
red,PLA,393,114,328,71,167,239,76,128,109,169,46,59,19,15,28,95,25,17
red,PLA,397,116,335,73,171,241,75,128,109,170,46,59,19,15,28,95,25,17
red,PLA,393,116,334,75,171,244,75,127,109,170,46,59,19,15,28,95,25,17
red,PLA,394,114,328,73,168,242,76,128,109,171,46,59,19,15,28,95,25,17
red,PLA,394,114,327,72,167,240,76,128,109,170,46,59,19,15,28,95,25,17
red,PLA,392,113,325,72,165,238,77,128,109,167,46,59,19,15,28,95,25,17
red,PLA,386,113,329,74,169,243,76,128,109,163,46,60,19,15,28,95,25,17
red,PLA,382,113,329,74,169,242,76,127,109,159,46,61,19,15,28,95,26,17
red,PLA,382,113,326,74,170,242,76,127,109,159,46,61,19,15,28,95,26,17
red,PLA,377,113,328,74,170,244,76,127,109,160,46,61,19,15,28,95,26,17
red,PLA,384,113,325,72,167,241,76,127,109,162,46,60,19,15,28,95,26,17
red,PLA,398,116,334,74,171,245,76,128,109,168,46,60,19,15,28,95,26,17
red,PLA,390,111,320,71,163,234,76,129,109,173,46,59,19,15,28,95,25,17
red,PLA,396,113,320,73,166,237,76,128,109,174,46,59,19,15,28,95,25,17
red,PLA,392,112,322,71,165,237,76,128,109,174,46,59,19,15,28,95,25,17
red,PLA,400,115,329,74,168,240,76,128,109,175,46,58,19,15,28,95,25,17
red,PLA,402,116,333,75,171,243,76,128,110,176,46,59,19,15,28,95,25,17
red,PLA,404,115,329,73,168,240,76,129,111,172,46,59,19,15,28,94,25,17
red,PLA,402,117,334,75,172,245,76,127,112,163,46,60,19,15,28,94,25,17
red,PLA,400,115,332,74,170,244,75,126,112,155,46,61,19,15,28,94,26,17
red,PLA,397,114,324,73,168,240,75,125,112,163,46,61,19,15,28,94,26,17
red,PLA,411,116,329,74,170,241,77,130,113,174,45,60,19,15,28,94,26,17
red,PLA,414,118,337,77,175,245,78,133,113,190,45,58,20,15,28,94,26,17
red,PLA,434,121,337,83,179,243,80,138,115,213,45,56,20,15,28,92,25,18
red,PLA,431,122,337,86,180,243,81,140,116,218,45,56,20,15,28,92,25,18
red,PLA,438,123,337,87,181,243,80,139,116,214,45,57,20,15,28,92,26,18
red,PLA,443,124,340,86,183,246,81,139,117,209,44,58,20,15,28,92,26,18
red,PLA,408,116,330,76,173,243,78,130,114,173,45,60,20,15,28,94,26,17
red,PLA,405,115,327,74,170,242,78,129,114,166,45,61,20,15,28,94,26,17
red,PLA,403,114,325,75,170,241,78,130,116,168,45,61,20,15,28,94,26,17
red,PLA,405,114,321,75,169,239,79,131,115,174,45,60,20,15,28,94,26,17
red,PLA,409,114,323,76,169,238,79,133,115,184,45,59,20,15,28,94,25,17
red,PLA,410,114,324,76,169,237,79,134,114,194,45,58,19,15,28,94,25,17
red,PLA,413,113,323,78,169,235,79,135,113,202,45,57,19,15,28,94,25,17
red,PLA,407,114,325,79,171,237,80,136,113,204,45,57,19,15,28,94,25,17
red,PLA,407,115,327,81,175,241,79,135,113,200,45,58,19,15,28,94,25,17
red,PLA,407,115,324,79,173,240,78,131,114,178,45,60,20,15,28,94,26,17
red,PLA,360,106,306,66,160,240,75,121,111,137,46,62,19,15,28,96,25,16
red,PLA,362,106,309,65,158,237,75,120,111,136,47,61,19,15,28,96,25,16
red,PLA,363,106,310,65,158,236,75,120,111,131,47,62,19,15,28,96,25,16
red,PLA,362,107,311,68,161,237,76,124,110,147,47,61,19,15,28,96,25,17
red,PLA,357,105,308,69,163,237,76,125,110,154,46,61,19,15,28,96,25,17
red,PLA,368,108,316,72,165,239,76,124,110,151,47,61,19,15,28,96,25,17
red,PLA,359,108,319,69,165,243,75,121,111,135,47,62,19,15,28,97,25,17
red,PLA,357,107,315,68,164,241,75,122,111,144,47,61,19,15,28,96,25,17
red,PLA,363,107,310,68,161,236,76,124,111,151,47,61,19,15,28,96,25,17
red,PLA,364,107,312,70,162,238,76,124,111,150,47,61,19,15,28,96,25,17
red,PLA,360,106,310,70,163,237,75,123,111,146,47,61,19,15,28,96,25,17
red,PLA,362,106,308,68,161,236,75,122,111,145,47,61,19,15,28,96,25,17
red,PLA,366,107,308,68,160,237,75,121,111,141,47,61,19,15,28,96,25,17
red,PLA,362,106,308,67,159,235,75,120,111,134,47,62,19,15,28,96,25,16
red,PLA,360,106,310,68,161,238,75,121,111,136,47,62,19,15,28,96,25,17
red,PLA,359,107,311,69,162,239,76,124,111,146,47,61,19,15,28,96,25,17
red,PLA,364,106,306,70,161,235,76,126,111,154,47,61,19,15,28,96,25,17
red,PLA,366,108,317,72,167,241,76,125,111,158,46,61,19,15,28,96,26,17
red,PLA,374,109,317,74,167,240,77,128,111,166,46,60,19,15,28,96,25,17
red,PLA,371,111,321,72,169,244,77,126,111,162,46,60,19,15,28,96,25,17
red,PLA,367,105,305,68,158,232,76,125,111,153,46,61,19,15,28,96,25,17
red,PLA,361,104,303,67,157,231,75,122,111,137,47,62,19,15,28,96,25,16
red,PLA,359,104,303,66,158,232,74,119,112,125,46,63,19,15,28,96,25,16
red,PLA,355,104,302,65,157,234,74,118,112,122,47,63,19,15,28,96,26,16
red,PLA,356,106,308,65,160,239,75,121,112,135,47,63,19,15,28,96,25,16
red,PLA,357,106,307,66,160,238,75,123,111,144,47,62,19,15,28,96,25,17
red,PLA,365,106,310,69,162,237,76,125,111,154,47,61,19,15,28,96,25,17
red,PLA,369,108,315,70,164,239,76,124,110,153,47,61,19,15,28,97,25,17
red,PLA,370,108,315,71,164,239,76,124,110,151,47,61,19,15,28,97,25,17
red,PLA,363,108,313,70,163,239,75,123,110,144,47,61,19,15,28,97,25,17
red,PLA,362,106,310,69,162,237,75,124,110,150,47,61,19,15,28,97,25,17
red,PLA,364,107,310,69,161,238,76,124,110,149,47,61,19,15,28,97,25,17
red,PLA,359,106,310,69,162,237,74,122,110,142,47,62,19,15,28,97,25,17
red,PLA,355,105,307,67,159,236,73,118,110,126,47,62,19,15,28,97,25,16
red,PLA,348,104,306,63,158,235,73,117,110,122,47,62,19,15,28,97,25,16
red,PLA,347,103,303,61,154,234,74,118,109,124,47,62,19,15,28,97,25,16
red,PLA,352,104,307,64,158,236,75,121,109,138,47,61,19,15,28,97,25,17
red,PLA,356,104,304,66,157,234,75,122,109,143,47,61,19,15,28,97,25,17
red,PLA,358,104,304,67,156,232,75,122,109,143,47,61,19,15,28,97,25,17
red,PLA,355,105,308,67,161,234,75,123,109,143,47,61,19,15,28,97,25,17
red,PLA,350,105,307,68,161,237,75,122,109,134,47,63,19,15,28,97,26,17
red,PLA,348,105,309,68,162,239,73,117,109,125,47,62,19,15,28,97,25,16
red,PLA,351,106,311,66,160,238,74,119,109,130,47,62,19,15,28,97,25,16
red,PLA,353,103,305,62,155,232,74,120,109,137,47,61,19,15,28,97,25,16
red,PLA,352,101,296,62,151,228,74,121,109,136,47,61,19,15,28,97,25,16
red,PLA,354,104,306,66,158,235,75,120,109,132,47,62,19,15,28,97,25,16
red,PLA,351,105,308,66,158,236,74,120,109,130,47,61,19,15,28,97,25,16
red,PLA,350,103,303,65,155,232,74,120,109,135,47,61,19,15,28,97,25,16
red,PLA,351,103,306,64,156,232,74,121,109,141,47,61,19,15,28,97,25,17
red,PLA,353,106,309,68,159,239,75,122,109,141,47,61,19,15,28,97,25,17
red,PLA,351,107,317,71,166,244,75,122,109,139,47,62,19,15,28,97,25,17
red,PLA,350,107,314,70,166,243,74,121,109,134,47,62,19,15,28,97,26,17
red,PLA,349,106,313,68,164,242,74,120,109,132,47,62,19,15,28,97,26,17
red,PLA,348,106,312,66,162,241,74,119,109,133,47,62,19,15,28,97,25,17
red,PLA,353,106,312,66,159,240,74,120,109,133,47,61,19,15,28,97,25,16
red,PLA,352,105,310,65,158,238,74,119,109,133,47,61,19,15,28,97,25,16
red,PLA,354,105,309,65,157,236,74,119,109,135,47,61,19,15,28,97,25,16
red,PLA,354,106,315,65,161,241,74,120,109,137,47,61,19,15,28,97,25,16
red,PLA,352,105,311,65,160,239,74,120,109,135,47,61,19,15,28,97,25,17
red,PLA,350,106,313,67,163,240,74,120,109,130,47,62,19,15,28,97,25,17
red,PLA,348,106,311,68,164,242,73,118,109,123,47,63,19,15,28,97,26,16
red,PLA,347,106,313,66,163,242,73,117,109,124,47,63,19,15,28,97,26,16
red,PLA,349,105,308,65,159,241,73,119,109,130,47,62,19,15,28,97,26,16
red,PLA,352,107,313,65,160,242,74,121,109,136,47,61,19,15,28,97,25,17
red,PLA,360,108,317,67,162,241,75,123,109,150,47,61,19,15,28,97,25,17
red,PLA,359,107,318,69,163,240,76,124,109,151,47,61,19,15,28,97,25,17
red,PLA,357,107,315,71,165,242,75,123,109,143,47,62,19,15,28,97,25,17
red,PLA,352,105,308,67,161,237,74,119,109,133,47,62,19,15,28,97,25,16
red,PLA,353,105,306,64,157,237,73,117,109,120,47,63,19,15,28,97,25,16
red,PLA,344,103,307,62,157,237,73,117,109,118,47,63,19,15,28,97,25,16
red,PLA,346,103,304,63,156,236,74,118,109,125,47,63,19,15,28,97,25,16
red,PLA,354,103,299,65,156,232,75,122,110,141,47,61,19,15,28,97,25,17
red,PLA,356,105,310,66,158,235,75,123,109,148,47,60,19,15,28,97,25,17
red,PLA,361,105,310,67,159,234,76,124,109,155,47,60,19,15,28,97,25,17
red,PLA,362,106,310,68,160,236,76,124,108,154,47,60,19,15,28,97,25,17
red,PLA,356,105,306,69,160,234,76,124,109,150,47,61,19,15,28,97,25,17
red,PLA,356,105,305,69,160,236,75,122,109,142,47,61,19,15,28,97,25,17
red,PLA,353,105,305,67,160,236,74,120,109,131,47,62,19,15,28,97,25,16
red,PLA,352,105,306,66,159,236,74,120,109,129,47,63,19,15,28,97,26,16
red,PLA,351,104,303,64,155,233,74,118,109,125,47,62,19,15,28,97,25,16
red,PLA,351,102,299,61,151,230,74,117,109,123,47,62,19,15,28,97,25,16
red,PLA,354,103,299,62,152,229,75,120,109,131,47,61,19,15,28,97,25,16
red,PLA,350,102,300,66,156,232,76,123,109,143,47,61,19,15,28,97,25,17
red,PLA,348,103,301,68,158,232,75,123,109,144,47,61,19,15,28,97,25,17
red,PLA,355,104,303,69,159,233,74,121,109,140,47,61,19,15,28,97,26,17
red,PLA,352,104,304,65,157,233,73,118,109,129,47,62,19,15,28,97,25,16
red,PLA,349,105,308,62,157,236,73,116,109,119,47,63,19,15,28,97,25,16
red,PLA,346,106,314,64,162,240,73,118,109,128,47,62,19,15,28,97,25,16
red,PLA,348,110,325,67,170,250,73,120,109,135,47,62,19,15,28,97,25,17
red,PLA,358,110,324,69,171,247,74,123,109,149,47,61,19,15,28,97,25,17
red,PLA,363,110,317,70,169,246,74,123,109,150,47,61,19,15,28,97,25,17
red,PLA,359,106,306,67,162,239,73,120,109,142,47,61,19,15,28,97,25,16
red,PLA,359,106,309,64,158,237,73,118,109,134,47,61,19,15,28,97,25,16
red,PLA,356,106,307,63,158,236,73,118,109,129,47,61,19,15,28,97,25,16
red,PLA,352,105,303,64,159,236,73,119,109,133,47,62,19,15,28,97,25,16
red,PLA,352,106,306,65,161,238,73,119,109,134,47,62,19,15,28,97,26,16
red,PLA,350,106,309,67,164,240,73,118,109,132,47,62,19,15,28,97,26,16
red,PLA,354,109,317,67,168,245,73,118,109,131,47,62,19,15,28,97,26,16
red,PLA,355,111,321,68,169,248,73,119,109,132,47,62,19,15,28,97,26,17
red,PLA,361,110,320,70,168,247,74,122,110,139,47,61,19,15,28,97,26,17
red,PLA,359,111,326,69,169,250,75,123,109,144,47,60,19,15,28,97,25,17
red,PLA,359,109,324,67,168,245,74,122,109,145,47,60,19,15,28,97,25,17
red,PLA,360,109,320,67,166,245,74,120,109,135,47,61,19,15,28,97,25,16
red,PLA,354,107,316,65,162,241,73,117,109,123,47,62,19,15,28,97,25,16
red,PLA,348,107,317,63,162,243,72,114,109,114,47,63,19,15,28,97,25,16
red,PLA,340,105,310,62,160,242,71,114,109,113,47,63,19,15,28,97,25,16
red,PLA,339,106,315,61,162,243,72,116,109,119,47,63,19,15,28,97,25,16
red,PLA,342,107,319,64,165,247,73,118,109,130,47,62,19,15,28,97,26,17
red,PLA,342,107,320,67,168,248,73,120,109,138,47,62,19,15,28,97,25,16
red,PLA,350,108,318,68,167,245,74,122,109,147,47,61,19,15,28,97,25,17
red,PLA,356,110,323,71,170,247,75,124,109,159,47,60,19,15,28,97,25,17
red,PLA,361,110,321,72,169,245,75,126,108,167,47,59,19,15,28,97,25,17
red,PLA,367,111,325,73,171,248,75,126,108,166,47,59,19,15,28,97,25,17
red,PLA,363,110,323,71,169,245,74,122,109,148,47,61,19,15,28,97,25,17
red,PLA,357,107,312,66,162,240,72,116,109,124,47,63,19,15,28,97,25,16
red,PLA,344,106,311,63,161,242,71,113,110,106,47,64,19,15,28,97,25,16
red,PLA,334,105,311,59,160,243,71,112,110,104,47,64,19,15,28,97,26,16
red,PLA,336,106,313,61,162,248,72,116,110,121,47,63,19,15,28,97,25,16
red,PLA,344,107,317,63,163,246,73,118,109,133,47,62,19,15,28,97,25,16
red,PLA,362,108,315,66,162,241,74,121,109,141,47,61,19,15,28,97,25,17
red,PLA,362,108,316,67,163,241,74,121,109,143,47,61,19,15,28,97,25,17
red,PLA,357,108,314,67,163,242,74,120,109,139,47,61,19,15,28,97,25,16
red,PLA,356,107,311,66,161,241,74,121,109,136,47,61,19,15,28,97,25,16
red,PLA,356,107,313,67,162,240,74,121,109,138,47,61,19,15,28,97,25,17
red,PLA,357,108,316,68,165,242,74,122,109,146,47,61,19,15,28,97,25,17
red,PLA,358,107,313,68,163,239,74,122,109,145,47,61,19,15,28,97,25,17
red,PLA,356,108,313,68,164,241,74,121,109,142,47,61,19,15,28,97,25,17
red,PLA,353,110,317,70,166,246,74,121,109,137,47,62,19,15,28,97,26,17
red,PLA,354,108,319,67,167,243,73,118,109,131,47,62,19,15,28,97,25,17
red,PLA,347,107,315,64,163,241,72,116,109,121,47,63,19,15,28,97,25,16
red,PLA,346,106,308,61,158,239,72,115,109,116,47,63,19,15,28,97,25,16
red,PLA,343,104,304,61,156,237,73,116,109,116,47,63,19,15,28,97,25,16
red,PLA,346,105,307,62,158,239,73,118,109,123,47,62,19,15,28,97,25,16
red,PLA,348,106,312,65,161,240,74,120,109,133,47,62,19,15,28,97,25,17
red,PLA,351,105,309,66,161,238,74,121,109,140,47,61,19,15,28,97,25,17
red,PLA,351,107,315,68,165,242,74,122,109,145,47,61,19,15,28,97,25,17
red,PLA,355,107,313,68,164,240,74,122,109,146,47,61,19,15,28,97,25,17
red,PLA,354,108,317,69,166,243,74,122,109,146,47,61,19,15,28,97,25,17
red,PLA,357,109,318,70,168,243,75,123,109,148,47,61,19,15,28,97,25,17
red,PLA,359,108,314,68,166,242,74,121,109,142,47,61,19,15,28,97,25,17
red,PLA,354,108,314,66,164,241,73,118,110,129,47,62,19,15,28,97,25,16
red,PLA,349,106,307,62,158,237,72,115,110,118,47,62,19,15,28,97,25,16
red,PLA,345,106,312,61,159,239,72,115,109,118,47,62,19,15,28,97,25,16
red,PLA,347,104,303,60,156,235,73,117,109,128,47,61,19,15,28,97,25,16
red,PLA,351,104,305,63,156,234,74,121,109,142,47,60,19,15,28,97,25,16
red,PLA,351,105,310,66,162,239,75,122,109,147,47,60,19,15,28,97,25,17
red,PLA,349,106,312,68,164,239,74,120,109,135,47,62,19,15,28,97,25,17
red,PLA,347,107,311,68,167,242,73,117,110,121,47,63,19,15,28,97,26,16
red,PLA,342,106,308,67,166,243,72,115,110,115,47,63,19,15,28,97,26,16
red,PLA,338,107,316,63,165,245,72,115,110,117,47,63,19,15,28,97,26,16
red,PLA,339,105,312,62,162,243,72,116,110,122,47,62,19,15,28,97,25,16
red,PLA,346,107,315,62,164,243,74,119,110,134,47,62,19,15,28,97,25,16
red,PLA,352,109,324,66,168,247,74,122,109,146,47,61,19,15,28,97,25,17
red,PLA,357,110,324,69,170,249,75,123,109,149,47,61,19,15,28,97,25,17
red,PLA,354,110,323,71,171,247,74,123,109,148,47,61,19,15,28,97,25,17
red,PLA,350,108,316,70,168,244,74,120,109,139,47,61,19,15,28,97,25,17
red,PLA,348,106,311,67,163,240,72,118,109,129,47,62,19,15,28,97,25,16
red,PLA,346,104,305,63,158,236,72,116,109,120,47,63,19,15,28,97,25,16
red,PLA,341,105,307,62,159,238,72,115,110,117,47,63,19,15,28,97,25,16
red,PLA,341,104,305,61,159,238,72,115,109,117,47,63,19,15,28,97,25,16
red,PLA,341,104,306,61,159,237,72,116,109,122,47,62,19,15,28,97,25,16
red,PLA,348,107,317,64,164,243,73,118,109,132,47,61,19,15,28,97,25,16
red,PLA,352,108,317,64,163,242,74,120,109,139,47,61,19,15,28,97,25,17
red,PLA,351,108,321,66,167,245,74,121,109,142,47,61,19,15,28,97,25,17
red,PLA,352,109,321,68,169,247,75,121,108,143,47,61,19,15,28,97,25,17
red,PLA,348,107,316,68,166,244,75,122,109,140,47,61,19,15,28,97,25,17
red,PLA,347,109,320,70,171,247,74,121,109,138,47,62,19,15,28,97,25,17
red,PLA,348,107,315,69,167,244,74,121,109,136,47,62,19,15,28,97,26,17
red,PLA,345,109,320,69,171,247,74,120,109,134,47,63,19,15,28,97,26,17
red,PLA,344,108,317,68,168,246,73,118,109,129,47,62,19,15,28,97,26,16
red,PLA,344,108,316,64,165,244,72,114,109,119,47,62,19,15,28,97,25,16
red,PLA,351,107,314,60,162,242,71,114,110,114,47,62,19,15,28,97,25,16
red,PLA,350,106,311,57,158,240,72,115,109,119,47,62,19,15,28,97,25,16
red,PLA,349,107,317,59,160,242,73,117,109,129,47,61,19,15,28,97,25,16
red,PLA,351,108,317,62,165,246,74,120,109,140,47,61,19,15,28,97,25,16
red,PLA,346,107,314,67,168,246,75,122,109,143,47,61,19,15,28,97,25,17
red,PLA,346,108,317,72,171,245,74,121,109,138,47,62,19,15,28,97,25,17
red,PLA,349,107,315,67,167,242,73,117,109,125,47,62,19,15,28,97,25,16
red,PLA,343,105,308,61,159,238,72,114,109,113,47,63,19,15,28,97,25,16
red,PLA,339,102,299,58,153,233,72,113,110,109,47,63,19,15,28,97,25,16
red,PLA,342,105,307,60,157,238,73,116,109,118,47,63,19,15,28,97,25,16
red,PLA,344,107,318,63,166,243,73,118,109,130,47,62,19,15,28,97,25,16
red,PLA,347,104,307,65,161,239,73,120,109,139,47,61,19,15,28,97,25,17
red,PLA,348,105,311,67,163,240,74,121,109,143,47,61,19,15,28,97,25,17
red,PLA,350,106,310,69,163,240,73,121,109,143,47,61,19,15,28,97,25,17
red,PLA,352,109,321,70,169,246,73,120,109,144,47,61,19,15,28,97,25,17
red,PLA,352,107,314,67,164,240,73,120,109,142,47,61,19,15,28,97,25,17
red,PLA,351,107,315,64,163,242,73,118,109,135,47,61,19,15,28,97,25,16
red,PLA,346,105,313,63,161,240,72,117,109,128,47,61,19,15,28,97,25,16
red,PLA,342,105,308,63,160,239,72,116,109,120,47,62,19,15,28,97,25,16
red,PLA,341,103,303,61,157,236,72,115,109,120,47,63,19,15,28,97,25,16
red,PLA,339,102,298,62,155,234,72,117,109,123,47,63,19,15,28,97,25,16
red,PLA,340,103,305,62,158,237,72,117,109,126,47,63,19,15,28,97,25,17
red,PLA,343,104,304,64,161,238,72,118,109,132,47,62,19,15,28,97,26,16
red,PLA,345,104,304,65,160,237,73,119,109,135,47,62,19,15,28,97,26,16
red,PLA,348,109,322,67,168,244,73,119,109,136,47,61,19,15,28,97,25,16
red,PLA,352,110,323,67,168,247,73,119,109,137,47,61,19,15,28,97,25,17
red,PLA,351,109,320,66,167,246,73,118,109,135,47,61,19,15,28,97,25,16
red,PLA,348,107,313,63,162,242,72,116,109,123,47,62,19,15,28,97,25,16
red,PLA,342,105,312,61,159,240,71,113,109,108,47,63,19,15,28,97,25,16
red,PLA,339,105,309,60,160,241,71,112,109,107,47,63,19,15,28,97,25,16
red,PLA,338,104,308,61,159,241,71,115,109,121,47,62,19,15,28,97,25,16
red,PLA,342,106,315,64,164,244,73,120,109,142,47,61,19,15,28,97,25,16
red,PLA,349,106,313,68,164,240,74,123,108,155,47,60,19,15,28,97,25,17
red,PLA,347,107,311,69,165,241,73,118,109,130,47,62,19,15,28,97,25,16
red,PLA,340,106,312,64,163,241,72,117,109,123,47,62,19,15,28,98,25,16
red,PLA,341,105,310,63,162,241,73,118,109,130,47,62,19,15,28,97,25,16
red,PLA,343,105,310,64,163,241,72,118,109,133,47,61,19,15,28,97,25,16
red,PLA,343,105,308,64,161,239,72,117,109,124,47,62,19,15,28,97,25,16
red,PLA,343,105,311,62,159,240,71,113,109,107,47,63,19,15,28,97,25,16
red,PLA,335,103,300,61,157,238,71,112,109,108,47,63,19,15,28,97,25,16
red,PLA,335,104,310,60,159,242,72,115,109,117,47,62,19,15,28,97,25,16
red,PLA,342,106,314,63,162,244,73,119,109,134,47,61,19,15,28,97,25,16
red,PLA,350,108,319,68,167,247,74,121,109,142,47,61,19,15,28,97,25,17
red,PLA,356,107,314,69,166,242,74,122,109,145,47,61,19,15,28,97,25,17
red,PLA,355,106,311,68,163,239,74,121,109,141,47,61,19,15,28,97,25,17
red,PLA,353,107,315,68,165,243,74,121,109,138,47,61,19,15,28,97,25,17
red,PLA,351,106,313,66,162,241,74,120,109,135,47,61,19,15,28,97,25,16
red,PLA,353,106,308,68,161,240,75,121,109,134,47,62,19,15,28,97,25,17
red,PLA,351,104,305,67,160,236,75,121,109,132,47,62,19,15,28,97,25,16
red,PLA,348,103,302,65,158,235,75,119,110,125,47,63,19,15,28,97,25,16
red,PLA,346,103,303,64,158,237,74,117,110,120,47,63,19,15,28,97,25,16
red,PLA,344,103,301,63,156,235,74,117,110,118,47,63,19,15,28,97,25,16
red,PLA,346,103,303,63,156,235,74,118,110,124,47,63,19,15,28,97,25,16
red,PLA,349,103,301,64,157,234,75,121,110,130,47,62,19,15,28,97,25,17
red,PLA,351,104,305,66,157,235,75,122,110,136,47,62,19,15,28,97,25,17
red,PLA,355,104,305,67,159,235,75,123,110,145,47,61,19,15,28,97,25,17
red,PLA,357,105,306,69,160,236,76,124,110,146,47,61,19,15,28,97,25,17
red,PLA,359,105,306,69,160,235,76,125,110,151,47,61,19,15,28,97,25,17
red,PLA,357,106,309,70,162,237,76,125,109,149,47,61,19,15,28,97,25,17
red,PLA,353,105,309,69,163,238,75,122,110,140,47,62,19,15,28,97,25,17
red,PLA,355,105,308,65,158,236,73,118,110,126,47,62,19,15,28,97,25,16
red,PLA,350,103,301,61,152,232,73,116,110,118,47,62,19,15,28,97,25,16
red,PLA,346,102,300,62,153,233,73,118,110,125,47,62,19,15,28,97,25,16
red,PLA,345,101,298,62,152,231,75,121,110,134,47,62,19,15,28,97,25,16
red,PLA,346,103,301,67,157,234,75,122,110,138,47,62,19,15,28,97,25,17
red,PLA,349,103,304,69,161,236,75,122,109,140,47,62,19,15,28,97,26,17
red,PLA,366,109,314,72,164,241,75,123,109,148,47,61,19,15,28,96,26,17
red,PLA,368,110,319,71,166,242,74,121,109,142,47,61,19,15,28,96,26,17
red,PLA,362,109,317,68,163,240,74,121,110,139,46,61,19,15,28,96,25,17
red,PLA,358,107,316,67,162,240,75,122,109,141,47,61,19,15,28,97,25,17
red,PLA,365,108,315,70,163,240,75,124,110,151,47,61,19,15,28,96,25,17
red,PLA,363,108,321,70,165,240,76,125,109,155,47,61,19,15,28,97,25,17
red,PLA,363,109,320,72,168,244,76,124,109,152,47,61,19,15,28,97,25,17
red,PLA,363,109,318,71,166,242,75,123,109,146,47,61,19,15,28,97,25,17
red,PLA,359,108,315,68,163,239,75,121,110,138,47,62,19,15,28,97,25,17
red,PLA,356,106,310,66,160,237,75,120,110,133,47,62,19,15,28,96,25,17
red,PLA,356,106,310,66,158,238,75,121,109,135,47,61,19,15,28,97,25,16
red,PLA,357,105,309,66,158,235,74,121,109,138,47,61,19,15,28,97,25,17
red,PLA,359,106,311,67,159,236,75,122,109,139,47,61,19,15,28,97,25,17
red,PLA,359,106,311,69,162,238,76,124,109,150,47,61,19,15,28,97,25,17
red,PLA,364,108,315,71,164,239,76,126,109,157,47,60,19,15,28,97,25,17
red,PLA,365,109,318,73,167,241,76,127,109,166,47,60,19,15,28,96,25,17
red,PLA,367,110,319,73,167,241,75,125,109,156,47,61,19,15,28,97,26,17
red,PLA,361,107,313,67,160,237,73,118,110,129,47,62,19,15,28,97,25,17
red,PLA,358,106,310,63,156,237,73,117,110,122,46,62,19,15,28,97,25,16
red,PLA,357,104,305,62,152,232,75,121,108,141,47,60,19,15,28,96,25,17
red,PLA,356,104,305,64,157,234,76,124,108,152,46,60,19,15,27,97,25,17
red,PLA,355,104,305,67,159,233,75,122,108,137,47,62,19,15,28,97,25,17
red,PLA,356,105,307,69,161,235,73,118,109,122,47,63,19,15,28,97,26,16
red,PLA,348,104,307,67,160,237,73,115,109,113,47,63,19,15,28,97,26,16
red,PLA,345,104,304,61,154,235,73,117,109,118,47,63,19,15,28,97,25,16
red,PLA,352,103,304,63,155,235,75,121,109,139,47,62,19,15,28,97,25,16
red,PLA,356,104,305,67,156,231,76,125,108,153,47,60,19,15,28,97,25,17
red,PLA,359,105,307,68,160,232,75,125,108,157,47,60,19,15,28,97,25,17
red,PLA,357,104,304,70,158,233,74,122,108,141,47,61,19,15,28,97,25,17
red,PLA,355,105,310,68,160,235,73,119,108,134,47,62,19,15,28,97,25,17
red,PLA,354,104,304,65,155,231,74,120,108,136,47,62,19,15,28,97,25,17
red,PLA,354,105,308,65,157,234,73,120,108,139,47,61,19,15,28,97,25,16
red,PLA,355,105,308,65,157,235,73,120,108,138,47,61,19,15,28,97,25,16
red,PLA,355,105,309,65,157,235,73,119,108,134,47,61,19,15,28,97,25,16
red,PLA,353,106,311,66,160,238,73,119,108,133,47,62,19,15,28,97,26,16
red,PLA,349,106,311,67,161,240,74,120,108,133,47,62,19,15,28,97,25,16
red,PLA,346,105,310,67,161,241,74,120,108,134,47,62,19,15,28,97,25,16
red,PLA,355,104,306,66,159,233,75,121,108,136,47,62,19,15,28,97,25,17
red,PLA,355,103,301,66,156,230,74,121,108,137,47,62,19,15,28,97,25,17
red,PLA,353,103,300,65,154,230,74,120,108,134,47,61,19,15,28,97,25,16
red,PLA,350,102,298,63,152,229,73,118,109,125,47,62,19,15,28,97,25,16
red,PLA,347,103,302,64,154,233,73,117,109,120,47,62,19,15,28,97,25,16
red,PLA,346,103,303,65,157,236,73,118,109,127,47,62,19,15,28,97,25,16
red,PLA,354,104,304,66,156,233,74,122,109,142,47,61,19,15,28,97,25,17
red,PLA,359,105,307,68,159,234,75,125,108,157,47,60,19,15,28,97,25,17
red,PLA,359,106,310,69,161,235,75,124,108,154,47,60,19,15,27,97,25,17
red,PLA,362,107,312,71,163,237,75,123,108,148,47,61,19,15,28,97,25,17
red,PLA,359,107,311,71,164,238,74,122,108,144,47,61,19,15,28,97,25,17
red,PLA,357,106,310,67,160,236,74,121,108,141,47,62,19,15,28,97,25,17
red,PLA,356,105,309,66,159,236,74,121,108,141,47,61,19,15,28,97,25,17
red,PLA,355,104,307,66,157,234,74,121,108,139,47,61,19,15,28,97,25,17
red,PLA,352,105,307,66,158,236,73,119,108,131,47,62,19,15,28,97,25,16
red,PLA,346,104,306,63,158,237,72,115,109,113,47,63,19,15,28,97,26,16
red,PLA,342,105,310,62,158,240,72,114,109,108,47,63,19,15,28,97,25,16
red,PLA,344,103,302,61,155,234,73,117,109,121,47,62,19,15,28,97,25,16
red,PLA,350,104,306,62,156,234,74,120,109,136,47,61,19,15,28,97,25,16
red,PLA,353,103,303,63,154,233,74,123,109,148,47,60,19,15,28,97,25,17
red,PLA,362,105,306,68,157,233,76,125,108,156,47,60,19,15,28,97,25,17
red,PLA,358,105,308,70,160,235,76,125,108,159,47,60,19,15,28,97,25,17
red,PLA,354,105,310,69,161,234,75,123,108,153,47,60,19,15,28,97,25,17
red,PLA,352,104,305,68,159,234,75,122,109,145,47,60,19,15,28,97,25,17
red,PLA,359,106,308,67,159,236,75,122,109,139,47,61,19,15,28,97,25,17
red,PLA,352,104,306,67,159,234,75,122,109,137,47,62,19,15,28,97,25,17
red,PLA,353,104,302,67,157,232,75,121,109,133,47,62,19,15,28,97,25,16
red,PLA,357,103,298,66,153,230,75,121,110,127,47,62,19,15,28,97,25,16
red,PLA,355,103,299,65,154,230,74,120,110,129,47,62,19,15,28,97,25,16
red,PLA,355,103,301,65,154,230,74,120,110,131,47,62,19,15,28,96,25,16
red,PLA,358,105,305,66,157,234,75,122,110,138,47,62,19,15,28,96,25,17
red,PLA,359,105,307,68,159,234,76,124,110,145,47,61,19,15,28,96,25,17
red,PLA,362,106,310,70,163,236,76,126,109,158,46,60,19,15,28,96,25,17
red,PLA,360,105,308,70,161,234,76,126,109,161,47,60,19,15,28,97,25,17
red,PLA,362,109,323,71,163,240,74,124,106,159,47,59,19,15,27,97,25,17
red,PLA,363,107,315,68,159,235,74,121,107,147,47,60,19,15,27,97,25,17
red,PLA,355,106,311,65,157,235,72,117,108,126,47,62,19,15,28,97,25,16
red,PLA,382,110,318,67,161,237,75,124,111,152,46,61,19,15,28,95,26,17
red,PLA,392,112,322,70,165,239,76,127,111,169,46,60,19,15,28,95,26,17
red,PLA,394,113,324,73,167,238,77,130,110,184,46,59,19,15,28,95,25,17
red,PLA,394,113,322,75,168,240,77,130,111,182,46,59,19,15,28,95,26,17
red,PLA,400,114,327,77,172,242,78,129,111,172,46,60,19,15,28,95,26,17
red,PLA,395,113,323,75,169,241,76,126,112,161,46,61,19,15,28,95,26,17
red,PLA,392,111,319,71,164,237,76,126,112,162,46,61,19,15,28,95,26,17
red,PLA,395,112,321,71,164,236,77,129,111,171,46,60,19,15,28,95,26,17
red,PLA,402,113,324,74,166,237,78,131,111,180,46,59,19,15,28,95,25,17
red,PLA,404,111,322,74,166,234,78,131,111,185,46,59,19,15,28,95,25,17
red,PLA,398,111,318,75,166,234,77,131,111,183,46,59,19,15,28,95,26,17
red,PLA,400,112,318,76,167,236,77,130,111,177,46,60,19,15,28,95,26,17
red,PLA,399,116,331,76,173,245,76,127,111,168,46,60,19,15,28,95,26,17
red,PLA,395,113,323,72,166,240,76,127,111,162,46,60,19,15,28,95,26,17
red,PLA,394,114,329,72,167,243,77,127,111,161,46,60,19,15,28,95,26,17
red,PLA,392,111,318,71,163,236,76,127,111,166,46,60,19,15,28,95,25,17
red,PLA,396,110,315,71,161,232,77,127,111,166,46,60,19,15,28,95,25,17
red,PLA,393,111,319,71,163,236,77,128,111,165,46,60,19,15,28,95,25,17
red,PLA,391,111,323,71,165,238,77,128,111,167,46,60,19,15,28,95,26,17
red,PLA,392,113,327,74,169,242,78,130,111,170,46,60,19,15,28,95,26,17
red,PLA,396,113,324,75,169,240,78,131,111,180,46,59,19,15,28,95,26,17
red,PLA,397,114,325,77,171,240,78,132,111,186,46,59,19,15,28,95,26,17
red,PLA,404,116,327,79,173,242,78,132,111,188,46,59,19,15,28,95,26,17
red,PLA,403,116,330,78,174,243,77,131,111,185,46,59,19,15,28,95,26,17
red,PLA,404,114,328,75,170,240,77,128,111,175,46,59,19,15,28,95,26,17
red,PLA,397,111,317,71,160,234,76,125,112,156,46,60,19,15,28,95,25,17
red,PLA,398,110,317,67,157,232,76,124,112,153,46,60,19,15,28,95,25,17
red,PLA,392,110,316,69,161,233,77,127,112,163,46,60,19,15,28,95,25,17
red,PLA,395,110,314,71,162,233,78,129,112,171,46,60,19,15,28,94,25,17
red,PLA,393,112,316,76,170,239,77,128,112,166,46,61,19,15,28,95,26,17
red,PLA,397,113,320,74,168,238,76,126,112,161,46,61,19,15,28,95,26,17
red,PLA,395,112,320,71,165,238,75,125,112,161,46,60,19,15,28,95,26,17
red,PLA,397,113,324,70,164,238,75,125,112,165,46,60,19,15,28,95,26,17
red,PLA,397,113,324,71,165,238,76,127,111,174,46,59,19,15,28,95,26,17
red,PLA,399,117,329,76,175,247,76,129,111,184,46,59,19,15,28,95,26,17
red,PLA,397,120,342,79,181,253,76,129,111,184,46,59,19,15,28,95,26,17
red,PLA,397,120,345,80,183,255,76,128,111,180,46,59,19,15,28,95,26,17
red,PLA,394,122,350,81,185,259,76,127,111,174,46,60,19,15,28,95,26,17
red,PLA,398,121,350,77,182,257,75,126,111,171,46,59,19,15,28,95,26,17
red,PLA,404,119,341,74,177,253,75,126,111,173,46,59,19,15,28,95,26,17
red,PLA,401,115,331,71,170,244,76,126,111,168,46,59,19,15,28,95,25,17
red,PLA,401,114,325,71,169,241,75,125,111,164,46,60,19,15,28,95,26,17
red,PLA,385,111,316,69,162,237,73,121,108,151,46,60,19,15,27,96,26,17
red,PLA,387,113,320,69,164,242,74,123,109,159,46,60,19,15,28,96,26,17
red,PLA,402,116,328,69,169,243,74,125,109,166,46,60,19,15,28,95,26,17
red,PLA,401,117,335,71,171,246,75,126,109,169,46,60,19,15,27,95,26,17
red,PLA,398,114,329,72,169,244,75,126,109,168,46,60,19,15,27,95,26,17
red,PLA,387,113,330,72,170,242,75,125,109,166,46,60,19,15,28,95,26,17
red,PLA,392,115,328,71,168,245,74,123,110,155,46,61,19,15,28,95,26,17
red,PLA,388,113,326,68,165,242,74,122,110,149,46,61,19,15,27,95,26,17
red,PLA,392,113,327,68,166,242,74,123,110,154,46,61,19,15,28,95,26,17
red,PLA,394,114,329,71,168,244,74,125,110,166,46,60,19,15,28,95,26,17
red,PLA,398,116,336,71,171,246,75,128,110,180,46,58,19,15,28,95,25,17
red,PLA,401,116,333,72,171,245,76,129,110,188,46,58,19,15,27,95,25,17
red,PLA,408,118,337,76,173,245,77,131,110,189,46,58,19,15,27,95,25,17
red,PLA,402,118,336,78,177,247,76,130,110,186,46,59,19,15,28,95,26,17
red,PLA,403,116,331,77,175,244,75,128,110,177,46,60,19,15,28,95,26,17
red,PLA,400,116,329,73,172,244,75,125,111,161,46,60,19,15,28,95,26,17
red,PLA,393,114,326,70,166,242,74,124,111,156,46,61,19,15,28,95,26,17
red,PLA,402,115,330,69,167,243,75,125,111,162,46,60,19,15,28,95,26,17
red,PLA,403,115,329,70,168,244,75,126,110,167,46,60,19,15,28,95,26,17
red,PLA,405,115,327,71,168,242,75,127,110,169,46,60,19,15,28,95,26,17
red,PLA,395,115,332,72,170,246,75,127,110,166,46,60,19,15,28,95,26,17
red,PLA,377,112,325,69,166,243,74,123,109,150,46,61,19,15,28,96,26,17
red,PLA,370,111,323,69,167,244,73,122,109,149,46,61,19,15,28,96,26,17
red,PLA,373,110,321,67,165,239,74,123,109,152,46,61,19,15,28,96,26,17
red,PLA,378,111,325,68,166,243,74,123,109,154,46,60,19,15,27,96,25,17
red,PLA,380,112,325,69,167,243,74,123,109,158,46,60,19,15,28,96,25,17
red,PLA,386,112,323,69,164,241,74,125,109,162,46,59,19,15,27,96,25,17
red,PLA,379,111,324,70,165,241,75,125,108,163,46,59,19,15,28,96,25,17
red,PLA,376,111,325,70,166,242,75,125,108,158,46,60,19,15,28,96,25,17
red,PLA,375,111,324,71,168,243,75,123,109,152,46,60,19,15,27,96,25,17
red,PLA,374,113,328,70,168,247,73,121,109,143,46,61,19,15,28,96,26,17
red,PLA,367,111,321,68,166,243,73,120,109,139,46,62,19,15,28,96,26,17
red,PLA,367,113,330,68,170,249,73,120,109,139,46,61,19,15,28,96,26,17
red,PLA,370,112,330,68,169,249,73,120,109,143,46,61,19,15,28,96,26,17
red,PLA,380,115,330,71,169,250,75,125,110,161,46,60,19,15,28,96,26,17
red,PLA,382,115,333,72,174,250,75,125,109,163,46,60,19,15,28,96,25,17
red,PLA,391,115,332,73,172,248,75,126,109,170,46,59,19,15,28,96,25,17
red,PLA,388,115,333,73,172,248,75,127,109,175,46,59,19,15,28,96,25,17
red,PLA,392,116,335,74,173,247,75,126,109,172,46,58,19,15,28,96,25,17
red,PLA,387,114,333,72,171,247,75,125,109,164,46,59,19,15,28,96,25,17
red,PLA,380,114,333,69,171,248,74,122,109,148,46,61,19,15,28,96,25,17
red,PLA,367,112,326,66,168,246,73,119,110,135,46,62,19,15,28,96,26,17
red,PLA,364,111,323,66,168,246,73,119,110,135,46,62,19,15,28,96,26,17
red,PLA,371,115,334,68,174,252,73,122,110,151,46,60,19,15,28,96,26,17
red,PLA,385,115,331,70,172,248,75,125,109,168,46,59,19,15,27,96,26,17
red,PLA,385,116,337,71,175,249,75,126,109,174,46,59,19,15,27,96,26,17
red,PLA,387,118,341,75,179,254,75,126,109,170,46,59,19,15,28,96,25,17
red,PLA,388,119,344,74,180,257,74,123,109,156,46,60,19,15,28,96,26,17
red,PLA,374,118,343,72,180,257,74,121,110,143,46,61,19,15,28,96,26,17
red,PLA,370,115,337,69,174,254,74,122,110,145,46,61,19,15,28,96,26,17
red,PLA,375,113,331,68,171,246,74,124,110,157,46,61,19,15,28,96,26,17
red,PLA,382,111,321,69,167,242,75,126,110,166,46,60,19,15,28,95,25,17
red,PLA,385,112,323,70,166,241,75,126,110,168,46,60,19,15,28,96,26,17
red,PLA,383,113,325,72,171,243,75,126,110,168,46,60,19,15,28,95,26,17
red,PLA,383,116,334,74,176,250,75,126,110,165,46,60,19,15,28,96,26,17
red,PLA,381,116,335,74,177,253,75,125,110,160,46,60,19,15,28,96,26,17
red,PLA,380,117,336,73,177,253,74,124,110,158,46,60,19,15,28,96,26,17
red,PLA,388,117,337,71,174,251,74,124,110,158,46,60,19,15,27,96,26,17
red,PLA,387,116,337,69,173,251,74,123,110,154,46,60,19,15,28,96,26,17
red,PLA,385,114,329,69,169,247,74,122,110,152,46,60,19,15,28,96,25,17
red,PLA,383,115,333,69,172,250,74,123,110,152,46,60,19,15,28,95,25,17
red,PLA,380,111,324,67,166,242,74,123,110,156,46,60,19,15,28,95,25,17
red,PLA,380,112,326,70,169,244,75,124,110,158,46,60,19,15,28,95,26,17
red,PLA,377,114,332,73,174,249,75,125,110,162,46,60,19,15,28,96,26,17
red,PLA,389,114,333,74,176,245,75,126,110,173,46,60,19,15,28,96,26,17
red,PLA,390,115,333,75,176,250,75,127,109,175,46,59,19,15,28,96,26,17
red,PLA,389,116,334,75,176,251,75,126,109,173,46,59,19,15,28,96,26,17
red,PLA,388,117,339,74,177,252,74,125,109,165,46,60,19,15,27,96,26,17
red,PLA,389,115,332,69,171,248,73,120,109,145,46,61,19,15,28,96,26,17
red,PLA,381,113,326,66,166,244,72,117,109,134,46,61,19,15,28,96,26,16
red,PLA,378,112,323,64,163,243,72,118,109,138,46,61,19,15,28,96,25,16
red,PLA,377,114,333,64,166,249,74,122,109,152,46,60,19,15,27,96,25,17
red,PLA,377,112,326,66,165,245,75,124,109,160,46,60,19,15,28,96,25,17
red,PLA,369,111,328,73,171,247,74,124,109,157,46,60,19,15,28,96,25,17
red,PLA,373,110,319,70,166,239,73,122,110,150,46,61,19,15,28,96,26,17
red,PLA,371,111,320,67,165,241,73,120,110,143,46,61,19,15,27,96,26,17
red,PLA,373,111,325,65,165,244,73,119,110,143,46,61,19,15,28,96,26,17
red,PLA,377,110,319,65,161,239,73,121,109,150,46,60,19,15,28,96,25,17
red,PLA,392,112,321,68,163,240,74,124,109,166,46,60,19,15,28,96,25,17
red,PLA,377,113,329,71,169,245,74,125,108,165,46,60,19,15,27,96,26,17
red,PLA,375,113,329,73,174,249,74,124,108,162,46,60,19,15,28,96,26,17
red,PLA,378,113,326,72,170,245,73,122,109,156,46,60,19,15,27,96,26,17
red,PLA,384,113,328,69,168,245,73,121,109,153,46,60,19,15,27,96,26,17
red,PLA,383,112,326,66,165,243,73,122,109,155,46,60,19,15,28,96,25,17
red,PLA,377,112,328,67,167,246,73,122,109,153,46,60,19,15,28,96,25,17
red,PLA,368,112,328,69,168,246,73,121,109,150,46,60,19,15,28,96,25,17
red,PLA,368,112,331,70,171,248,73,122,109,150,46,61,19,15,28,96,26,17
red,PLA,372,113,328,69,168,246,73,122,109,147,46,61,19,15,28,96,26,17
red,PLA,372,109,318,67,162,241,74,123,109,150,46,61,19,15,28,96,26,17
red,PLA,374,111,325,70,167,244,75,123,109,148,46,61,19,15,28,96,26,17
red,PLA,373,109,316,69,162,238,74,122,109,146,46,61,19,15,28,96,26,17
red,PLA,369,108,313,66,158,236,73,121,109,141,46,61,19,15,28,96,26,17
red,PLA,373,108,314,66,158,235,74,122,109,146,46,61,19,15,28,96,26,17
red,PLA,376,109,316,68,160,235,75,125,108,162,46,60,19,15,28,96,25,17
red,PLA,377,109,317,68,159,234,75,126,108,172,46,59,19,15,28,96,25,17
red,PLA,377,109,318,70,161,235,75,127,108,173,46,59,19,15,27,96,25,17
red,PLA,377,110,319,71,163,236,75,126,108,167,46,60,19,15,28,96,25,17
red,PLA,377,111,322,71,165,240,74,124,108,152,46,61,19,15,28,96,26,17
red,PLA,370,110,319,68,163,239,73,121,109,141,46,62,19,15,28,96,26,17
red,PLA,364,107,315,66,161,236,73,121,109,138,47,62,19,15,28,96,26,17
red,PLA,369,108,314,67,159,236,73,122,109,147,46,61,19,15,28,96,26,17
red,PLA,373,108,312,66,158,234,74,123,109,152,46,61,19,15,28,96,25,17
red,PLA,373,108,315,66,158,234,74,122,109,150,46,61,19,15,28,96,25,17
red,PLA,369,107,309,67,159,233,74,123,108,150,46,61,19,15,28,96,26,17
red,PLA,369,109,318,69,163,239,74,123,109,149,46,61,19,15,28,96,26,17
red,PLA,373,109,316,69,163,238,74,124,109,154,46,61,19,15,28,96,26,17
red,PLA,376,111,323,68,162,240,74,124,108,156,46,60,19,15,28,96,26,17
red,PLA,376,110,323,69,163,240,75,125,108,160,46,60,19,15,28,96,25,17
red,PLA,382,111,324,71,165,241,75,125,108,161,46,60,19,15,27,96,25,17
red,PLA,374,111,325,71,166,244,75,125,109,158,46,60,19,15,27,96,26,17
red,PLA,371,111,324,71,168,245,74,123,109,151,46,61,19,15,28,96,26,17
red,PLA,367,110,322,69,164,241,74,122,109,146,46,62,19,15,28,96,26,17
red,PLA,367,110,320,68,164,241,74,121,109,141,46,62,19,15,28,96,26,17
red,PLA,365,108,316,66,161,240,74,121,109,138,46,62,19,15,28,96,26,17
red,PLA,370,111,323,69,165,245,74,123,109,144,46,62,19,15,28,96,26,17
red,PLA,372,111,323,69,166,243,75,124,109,151,46,61,19,15,28,96,26,17
red,PLA,382,112,325,72,167,244,75,126,109,162,46,60,19,15,27,96,26,17
red,PLA,385,113,329,73,168,244,75,126,108,171,46,59,19,15,27,96,25,17
red,PLA,388,112,326,72,166,241,75,126,108,169,46,59,19,15,28,96,25,17
red,PLA,384,111,324,70,163,240,75,124,108,157,46,60,19,15,28,96,25,17
red,PLA,371,111,324,69,165,244,74,120,109,137,46,62,19,15,28,96,25,17
red,PLA,359,109,319,66,163,243,73,119,109,126,46,64,19,15,28,96,26,16
red,PLA,358,108,313,66,162,240,74,120,109,134,46,63,19,15,28,96,26,17
red,PLA,363,109,319,69,165,242,74,123,109,148,46,61,19,15,28,96,26,17
red,PLA,375,110,321,71,164,240,76,126,109,168,46,60,19,15,28,96,26,17
red,PLA,383,110,320,71,163,237,76,127,108,171,46,59,19,15,28,96,26,17
red,PLA,381,112,325,73,166,241,75,126,109,164,46,60,19,15,28,96,25,17
red,PLA,377,110,319,70,163,237,74,122,109,147,46,61,19,15,28,96,26,17
red,PLA,367,108,314,66,160,237,73,120,109,134,46,62,19,15,28,96,26,17
red,PLA,365,109,316,67,161,241,74,122,109,146,46,61,19,15,28,96,26,17
red,PLA,370,109,321,68,163,240,74,123,109,153,46,60,19,15,28,96,26,17
red,PLA,376,110,320,69,163,240,75,124,108,158,46,60,19,15,28,96,25,17
red,PLA,381,111,322,69,163,240,75,124,109,162,46,59,19,15,28,96,25,17
red,PLA,380,111,324,70,165,242,75,125,109,158,46,60,19,15,28,96,25,17
red,PLA,372,111,323,72,166,244,75,124,109,150,46,62,19,15,28,96,26,17
red,PLA,366,110,323,72,169,245,74,123,109,150,46,62,19,15,28,96,26,17
red,PLA,369,110,320,70,166,241,74,122,109,154,46,61,19,15,27,96,26,17
red,PLA,379,110,319,67,161,238,74,123,109,155,46,60,19,15,28,96,25,17
red,PLA,381,110,322,65,158,237,74,122,109,146,46,61,19,15,27,96,25,17
red,PLA,371,108,316,67,159,237,74,121,109,142,46,61,19,15,28,96,25,17
red,PLA,363,106,308,66,156,233,74,122,109,145,46,61,19,15,28,96,25,17
red,PLA,365,107,313,68,160,236,75,124,109,152,46,62,19,15,28,96,26,17
red,PLA,375,111,324,71,167,241,76,126,109,163,46,61,19,15,28,96,26,17
red,PLA,377,111,322,73,167,241,76,127,109,171,46,60,19,15,28,96,26,17
red,PLA,379,111,320,73,165,238,76,126,109,171,46,59,19,15,27,96,26,17
red,PLA,376,109,319,69,163,236,74,123,109,154,46,61,19,15,28,96,26,17
red,PLA,373,109,316,67,160,236,74,121,109,141,46,62,19,15,28,96,26,17
red,PLA,365,107,313,65,157,235,74,121,109,145,46,61,19,15,28,96,25,17
red,PLA,369,106,311,65,157,233,75,124,109,156,46,61,19,15,28,96,25,17
red,PLA,369,108,313,70,161,237,74,122,109,147,46,62,19,15,28,96,26,17
red,PLA,371,108,312,66,160,234,73,120,109,135,47,63,19,15,28,96,26,17
red,PLA,363,106,307,64,155,233,73,119,109,134,46,62,19,15,28,96,26,16
red,PLA,366,106,310,64,155,233,74,122,109,145,46,62,19,15,27,96,26,17
red,PLA,373,108,313,67,158,234,75,125,109,157,47,61,19,15,28,96,26,17
red,PLA,372,109,318,71,164,238,75,127,109,166,46,61,19,15,28,96,26,17
red,PLA,373,109,317,72,165,238,75,127,109,166,46,61,19,15,28,96,26,17
red,PLA,372,111,322,73,167,242,74,124,109,158,46,61,19,15,28,96,26,17
red,PLA,375,110,322,71,165,241,75,124,109,155,46,61,19,15,28,96,26,17
red,PLA,380,111,321,69,163,240,75,124,109,158,46,60,19,15,28,96,25,17
red,PLA,375,109,318,68,160,237,75,124,109,154,46,60,19,15,28,96,25,17
red,PLA,369,110,319,70,163,240,74,123,109,150,46,61,19,15,28,96,26,17
red,PLA,365,108,320,68,162,239,73,121,109,144,46,61,19,15,28,96,26,17
red,PLA,366,108,316,67,160,238,73,121,109,144,46,62,19,15,28,96,26,17
red,PLA,370,110,321,67,163,238,74,122,109,146,46,61,19,15,27,96,26,17
red,PLA,369,108,316,67,160,239,73,121,109,143,46,61,19,15,28,96,26,17
red,PLA,371,109,319,66,160,238,74,122,109,144,46,61,19,15,28,96,26,17
red,PLA,374,110,321,69,163,240,74,124,109,156,46,60,19,15,28,96,26,17
red,PLA,383,111,322,72,165,240,76,127,109,169,46,59,19,15,28,96,25,17
red,PLA,386,112,324,72,167,242,76,127,109,173,46,59,19,15,28,96,25,17
red,PLA,380,112,327,73,168,243,76,127,109,171,46,59,19,15,27,96,26,17
red,PLA,378,113,331,73,170,243,75,126,109,162,46,60,19,15,27,96,26,17
red,PLA,369,111,322,73,167,243,74,122,109,146,46,61,19,15,28,96,26,17
red,PLA,373,109,318,68,162,238,73,121,109,143,46,61,19,15,28,96,26,17
red,PLA,376,110,320,67,161,238,74,122,109,148,46,60,19,15,28,96,26,17
red,PLA,377,110,320,68,160,239,74,123,109,155,46,60,19,15,27,96,25,17
red,PLA,378,111,323,67,163,239,75,123,109,151,46,60,19,15,27,96,25,17
red,PLA,374,109,319,68,162,238,75,124,109,151,46,61,19,15,28,96,25,17
red,PLA,370,108,316,70,164,239,75,124,109,149,46,61,19,15,28,96,26,17
red,PLA,367,107,313,70,162,236,75,123,109,148,46,61,19,15,28,96,26,17
red,PLA,369,107,311,69,160,234,74,123,109,150,46,61,19,15,27,96,26,17
red,PLA,373,110,321,69,164,239,74,123,109,153,46,61,19,15,28,96,26,17
red,PLA,379,108,314,68,158,234,74,123,109,156,46,60,19,15,27,96,25,17
red,PLA,379,109,319,68,160,236,74,123,108,154,46,60,19,15,28,96,25,17
red,PLA,376,109,318,68,160,235,74,123,109,155,46,60,19,15,28,96,25,17
red,PLA,376,110,319,69,163,238,75,124,109,158,46,60,19,15,27,96,25,17
red,PLA,376,107,311,66,158,231,75,124,109,154,46,60,19,15,27,96,25,17
red,PLA,373,110,319,69,163,239,75,124,109,153,46,61,19,15,28,96,25,17
red,PLA,369,110,319,69,163,240,74,122,109,149,46,61,19,15,27,96,26,17
red,PLA,365,110,321,68,164,241,74,121,109,141,46,62,19,15,28,96,26,17
red,PLA,364,110,323,68,166,242,73,121,109,139,46,62,19,15,28,96,26,17
red,PLA,366,110,318,68,164,243,74,122,109,143,46,62,19,15,28,96,26,17
red,PLA,369,110,318,69,164,240,74,123,109,155,46,60,19,15,27,96,26,17
red,PLA,378,111,319,69,163,238,74,124,109,161,46,59,19,15,27,96,25,17
red,PLA,384,113,325,71,166,242,75,125,108,170,46,58,19,15,28,96,25,17
red,PLA,384,114,329,70,167,244,75,125,108,168,46,59,19,15,27,96,25,17
red,PLA,377,114,333,71,170,248,74,123,108,156,46,60,19,15,27,96,25,17
red,PLA,369,111,325,69,168,245,74,120,109,140,46,61,19,15,28,96,26,17
red,PLA,358,112,328,67,170,250,73,118,109,131,46,63,19,15,28,96,26,16
red,PLA,358,113,326,67,170,251,73,119,109,131,47,63,19,15,28,96,26,17
red,PLA,368,115,331,71,173,253,74,123,109,157,46,60,19,15,28,96,26,17
red,PLA,375,114,333,71,173,249,75,125,109,169,46,59,19,15,28,96,26,17
red,PLA,379,115,340,72,173,250,75,125,109,171,46,59,19,15,28,96,25,17
red,PLA,378,118,347,75,179,259,75,124,109,158,46,60,19,15,28,96,25,17
red,PLA,365,117,345,73,180,260,74,120,109,138,46,62,19,15,28,96,26,17
red,PLA,361,111,338,67,168,247,73,118,109,133,46,62,19,15,28,96,26,16
red,PLA,378,115,334,67,171,248,74,122,110,153,46,60,19,15,28,96,25,17
red,PLA,376,114,336,68,172,252,74,123,109,155,46,59,19,15,28,96,25,17
red,PLA,379,115,339,69,174,253,74,123,109,159,46,59,19,15,28,96,25,17
red,PLA,380,113,326,70,170,247,74,123,109,155,46,60,19,15,28,96,25,17
red,PLA,371,111,324,70,168,245,74,122,109,147,46,61,19,15,28,96,25,17
red,PLA,367,110,320,69,167,241,74,122,109,144,46,62,19,15,28,96,26,17
red,PLA,372,110,314,70,165,238,74,123,109,155,46,60,19,15,28,96,26,17
red,PLA,383,109,312,69,161,234,74,123,109,162,46,59,19,15,28,96,25,17
red,PLA,392,109,312,65,158,232,74,122,109,156,46,59,19,15,28,96,25,17
red,PLA,381,111,317,65,162,239,72,118,110,133,46,61,19,15,28,96,25,16
red,PLA,370,110,316,63,160,238,72,117,110,131,46,61,19,15,28,96,25,16
red,PLA,366,109,315,64,162,239,73,120,110,138,46,61,19,15,28,96,25,17
red,PLA,365,112,325,68,169,244,74,123,109,154,46,61,19,15,28,96,26,17
red,PLA,370,110,322,70,169,244,75,126,110,167,46,60,19,15,28,96,26,17
red,PLA,376,115,328,78,173,250,75,127,109,177,46,59,19,15,28,96,26,17
red,PLA,378,114,330,74,173,245,76,127,109,177,46,59,19,15,28,96,26,17
red,PLA,376,114,333,73,173,249,75,124,109,159,46,60,19,15,28,96,26,17
red,PLA,366,110,324,69,166,245,73,119,110,137,46,61,19,15,28,96,25,17
red,PLA,368,110,318,67,161,242,72,118,109,132,46,61,19,15,28,96,25,16
red,PLA,365,108,316,64,160,238,73,120,109,140,46,61,19,15,28,96,25,17
red,PLA,363,107,314,65,159,236,74,123,109,156,46,60,19,15,28,96,25,17
red,PLA,365,109,319,70,166,242,74,123,109,152,46,61,19,15,28,96,25,17
red,PLA,365,109,322,70,168,241,73,120,109,141,47,62,19,15,28,96,26,17
red,PLA,362,108,312,67,161,238,72,118,109,135,47,62,19,15,28,96,26,17
red,PLA,358,107,313,63,159,237,72,117,109,131,47,62,19,15,28,96,26,16
red,PLA,360,108,316,63,159,238,72,118,109,138,46,62,19,15,28,96,26,17
red,PLA,371,108,313,66,159,236,73,122,108,153,46,60,19,15,27,96,25,17
red,PLA,370,109,314,70,165,241,74,124,108,162,47,60,19,15,28,96,26,17
red,PLA,369,110,317,71,165,242,73,123,108,162,47,60,19,15,28,96,26,17
red,PLA,367,110,322,71,167,241,73,122,108,155,46,60,19,15,28,96,26,17
red,PLA,373,112,323,70,167,243,73,121,109,153,47,60,19,15,28,96,26,17
red,PLA,375,111,321,68,164,241,73,120,109,150,46,60,19,15,28,96,25,17
red,PLA,373,111,322,66,163,240,73,121,108,149,46,60,19,15,28,96,25,17
red,PLA,371,111,324,68,164,244,74,123,109,154,46,60,19,15,28,96,25,17
red,PLA,371,112,330,70,171,246,74,122,109,150,46,61,19,15,28,96,26,17
red,PLA,369,112,323,71,169,246,73,121,110,145,46,61,19,15,28,96,26,17
red,PLA,372,112,324,69,168,245,74,122,110,146,46,61,19,15,28,96,26,17
red,PLA,372,112,326,69,168,245,74,122,110,150,46,61,19,15,28,96,26,17
red,PLA,372,111,327,68,170,243,74,122,110,150,46,61,19,15,28,96,26,17
red,PLA,369,113,327,69,169,246,73,121,109,147,46,61,19,15,28,96,26,17
red,PLA,374,114,330,70,173,250,74,122,110,148,46,61,19,15,28,96,26,17
red,PLA,374,114,331,68,170,249,73,120,110,144,46,61,19,15,28,96,26,17
red,PLA,376,113,329,67,169,246,74,122,110,151,46,61,19,15,28,96,26,17
red,PLA,378,117,343,69,180,258,75,125,109,164,46,60,19,15,28,96,26,17
red,PLA,376,118,343,74,179,259,75,125,109,169,46,60,19,15,28,96,26,17
red,PLA,382,116,337,74,178,254,75,125,109,166,46,60,19,15,28,96,26,17
red,PLA,376,117,340,75,178,258,75,124,109,160,46,61,19,15,28,96,26,17
red,PLA,373,113,329,73,173,252,74,122,110,151,46,61,19,15,28,96,26,17
red,PLA,369,112,329,68,170,247,73,121,109,147,46,62,19,15,28,96,26,17
red,PLA,385,116,337,67,173,250,73,120,110,146,46,61,19,15,28,96,26,17
red,PLA,383,116,335,67,172,249,73,121,110,150,46,60,19,15,28,96,25,17
red,PLA,379,115,338,67,171,251,74,121,109,150,46,61,19,15,28,96,25,17
red,PLA,372,113,331,68,171,250,74,122,109,150,46,61,19,15,28,96,26,17
red,PLA,367,112,327,72,175,249,74,122,109,151,46,62,19,15,28,96,26,17
red,PLA,372,111,322,72,169,248,74,122,110,151,46,61,19,15,28,96,26,17
red,PLA,376,113,329,68,171,246,74,122,110,150,46,61,19,15,28,96,26,17
red,PLA,377,114,330,69,172,248,74,123,110,155,46,60,19,15,28,96,26,17
red,PLA,381,115,335,70,173,250,74,123,110,158,46,60,19,15,28,96,26,17
red,PLA,379,113,331,70,172,249,75,124,110,159,46,60,19,15,28,96,25,17
red,PLA,379,113,327,70,170,245,75,124,110,158,46,60,19,15,28,96,25,17
red,PLA,379,112,327,71,170,246,74,123,110,156,46,60,19,15,28,96,25,17
red,PLA,375,113,327,71,170,247,74,122,111,153,46,61,19,15,28,96,26,17
red,PLA,370,112,328,69,171,246,73,120,111,144,46,62,19,15,28,96,26,17
red,PLA,367,113,326,70,173,250,74,121,111,147,46,62,19,15,28,96,26,17
red,PLA,378,113,330,70,171,247,74,123,110,159,46,60,19,15,28,96,26,17
red,PLA,384,113,328,70,170,246,75,125,110,168,46,59,19,15,28,95,26,17
red,PLA,391,114,329,71,169,243,75,126,110,179,46,58,19,15,28,96,25,17
red,PLA,393,115,333,71,170,243,75,126,110,175,46,59,19,15,28,95,25,17
red,PLA,394,112,319,71,166,242,75,124,110,161,46,59,19,15,28,95,25,17
red,PLA,376,112,322,70,168,243,74,120,111,145,46,62,19,15,28,95,26,17
red,PLA,375,112,320,69,167,243,73,120,112,136,46,62,19,15,28,95,26,17
red,PLA,367,112,321,67,169,245,74,120,112,139,46,63,19,15,28,95,26,17
red,PLA,374,112,326,69,170,246,75,123,111,157,46,61,19,15,28,95,26,17
red,PLA,383,114,328,73,171,246,75,125,111,170,46,59,19,15,28,95,26,17
red,PLA,393,115,329,74,174,246,77,129,111,188,46,59,19,15,28,95,25,17
red,PLA,398,116,332,74,173,246,76,128,111,181,46,59,19,15,28,95,25,17
red,PLA,389,115,329,76,175,247,76,125,113,163,46,61,19,15,28,95,26,17
red,PLA,387,114,329,73,174,248,74,122,112,153,46,62,19,15,28,95,26,17
red,PLA,387,114,328,69,168,244,75,123,113,154,46,61,19,15,28,95,26,17
red,PLA,384,113,326,69,167,243,75,125,111,167,46,59,19,15,28,95,25,17
red,PLA,389,115,333,72,173,248,76,127,111,176,46,59,19,15,28,95,25,17
red,PLA,397,118,340,75,176,251,77,128,111,177,46,59,19,15,28,95,25,17
red,PLA,392,118,340,76,180,252,76,127,112,170,46,60,19,15,28,95,26,17
red,PLA,383,116,335,78,179,254,76,127,112,166,46,61,19,15,28,95,26,17
red,PLA,385,116,335,78,181,254,76,127,113,169,46,61,19,15,28,95,26,17
red,PLA,392,115,331,76,177,247,76,128,113,172,46,60,19,15,28,95,26,17
red,PLA,401,117,335,76,176,250,76,127,113,175,46,59,19,15,28,95,26,17
red,PLA,403,116,332,71,170,246,76,125,113,159,46,60,19,15,28,94,25,17
red,PLA,391,114,330,70,170,246,75,123,113,153,46,61,19,15,28,95,26,17
red,PLA,382,110,320,69,166,241,76,125,113,157,46,61,19,15,28,94,26,17
red,PLA,374,112,322,72,171,247,76,127,112,167,46,61,19,15,28,95,26,17
red,PLA,379,111,320,76,171,242,77,128,110,178,46,59,19,15,28,96,26,17
red,PLA,388,113,325,76,172,244,76,128,110,175,46,60,19,15,28,96,26,17
red,PLA,377,111,321,71,166,240,74,122,110,149,46,61,19,15,28,96,26,17
red,PLA,368,109,316,67,162,240,73,118,110,132,46,62,19,15,28,96,26,17
red,PLA,372,109,314,66,159,237,73,120,110,139,46,62,19,15,28,96,25,17
red,PLA,368,107,313,65,158,237,74,122,110,151,46,61,19,15,28,96,25,17
red,PLA,373,110,322,69,166,241,75,124,110,155,46,61,19,15,28,96,25,17
red,PLA,376,109,316,72,165,239,75,124,111,146,46,61,19,15,28,96,26,17
red,PLA,366,106,310,68,158,236,74,121,111,140,46,62,19,15,28,96,26,17
red,PLA,373,107,312,69,159,234,76,125,111,155,46,61,19,15,28,96,26,17
red,PLA,374,110,314,74,162,240,77,129,111,174,46,60,19,15,28,95,26,17
red,PLA,383,110,315,76,167,238,77,129,112,174,46,60,19,15,28,95,26,17
red,PLA,381,110,317,72,167,237,76,125,111,169,46,60,19,15,28,95,26,17
red,PLA,380,109,316,69,161,235,75,124,111,156,46,60,19,15,28,96,25,17
red,PLA,378,110,318,71,162,240,77,127,111,158,46,61,19,15,28,95,26,17
red,PLA,380,110,319,74,168,240,77,128,113,163,46,61,19,15,28,95,26,17
red,PLA,380,112,320,75,169,243,76,126,112,163,46,61,19,15,28,95,26,17
red,PLA,375,110,319,74,166,242,76,125,113,156,46,62,19,15,28,95,26,17
red,PLA,372,111,320,72,167,244,76,125,112,154,46,62,19,15,28,95,26,17
red,PLA,366,109,318,70,168,243,76,124,111,149,46,62,19,15,28,96,26,17
red,PLA,358,107,316,68,166,241,74,120,110,136,47,63,19,15,28,96,26,17
red,PLA,351,107,315,66,161,241,73,119,110,132,47,63,19,15,28,97,26,17
red,PLA,354,107,313,66,161,241,74,121,109,137,47,62,19,15,28,97,25,17
red,PLA,357,107,315,68,163,241,75,123,109,151,47,62,19,15,28,97,25,17
red,PLA,361,107,313,70,164,241,75,123,110,148,47,62,19,15,28,96,26,17
red,PLA,354,108,318,71,167,243,74,121,109,141,47,62,19,15,28,97,26,17
red,PLA,362,108,315,71,165,242,75,122,110,143,47,62,19,15,28,96,26,17
red,PLA,362,107,315,65,162,237,74,119,110,140,47,62,19,15,28,97,26,17
red,PLA,359,105,308,65,156,236,74,119,109,132,47,62,19,15,28,97,25,17
red,PLA,353,105,308,64,158,235,74,120,109,134,47,62,19,15,28,97,25,16
red,PLA,350,104,307,66,158,237,75,121,109,136,47,62,19,15,28,97,25,17
red,PLA,352,106,309,69,161,240,75,122,109,140,47,62,19,15,28,97,26,17
red,PLA,352,105,311,69,163,239,74,120,109,137,47,62,19,15,28,97,26,17
red,PLA,352,106,311,68,161,240,74,120,109,135,47,62,19,15,28,97,26,17
red,PLA,354,106,311,65,159,238,74,120,109,134,47,62,19,15,28,97,25,17
red,PLA,354,105,309,66,158,235,74,120,109,136,47,62,19,15,28,97,25,17
red,PLA,355,104,305,65,156,233,74,120,109,137,47,62,19,15,28,97,25,17
red,PLA,354,104,307,66,158,234,74,120,109,138,47,62,19,15,28,97,25,17
red,PLA,356,106,310,66,159,238,74,120,109,138,47,62,19,15,28,97,25,17
red,PLA,352,106,312,66,161,238,73,119,109,132,47,62,19,15,28,97,25,17
red,PLA,351,107,313,66,163,242,73,118,109,127,47,63,19,15,28,97,26,16
red,PLA,350,107,314,66,162,242,72,117,109,123,47,63,19,15,28,97,26,16
red,PLA,348,107,313,66,162,243,73,118,109,124,47,63,19,15,28,97,26,17
red,PLA,350,107,315,67,164,242,74,121,109,141,47,62,19,15,28,97,26,17
red,PLA,360,107,316,68,162,241,75,123,109,157,47,60,19,15,28,97,25,17
red,PLA,367,107,317,68,161,238,75,123,108,158,47,59,19,15,28,97,25,17
red,PLA,362,106,313,67,158,236,74,122,108,149,47,60,19,15,28,97,25,17
red,PLA,353,106,314,66,160,240,73,117,108,141,47,62,19,15,28,97,25,16
red,PLA,343,104,306,64,157,239,72,114,108,112,47,63,19,15,28,97,25,16
red,PLA,337,103,302,61,157,240,71,112,108,106,47,64,19,15,28,97,25,16
red,PLA,337,102,300,60,152,233,71,113,108,110,47,63,19,15,28,97,26,16
red,PLA,339,102,301,61,152,233,72,117,108,124,47,63,19,15,28,97,25,16
red,PLA,349,104,301,65,156,234,74,121,107,146,47,61,19,15,27,97,25,17
red,PLA,359,104,305,66,156,232,74,122,107,155,47,60,19,15,28,97,25,17
red,PLA,361,107,313,69,160,236,74,123,107,155,47,60,19,15,27,97,25,17
red,PLA,359,107,315,69,162,240,74,121,107,143,47,61,19,15,27,97,25,17
red,PLA,343,102,306,63,157,233,72,115,108,121,47,63,19,15,28,97,26,16
red,PLA,341,103,301,61,154,235,71,114,108,115,47,63,19,15,28,97,26,16
red,PLA,351,103,303,62,153,232,72,118,107,135,47,61,19,15,28,97,25,16
red,PLA,358,104,306,62,152,231,73,120,107,145,47,60,19,15,28,97,25,17
red,PLA,359,104,307,64,155,233,73,121,107,147,47,60,19,15,27,97,25,17
red,PLA,356,106,311,65,158,235,74,121,107,143,47,61,19,15,27,97,25,17
red,PLA,350,106,314,66,161,239,73,119,107,132,47,62,19,15,27,97,26,17
red,PLA,344,106,315,68,164,242,73,118,108,125,47,63,19,15,28,97,26,16
red,PLA,342,109,315,69,164,252,72,118,108,132,47,63,19,15,28,97,26,16
red,PLA,349,111,331,70,171,253,73,123,108,141,47,62,19,15,28,97,26,17
red,PLA,356,109,323,68,164,245,73,120,108,145,47,61,19,15,28,97,25,17
red,PLA,355,111,330,66,165,247,72,118,107,133,47,61,19,15,28,97,25,16
red,PLA,348,103,302,60,151,231,71,113,108,112,47,63,19,15,28,97,25,16
red,PLA,342,103,303,60,152,234,71,114,108,111,47,63,19,15,28,97,25,16
red,PLA,343,105,310,62,157,239,72,118,108,129,47,62,19,15,28,97,25,16
red,PLA,348,105,308,66,157,239,74,121,108,149,47,61,19,15,27,97,25,17
red,PLA,358,107,314,70,162,240,75,124,107,162,47,60,19,15,28,97,26,17
red,PLA,360,109,319,72,167,242,75,125,107,164,47,60,19,15,28,97,25,17
red,PLA,361,109,320,72,166,242,74,122,107,151,47,61,19,15,27,97,25,17
red,PLA,352,105,308,66,157,238,71,114,108,117,47,62,19,15,27,97,25,16
red,PLA,350,103,301,62,151,236,71,114,108,117,47,62,19,15,28,97,25,16
red,PLA,347,103,301,61,152,234,73,117,108,127,47,62,19,15,28,97,25,16
red,PLA,351,104,305,64,156,234,73,119,108,136,47,62,19,15,28,97,25,17
red,PLA,354,106,310,67,159,237,73,119,108,137,47,62,19,15,28,97,25,17
red,PLA,352,105,309,65,159,236,73,118,107,132,47,62,19,15,28,97,25,16
red,PLA,350,104,306,63,153,234,72,116,108,124,47,62,19,15,28,97,25,16
red,PLA,352,104,305,63,154,233,73,118,108,130,47,62,19,15,27,97,25,17
red,PLA,354,105,307,65,157,237,73,120,108,136,47,62,19,15,28,97,25,17
red,PLA,354,105,309,68,158,236,74,122,107,148,47,61,19,15,28,97,26,17
red,PLA,359,106,311,68,161,237,74,122,107,149,47,61,19,15,28,97,26,17
red,PLA,358,107,313,68,160,237,73,120,108,140,47,62,19,15,28,97,26,17
red,PLA,359,105,310,65,157,234,73,119,108,135,47,61,19,15,28,97,26,17
red,PLA,352,105,308,63,155,234,73,118,108,132,47,62,19,15,28,97,25,16
red,PLA,352,105,309,64,156,236,73,119,107,135,47,62,19,15,28,97,25,17
red,PLA,354,106,311,66,159,238,73,120,107,140,47,62,19,15,27,97,25,17
red,PLA,349,105,309,67,159,237,73,120,108,138,47,62,19,15,28,97,25,17
red,PLA,352,105,310,66,159,237,73,118,108,133,47,62,19,15,28,97,26,16
red,PLA,349,104,308,65,158,236,72,117,108,129,47,62,19,15,28,97,26,16
red,PLA,351,106,311,65,158,238,73,118,108,129,47,62,19,15,28,97,26,16
red,PLA,351,104,307,65,156,234,73,119,108,132,47,62,19,15,28,97,26,17
red,PLA,349,104,306,65,157,236,73,118,108,131,47,62,19,15,28,97,26,17
red,PLA,351,105,307,64,156,236,73,117,108,126,47,62,19,15,28,97,25,16
red,PLA,351,106,309,64,156,236,73,119,109,131,47,62,19,15,28,97,25,17
red,PLA,363,108,315,68,160,239,74,123,109,147,47,61,19,15,28,96,26,17
red,PLA,368,109,320,70,164,241,75,124,109,158,47,61,19,15,28,96,26,17
red,PLA,369,110,322,71,168,243,75,125,109,162,46,61,19,15,28,96,26,17
red,PLA,366,109,317,71,165,240,75,123,109,150,46,61,19,15,28,96,26,17
red,PLA,358,107,312,70,159,240,72,118,108,136,47,61,19,15,27,97,26,17
red,PLA,363,107,312,64,157,235,72,117,107,133,47,61,19,15,27,97,25,16
red,PLA,362,106,311,63,154,234,72,118,107,132,47,61,19,15,27,97,25,17
red,PLA,361,106,311,62,154,234,73,118,108,133,47,61,19,15,27,97,25,16
red,PLA,359,106,309,63,154,235,72,119,108,135,47,61,19,15,27,97,25,16
red,PLA,357,106,311,65,158,236,72,119,107,138,47,62,19,15,27,97,26,17
red,PLA,355,107,315,67,162,238,72,120,107,144,47,61,19,15,28,97,26,17
red,PLA,355,107,313,67,162,239,72,120,107,146,47,61,19,15,27,97,26,17
red,PLA,364,111,327,67,165,245,72,120,107,144,47,61,19,15,27,97,26,17
red,PLA,365,112,327,67,167,246,72,119,107,144,47,61,19,15,27,97,26,17
red,PLA,365,112,328,65,166,246,72,119,108,141,47,61,19,15,28,97,25,17
red,PLA,366,109,328,61,164,242,71,116,107,138,47,60,19,15,27,97,25,16
red,PLA,364,109,323,62,161,241,72,119,107,137,47,62,19,15,28,97,25,17
red,PLA,354,109,320,64,164,245,72,116,109,123,47,64,19,15,28,97,26,16
red,PLA,363,109,318,68,164,242,73,120,109,145,47,61,19,15,28,96,26,17
red,PLA,354,108,318,67,164,243,73,121,108,142,47,61,19,15,27,97,25,17
red,PLA,353,106,317,65,163,239,74,121,107,143,47,61,19,15,27,97,25,17
red,PLA,364,109,321,64,161,240,72,119,107,142,47,61,19,15,27,97,25,17
red,PLA,366,107,308,62,154,234,72,120,107,146,47,60,19,15,27,97,26,17
red,PLA,357,110,326,65,165,242,72,120,106,148,47,58,19,15,27,97,26,17
red,PLA,358,110,322,67,164,242,72,120,106,147,47,59,19,15,27,97,26,17
red,PLA,351,109,318,69,164,242,73,121,106,148,47,59,19,15,27,97,27,17
red,PLA,356,107,315,67,164,238,73,121,106,151,47,59,19,15,27,97,26,17
red,PLA,361,108,317,64,162,239,73,121,106,154,47,58,19,15,27,97,26,17
red,PLA,358,104,303,59,151,230,71,118,107,140,47,58,19,15,27,97,26,17
red,PLA,352,105,304,60,152,232,71,116,107,136,47,59,19,15,27,97,26,17
red,PLA,367,109,314,64,158,239,71,118,107,138,47,59,19,15,28,97,26,17
red,PLA,369,110,317,66,164,240,72,121,107,151,47,58,19,15,27,97,26,17
red,PLA,363,109,317,66,163,238,73,122,107,158,47,58,19,15,27,97,26,17
red,PLA,370,111,324,66,164,244,72,121,107,157,47,58,19,15,27,97,26,17
red,PLA,371,111,320,66,164,242,72,121,107,155,47,58,19,15,27,97,26,17
red,PLA,366,110,320,67,165,244,72,121,107,156,47,58,19,15,27,97,26,17
red,PLA,358,108,322,66,165,242,73,122,107,158,47,58,19,15,28,97,26,17
red,PLA,365,109,317,63,160,240,72,120,107,151,47,58,19,15,27,97,26,17
red,PLA,364,109,319,63,160,239,72,119,107,148,47,59,19,15,27,97,26,17
red,PLA,360,109,319,65,162,239,71,119,107,148,47,59,19,15,27,97,26,17
red,PLA,359,110,318,69,165,244,72,121,108,149,47,59,19,15,28,97,26,17
red,PLA,357,106,311,64,161,237,73,121,108,153,47,59,19,15,28,97,26,17
red,PLA,351,103,302,59,152,229,72,118,108,142,47,59,19,15,28,97,26,17
red,PLA,353,108,318,62,160,241,71,117,107,136,47,59,19,15,27,97,26,17
red,PLA,357,109,321,65,163,243,72,120,107,147,47,59,19,15,27,97,26,17
red,PLA,359,112,328,67,170,249,72,121,106,153,47,59,19,15,27,97,26,17
red,PLA,358,112,332,66,169,250,72,121,107,153,47,59,19,15,27,97,26,17
red,PLA,356,109,321,64,163,244,72,121,107,150,47,58,19,15,27,97,26,17
red,PLA,367,112,325,66,166,245,72,120,107,150,47,58,19,15,28,97,26,17
red,PLA,371,114,331,71,172,250,73,123,107,158,47,58,19,15,27,97,26,17
red,PLA,369,112,327,70,170,246,74,125,108,171,47,58,19,15,28,97,26,17
red,PLA,369,113,330,66,170,249,74,123,108,161,46,58,19,15,28,97,26,17
red,PLA,346,109,323,57,163,246,71,115,108,129,47,60,19,15,28,97,26,17
red,PLA,356,111,317,59,159,246,71,115,108,124,47,60,19,15,28,97,26,17
red,PLA,368,113,329,65,169,248,71,118,108,134,47,59,19,15,28,97,26,17
red,PLA,374,117,340,70,175,253,73,123,108,159,46,58,19,15,27,96,26,17
red,PLA,383,117,340,72,177,253,74,127,108,178,46,57,19,15,28,96,26,17
red,PLA,354,112,330,70,173,251,73,123,108,161,47,59,19,15,27,97,26,17
red,PLA,357,110,323,65,167,246,72,120,108,144,47,59,19,15,27,97,26,17
red,PLA,374,110,324,63,163,243,73,122,108,153,47,58,19,15,28,97,25,17
red,PLA,382,115,334,64,169,250,74,123,109,161,47,58,19,15,28,96,25,17
red,PLA,368,113,329,66,170,249,73,122,110,152,47,59,19,15,28,96,26,17
red,PLA,357,114,335,68,175,254,72,120,109,142,47,60,19,15,28,97,27,17
red,PLA,355,111,330,69,173,249,73,121,108,147,47,60,19,15,28,96,26,17
red,PLA,372,115,335,71,175,250,75,125,108,166,47,58,19,15,28,96,26,17
red,PLA,372,112,329,70,170,248,74,125,108,170,47,57,19,15,28,96,25,17
red,PLA,361,111,326,66,167,248,73,122,108,154,47,58,19,15,28,97,26,17
red,PLA,352,108,315,61,163,241,72,119,109,134,47,60,19,15,28,97,26,17
red,PLA,351,110,323,61,167,244,71,116,109,123,47,60,19,15,28,97,26,17
red,PLA,354,116,342,65,174,251,72,119,109,135,47,60,19,15,28,97,26,17
red,PLA,377,118,344,73,179,256,74,125,108,170,47,57,19,15,28,97,25,17
red,PLA,378,117,342,73,176,256,75,127,108,179,47,57,19,15,28,96,25,17
red,PLA,364,115,340,70,177,255,74,124,109,165,46,57,19,15,28,96,26,17
red,PLA,347,109,319,65,167,247,72,119,110,136,47,60,19,15,28,96,27,17
red,PLA,346,109,319,65,167,246,72,118,110,128,47,61,19,15,28,97,26,17
red,PLA,356,107,316,64,161,240,72,119,109,132,47,60,19,15,28,96,26,17
red,PLA,363,107,313,65,161,238,73,121,109,142,46,59,19,15,28,96,26,17
red,PLA,368,110,321,67,164,243,74,124,108,158,47,58,19,15,28,96,25,17
red,PLA,370,111,324,68,167,242,75,125,109,164,47,58,19,15,28,96,25,17
red,PLA,367,112,327,69,169,244,74,124,109,159,47,59,19,15,28,96,26,17
red,PLA,365,108,314,66,162,242,74,123,109,153,47,59,19,15,28,96,26,17
red,PLA,363,108,311,66,162,239,73,122,109,149,47,59,19,15,28,96,26,17
red,PLA,361,108,313,66,163,239,74,123,110,152,47,59,19,15,28,96,26,17
red,PLA,362,108,313,67,164,237,74,123,110,154,47,59,19,15,28,96,26,17
red,PLA,363,109,316,69,167,242,75,124,111,155,47,59,19,15,28,96,26,17
red,PLA,361,109,315,68,166,240,75,124,110,157,46,59,19,15,28,96,26,17
red,PLA,361,109,317,68,166,242,75,124,110,154,47,59,19,15,28,96,26,17
red,PLA,373,109,316,68,165,240,75,125,111,157,46,59,19,15,28,96,26,17
red,PLA,372,109,316,66,162,241,74,123,111,155,47,59,19,15,28,96,25,17
red,PLA,363,109,320,65,161,241,73,122,109,151,46,58,19,15,28,96,26,17
red,PLA,367,112,326,65,169,242,74,123,110,155,46,59,19,15,28,96,26,17
red,PLA,364,111,324,72,168,248,74,124,110,155,47,59,19,15,28,96,26,17
red,PLA,353,108,321,68,168,243,74,123,109,155,47,59,19,15,28,97,26,17
red,PLA,354,109,323,69,168,247,74,123,109,152,47,59,19,15,28,97,26,17
red,PLA,363,109,319,63,162,242,73,121,108,147,47,59,19,15,28,97,25,17
red,PLA,352,104,299,62,152,230,72,118,109,132,47,59,19,15,28,97,26,17
red,PLA,353,105,302,62,155,233,72,118,108,134,47,60,19,15,28,97,26,17
red,PLA,355,106,309,67,162,239,73,121,109,144,47,59,19,15,28,97,26,17
red,PLA,357,106,313,66,164,238,73,122,108,152,47,59,19,15,28,97,26,17
red,PLA,360,107,312,64,160,238,73,121,108,150,47,59,19,15,28,97,26,17
red,PLA,361,108,313,66,161,240,73,122,108,154,47,58,19,15,28,97,25,17
red,PLA,359,108,318,65,164,243,73,122,108,152,47,58,19,15,28,97,25,17
red,PLA,354,111,328,66,168,249,73,121,108,149,47,59,19,15,28,97,26,17
red,PLA,355,112,330,67,171,251,73,120,108,146,47,59,19,15,28,97,26,17
red,PLA,350,107,320,68,168,242,73,122,109,146,47,59,19,15,28,97,26,17
red,PLA,351,107,315,67,163,241,73,122,109,145,47,59,19,15,28,97,26,17
red,PLA,349,110,324,62,165,249,72,118,108,135,47,59,19,15,28,97,26,17
red,PLA,349,103,298,61,150,233,72,117,107,129,47,59,19,15,27,97,25,17
red,PLA,350,109,323,62,166,237,73,120,107,144,47,59,19,15,27,97,26,17
red,PLA,356,109,320,68,165,245,74,123,107,156,47,58,19,15,27,97,26,17
red,PLA,351,107,317,64,160,240,73,121,107,148,47,58,19,15,28,97,26,17
red,PLA,349,104,314,62,154,231,72,119,107,140,47,59,19,15,28,97,26,17
red,PLA,357,108,309,68,157,240,73,122,106,140,47,59,19,15,28,97,26,17
red,PLA,352,104,307,65,156,232,74,124,106,160,47,58,19,15,27,97,25,17
red,PLA,343,102,301,57,147,229,71,115,107,123,47,60,19,15,27,97,25,16
red,PLA,359,106,311,63,156,234,73,119,107,138,47,59,19,15,27,97,26,17
red,PLA,352,105,308,68,160,235,75,124,107,157,47,59,19,15,27,97,26,17
red,PLA,357,105,306,64,156,235,74,122,107,144,47,58,19,15,27,97,25,17
red,PLA,350,105,311,63,156,236,73,119,108,138,47,59,19,15,28,97,26,17
red,PLA,371,110,320,71,165,241,75,127,108,155,46,58,19,15,27,96,26,17
red,PLA,355,106,312,65,160,236,75,123,109,157,47,59,19,15,28,96,26,17
red,PLA,352,105,313,66,160,238,74,120,109,136,47,60,19,15,28,97,26,17
red,PLA,378,109,316,70,163,237,76,128,109,169,46,57,19,15,28,96,25,17
red,PLA,365,109,320,71,164,241,75,127,109,171,46,58,19,15,28,96,26,17
red,PLA,347,104,304,64,156,236,72,118,108,128,47,59,19,15,27,97,26,17
red,PLA,362,106,312,64,156,235,74,122,107,145,47,59,19,15,27,97,25,17
red,PLA,367,108,319,66,160,238,74,125,107,163,47,57,19,15,27,96,25,17
red,PLA,359,108,320,68,163,241,74,123,108,153,47,58,19,15,28,97,26,17
red,PLA,362,108,318,67,162,240,74,123,109,149,47,59,19,15,28,96,26,17
red,PLA,356,107,314,68,162,239,75,124,108,151,47,59,19,15,28,96,26,17
red,PLA,358,107,317,66,160,240,75,124,107,151,47,59,19,15,28,97,26,17
red,PLA,364,109,319,66,158,240,74,123,108,151,47,58,19,15,27,97,26,17
red,PLA,356,108,317,69,161,241,74,123,107,150,47,59,19,15,27,97,26,17
red,PLA,361,108,317,70,163,239,76,126,108,161,47,59,19,15,27,96,26,17
red,PLA,361,104,304,64,154,230,75,124,109,153,46,59,19,15,28,96,26,17
red,PLA,356,105,307,65,156,234,74,122,109,142,47,60,19,15,28,96,26,17
red,PLA,367,107,312,69,160,235,75,125,108,158,46,59,19,15,27,96,26,17
red,PLA,364,107,316,67,161,238,75,126,108,162,46,58,19,15,28,96,26,17
red,PLA,367,109,320,70,164,240,76,126,109,164,46,58,19,15,28,96,26,17
red,PLA,363,109,318,67,161,239,75,124,108,159,47,58,19,15,27,96,26,17
red,PLA,363,106,306,68,160,237,75,124,109,156,46,59,19,15,28,96,26,17
red,PLA,357,105,307,63,153,233,74,121,109,142,47,59,19,15,28,96,26,17
red,PLA,358,104,298,64,153,229,74,121,109,141,47,59,19,15,28,97,26,17
red,PLA,363,107,315,68,160,239,75,125,108,163,47,58,19,15,28,97,25,17
red,PLA,359,107,311,67,159,237,74,123,109,145,47,59,19,15,28,97,26,17
red,PLA,359,108,315,73,166,240,76,128,109,163,47,59,19,15,28,96,26,17
red,PLA,352,105,309,62,155,236,73,119,109,129,46,60,19,15,28,96,26,17
red,PLA,371,109,317,67,161,239,74,122,109,144,47,59,19,15,28,96,26,17
red,PLA,370,110,320,73,166,241,76,127,109,169,46,58,19,15,28,96,26,17
red,PLA,353,105,304,67,159,234,75,124,109,148,47,60,19,15,28,96,26,17
red,PLA,370,108,316,67,160,238,76,125,110,161,46,58,19,15,28,96,25,17
red,PLA,357,106,308,67,159,234,74,122,109,147,47,60,19,15,28,96,26,17
red,PLA,365,108,316,70,164,239,75,125,109,155,47,59,19,15,28,96,26,17
red,PLA,369,108,315,68,160,237,76,127,109,167,47,58,19,15,28,96,25,17
red,PLA,353,104,301,64,156,233,75,123,111,142,47,60,19,15,28,96,26,17
red,PLA,346,105,309,64,158,236,73,119,109,128,47,61,19,15,28,97,26,17
red,PLA,366,108,317,66,159,236,75,125,108,161,47,58,19,15,27,97,25,17
red,PLA,347,105,312,66,160,238,74,124,108,155,47,59,19,15,28,97,26,17
red,PLA,333,101,299,62,156,236,72,116,109,118,47,61,19,15,28,97,26,17
red,PLA,356,104,306,65,157,235,75,123,109,145,47,59,19,15,28,97,26,17
red,PLA,357,107,315,69,165,242,75,124,110,156,47,59,19,15,28,97,26,17
red,PLA,351,106,311,65,160,241,73,120,108,143,47,59,19,15,28,97,26,17
red,PLA,349,108,316,67,164,243,73,120,108,142,47,59,19,15,27,97,26,17
red,PLA,355,111,325,66,168,248,74,122,108,148,47,59,19,15,28,97,26,17
red,PLA,354,109,318,65,164,242,73,121,108,150,47,58,19,15,28,97,26,17
red,PLA,353,110,323,67,169,242,73,121,108,145,47,59,19,15,28,97,26,17
red,PLA,357,107,313,64,161,238,74,122,109,152,47,58,19,15,28,97,25,17
red,PLA,341,105,310,65,163,243,73,117,110,125,47,61,19,15,28,97,26,17
red,PLA,344,105,309,67,164,240,74,122,110,145,47,60,19,15,28,97,26,17
red,PLA,343,106,315,66,164,243,74,121,109,145,47,60,19,15,28,97,26,17
red,PLA,358,112,330,69,172,251,74,123,109,156,47,59,19,15,28,97,26,17
red,PLA,355,112,329,67,172,249,74,122,109,150,47,59,19,15,28,97,26,17
red,PLA,361,112,322,70,170,248,74,122,109,146,47,60,19,15,28,97,27,17
red,PLA,365,109,316,65,164,240,74,123,108,153,47,59,19,15,28,96,26,17
red,PLA,369,109,313,63,160,242,73,120,109,143,47,60,19,15,28,96,26,17
red,PLA,381,110,315,69,165,239,74,124,108,161,47,59,19,15,28,96,26,17
red,PLA,372,113,330,68,169,248,75,125,108,169,47,58,19,15,27,96,26,17
red,PLA,364,114,329,70,172,253,74,123,108,153,47,59,19,15,28,97,26,17
red,PLA,358,110,327,69,171,246,74,125,108,167,47,59,19,15,28,97,26,17
red,PLA,355,108,317,61,162,244,73,119,109,133,47,60,19,15,28,96,25,17
red,PLA,368,113,331,66,169,248,73,121,108,151,47,58,19,15,28,97,26,17
red,PLA,357,107,309,69,163,236,74,124,109,158,47,59,19,15,28,97,27,17
red,PLA,360,111,316,69,167,246,74,123,109,150,47,59,19,15,28,97,26,17
red,PLA,360,105,307,63,156,234,73,122,109,155,47,58,19,15,28,97,26,17
red,PLA,351,106,311,65,160,238,74,121,110,139,47,60,19,15,28,96,26,17
red,PLA,372,111,322,71,167,241,76,126,109,168,46,58,19,15,28,96,26,17
red,PLA,357,107,310,65,162,237,75,123,110,147,46,60,19,15,28,96,26,17
red,PLA,369,111,321,68,165,243,74,122,110,144,46,59,19,15,28,96,26,17
red,PLA,389,113,331,72,169,247,76,128,110,173,47,57,19,15,28,96,25,17
red,PLA,357,111,323,71,171,248,75,126,110,163,47,59,19,15,28,96,27,17
red,PLA,363,109,314,64,163,241,74,121,111,138,47,60,19,15,28,96,26,17
red,PLA,376,111,323,68,167,245,75,124,109,157,46,59,19,15,28,96,26,17
red,PLA,365,112,330,71,171,250,75,126,111,167,46,58,19,15,28,96,26,17
red,PLA,366,112,328,69,172,249,75,125,111,159,46,59,19,15,28,96,26,17
red,PLA,366,110,320,70,169,245,75,125,112,150,47,60,19,15,28,96,26,17
red,PLA,372,110,320,69,168,244,75,125,111,157,47,59,19,15,28,96,26,17
red,PLA,372,110,321,67,167,244,75,124,110,159,46,58,19,15,28,96,26,17
red,PLA,365,113,331,71,173,250,75,125,110,159,46,59,19,15,28,96,26,17
red,PLA,370,110,321,69,167,244,75,125,109,157,46,58,19,15,28,96,26,17
red,PLA,378,110,319,67,165,241,75,125,110,166,46,58,19,15,28,96,25,17
red,PLA,357,113,330,66,173,253,73,119,110,136,47,60,19,15,28,96,26,17
red,PLA,367,116,343,74,180,258,75,125,109,166,47,58,19,15,28,96,26,17
red,PLA,365,110,323,69,166,243,75,125,110,165,46,58,19,15,28,96,26,17
red,PLA,369,109,316,69,163,238,75,125,109,160,46,58,19,15,28,96,26,17
red,PLA,362,107,314,68,162,237,75,125,109,160,47,59,19,15,28,96,26,17
red,PLA,363,109,321,72,167,244,76,126,111,157,47,59,19,15,28,96,26,17
red,PLA,364,108,314,66,160,239,76,124,111,150,46,59,19,15,28,96,26,17
red,PLA,361,107,312,67,161,235,75,123,110,147,46,60,19,15,28,96,26,17
red,PLA,365,106,311,70,160,235,77,129,110,166,47,58,19,15,28,96,26,17
red,PLA,365,110,316,70,165,240,76,125,110,154,46,59,19,15,28,96,26,17
