1708,700,1902,690,1158,1287,546,576,124,244,50,95,20,16,29,99,42,28
1783,709,1891,707,1157,1265,537,590,124,279,50,93,20,16,29,99,41,28
1876,720,1897,723,1162,1259,523,599,124,306,50,90,20,16,29,99,41,29
1890,728,1922,725,1179,1269,521,603,123,314,50,90,20,16,29,99,41,29
1788,725,1950,727,1197,1328,533,600,124,304,50,93,20,16,29,99,42,29
1689,715,1966,717,1206,1346,539,595,124,288,50,94,20,16,29,99,43,29
1623,707,1965,703,1202,1352,544,593,124,284,50,95,20,16,29,99,43,28
1576,699,1951,690,1189,1348,550,590,124,270,50,97,20,16,29,99,43,28
1598,698,1944,690,1185,1335,549,590,124,269,50,96,20,16,29,99,43,28
1629,697,1917,688,1167,1324,546,588,124,270,50,95,20,16,29,99,42,28
1692,695,1885,687,1150,1280,541,589,124,278,50,94,20,16,29,99,42,28
1715,693,1864,689,1139,1255,536,588,123,281,50,93,20,16,29,99,41,28
1770,698,1863,693,1137,1243,530,589,123,284,50,92,20,16,29,99,41,28
1806,707,1872,700,1143,1245,525,589,123,293,50,91,20,16,29,98,41,28
1858,715,1878,708,1149,1246,522,591,123,300,50,91,20,16,29,98,41,28
1879,721,1891,716,1157,1253,521,592,123,301,50,90,20,16,29,98,41,29
1879,724,1904,716,1169,1256,519,592,123,303,50,90,20,16,29,98,41,29
1824,722,1927,722,1182,1294,524,595,123,302,50,91,20,16,29,98,41,29
1715,709,1929,709,1181,1311,533,593,123,294,50,93,20,16,29,99,42,29
1628,697,1923,697,1171,1315,541,591,124,281,50,94,20,16,29,99,42,28
1613,692,1911,691,1163,1307,543,586,123,270,50,95,20,16,29,99,42,28
1637,694,1910,686,1162,1301,542,583,123,269,50,95,20,16,29,99,42,28
1611,691,1910,682,1159,1306,542,583,123,268,50,95,20,16,29,99,42,28
1580,687,1912,681,1157,1308,542,582,123,267,50,95,20,16,29,99,42,28
1539,681,1911,671,1157,1315,540,582,123,268,50,95,20,16,29,99,42,28
1498,678,1914,664,1155,1322,542,580,124,264,50,95,20,16,29,99,42,28
1499,682,1923,664,1159,1328,544,576,123,258,50,96,20,16,29,99,42,28
1555,686,1918,672,1157,1315,544,573,123,252,50,96,20,16,29,99,42,28
1626,695,1914,681,1158,1301,542,577,122,259,50,95,20,16,29,99,42,28
1713,705,1909,694,1158,1288,538,581,122,271,50,94,20,16,29,99,42,28
1802,716,1909,708,1164,1277,529,586,121,286,50,92,20,16,29,99,41,28
1775,715,1924,706,1168,1291,523,583,120,284,50,91,20,16,29,99,42,28
1693,709,1945,706,1176,1297,526,584,120,286,50,92,20,16,29,99,42,28
1601,701,1953,689,1179,1336,531,579,120,278,50,93,20,16,29,99,42,28
1562,697,1951,681,1178,1342,536,576,121,264,50,94,20,16,29,99,43,28
1569,696,1946,681,1176,1340,543,577,122,258,50,95,20,16,29,99,43,28
1634,697,1915,682,1165,1303,539,579,122,265,50,94,20,16,29,99,43,28
1719,705,1905,697,1159,1283,535,583,122,273,50,94,20,16,29,99,42,28
1860,715,1893,711,1154,1241,523,588,120,280,50,91,20,16,29,98,41,28
1818,702,1856,703,1130,1234,516,587,120,300,50,90,20,16,29,98,41,28
1690,689,1871,691,1128,1240,520,585,120,293,50,90,20,16,29,98,41,28
1611,685,1885,669,1132,1281,526,579,121,280,50,92,20,16,29,98,41,28
1567,688,1909,667,1144,1310,533,572,122,270,50,93,20,16,29,99,42,28
1561,694,1940,677,1166,1334,537,568,122,252,50,95,20,16,29,99,43,28
1587,697,1943,687,1171,1335,538,572,122,252,50,95,20,16,29,99,43,28
1628,701,1941,695,1179,1328,539,580,121,267,50,95,20,16,29,99,43,28
1630,702,1941,695,1178,1327,539,584,121,273,50,95,20,16,29,99,43,28
1613,699,1939,687,1171,1326,536,580,121,271,50,94,20,16,29,99,43,28
1608,697,1936,683,1166,1321,534,575,120,266,50,94,20,16,29,99,42,28
1674,701,1915,693,1163,1302,534,578,121,270,50,94,20,16,29,99,42,28
1663,689,1877,686,1141,1272,533,581,121,276,50,93,20,16,29,99,42,28
1650,685,1869,681,1130,1267,531,582,120,279,50,93,20,16,29,98,42,28
1627,681,1867,672,1124,1261,532,582,120,278,50,93,20,16,29,99,41,28
1597,680,1880,665,1125,1271,529,575,120,269,50,92,20,16,29,99,41,28
1585,682,1891,667,1135,1285,528,571,121,264,50,93,20,16,29,99,42,28
1572,688,1914,668,1153,1308,529,568,121,259,50,93,20,16,29,99,42,28
1599,692,1915,675,1159,1307,532,572,121,262,50,94,20,16,29,99,42,28
1635,696,1911,683,1159,1306,534,575,121,266,50,94,20,16,29,99,42,28
1689,698,1894,692,1155,1288,533,579,121,273,50,93,20,16,29,99,42,28
1756,703,1879,698,1146,1259,529,583,121,282,50,92,20,16,29,98,42,28
1788,705,1873,698,1140,1248,524,584,120,287,50,91,20,16,29,98,41,28
1809,705,1870,698,1136,1241,520,584,120,292,50,90,20,16,29,98,41,28
1748,700,1883,692,1138,1257,518,582,120,290,50,90,20,16,29,98,41,28
1602,693,1900,680,1145,1316,526,579,122,285,50,92,20,16,29,99,42,28
1514,687,1944,674,1166,1338,529,573,121,267,50,93,20,16,29,99,42,28
1465,684,1948,666,1170,1347,536,567,121,252,50,94,20,16,29,99,43,28
1472,684,1944,664,1170,1348,541,567,121,245,50,96,20,16,29,99,43,27
1528,686,1925,666,1162,1339,542,567,121,244,50,96,20,16,29,99,43,27
1649,698,1921,685,1158,1299,534,575,120,266,50,93,20,16,29,99,42,28
1700,701,1906,687,1153,1293,525,577,120,277,50,93,20,16,29,99,42,28
1694,699,1903,691,1150,1284,523,578,120,278,50,92,20,16,29,99,42,28
1647,696,1906,683,1152,1295,528,576,119,273,50,92,20,16,29,99,42,28
1624,695,1912,680,1153,1301,529,575,120,270,50,93,20,16,29,99,42,28
1614,692,1912,677,1148,1299,531,573,120,267,50,93,20,16,29,99,42,28
1614,694,1918,673,1151,1299,528,570,120,265,50,93,20,16,29,99,42,28
1618,692,1906,677,1150,1298,529,571,120,265,50,93,20,16,29,99,42,28
1611,688,1902,677,1148,1291,530,573,119,266,50,93,20,16,29,99,42,28
1622,688,1896,675,1137,1287,528,572,119,268,50,93,20,16,29,99,42,28
1629,689,1896,673,1137,1283,526,571,119,266,50,92,20,16,29,99,42,28
1612,686,1895,670,1135,1285,524,569,119,266,50,92,20,16,29,99,42,28
1538,680,1905,662,1137,1301,528,568,119,262,50,93,20,16,29,99,42,28
1496,676,1910,656,1139,1313,530,567,120,259,50,93,20,16,29,99,42,28
1470,677,1927,655,1146,1327,532,566,120,253,50,94,20,16,29,99,42,27
1501,688,1943,661,1163,1336,535,564,120,248,50,94,20,16,29,99,43,27
1673,705,1932,692,1166,1308,532,569,119,253,50,94,20,16,29,99,43,28
1812,717,1902,700,1161,1291,527,577,118,276,50,93,20,15,29,99,42,28
1872,714,1896,709,1139,1235,517,582,118,293,50,90,20,16,29,99,41,28
1876,707,1848,707,1123,1229,508,582,118,301,50,88,20,16,29,99,41,28
1887,708,1844,701,1117,1206,500,584,118,308,50,87,20,16,29,99,40,29
1786,699,1858,689,1119,1238,505,581,118,301,50,88,20,16,29,99,40,28
1592,686,1917,670,1137,1292,516,575,119,284,50,90,20,16,29,99,41,28
1266,658,1970,649,1157,1341,533,562,120,245,51,92,20,16,29,99,43,27
1148,643,1966,621,1158,1392,538,549,121,221,51,97,20,16,29,99,43,27
1154,643,1951,599,1157,1396,541,547,121,214,51,98,20,16,29,99,44,27
1256,653,1925,601,1144,1387,547,549,121,207,50,99,20,16,29,99,44,27
1431,670,1921,644,1140,1318,548,556,120,217,50,98,20,16,29,99,43,27
1656,688,1867,649,1131,1310,539,564,120,241,50,94,20,16,29,99,43,27
1884,706,1840,695,1118,1195,519,579,118,271,50,90,20,16,29,99,41,28
1958,710,1816,704,1107,1173,502,584,118,298,50,87,20,15,29,98,40,28
1964,711,1812,708,1102,1182,487,585,118,310,50,84,20,16,29,98,39,29
1717,701,1890,689,1136,1281,501,581,119,306,50,88,20,15,29,98,41,28
1262,655,1953,651,1156,1350,537,562,121,241,50,93,20,16,29,99,43,27
1208,647,1932,611,1145,1372,539,552,121,222,51,97,20,16,29,99,43,27
1350,665,1925,634,1149,1346,542,553,121,220,50,97,20,16,29,99,44,27
1690,702,1917,690,1154,1292,540,571,120,235,50,95,20,16,29,99,43,28
1788,714,1914,704,1161,1281,519,581,119,289,50,91,20,16,29,99,42,28
1740,707,1917,705,1162,1286,515,583,119,295,50,90,20,16,29,98,42,28
1669,702,1926,696,1165,1306,524,583,120,285,50,92,20,16,29,98,42,28
1586,691,1925,681,1158,1312,534,576,120,267,50,94,20,16,29,99,43,28
1574,686,1907,676,1149,1305,536,574,120,260,50,94,20,16,29,99,43,28
1593,682,1881,669,1132,1279,533,575,120,265,50,93,20,16,29,98,42,28
1676,688,1864,675,1127,1259,525,575,120,275,50,92,20,16,29,98,42,28
1771,698,1857,683,1124,1242,519,578,119,284,50,91,20,16,29,98,41,28
1820,714,1899,694,1148,1249,517,580,119,290,50,91,20,16,29,98,41,28
1801,714,1907,704,1157,1269,512,580,119,292,50,89,20,16,29,98,42,28
1739,710,1921,707,1165,1284,517,581,120,291,50,91,20,16,29,98,42,28
1635,700,1931,703,1168,1313,527,580,120,279,50,93,20,16,29,98,43,28
1586,693,1925,691,1161,1317,533,579,120,270,50,94,20,16,29,98,43,28
1569,691,1924,677,1160,1316,536,574,121,265,50,94,20,16,29,98,43,28
1596,692,1915,679,1155,1307,531,570,120,261,50,94,20,16,29,98,43,28
1617,691,1906,680,1149,1294,533,574,120,265,50,93,20,16,29,98,43,28
1563,683,1904,667,1147,1298,532,574,120,267,50,93,20,16,29,98,42,28
1512,678,1909,663,1143,1308,531,540,120,261,50,93,20,16,29,98,42,28
1535,683,1907,663,1144,1307,530,567,120,256,50,94,20,16,29,98,42,28
1580,685,1894,667,1139,1292,532,566,120,254,50,94,20,16,29,98,42,27
1692,699,1899,686,1146,1277,527,571,119,266,50,92,20,16,29,98,42,28
1791,710,1897,692,1147,1268,517,576,119,285,50,90,20,16,29,98,42,28
1759,711,1916,701,1154,1284,516,579,119,286,50,90,20,16,29,98,42,28
1662,701,1929,692,1161,1306,519,576,119,281,50,91,20,16,29,98,42,28
1563,691,1932,680,1163,1325,525,572,120,271,50,92,20,16,29,98,43,28
1538,688,1932,674,1161,1324,533,571,120,259,50,94,20,16,29,98,43,28
1572,686,1901,674,1149,1312,534,568,120,256,50,94,20,16,29,98,43,28
1607,683,1875,674,1134,1293,530,570,120,262,50,93,20,16,29,98,42,28
1743,691,1850,680,1118,1232,521,576,119,272,50,91,20,16,29,98,42,28
1825,699,1840,687,1114,1216,513,577,119,284,50,89,20,16,29,98,41,28
1861,702,1840,692,1116,1212,508,576,118,290,50,88,20,16,29,98,41,28
1827,701,1847,694,1120,1228,507,579,119,292,50,88,20,16,29,98,41,28
1661,692,1881,683,1135,1282,518,576,120,289,50,91,20,16,29,98,41,28
1553,685,1910,670,1147,1311,524,569,120,273,50,92,20,16,29,98,42,28
1503,683,1926,664,1155,1327,529,561,120,250,50,94,20,16,29,98,43,27
1561,687,1916,671,1152,1311,531,563,120,249,50,94,20,16,29,98,43,27
1619,694,1914,678,1151,1298,531,568,120,257,50,93,20,16,29,98,43,28
1681,702,1914,692,1155,1292,524,573,119,269,50,92,20,16,29,98,42,28
1671,701,1917,691,1158,1293,523,575,119,277,50,92,20,16,29,98,42,28
1665,699,1911,689,1154,1291,525,575,120,276,50,92,20,16,29,98,42,28
1637,694,1907,682,1150,1289,528,574,119,271,50,92,20,16,29,98,42,28
1601,688,1903,675,1142,1290,526,571,119,269,50,92,20,16,29,98,42,28
1577,685,1901,670,1139,1288,525,570,119,267,50,92,20,16,29,98,42,28
1591,687,1898,671,1141,1289,525,569,119,268,50,92,20,16,29,98,42,28
1623,690,1893,675,1139,1277,524,568,120,265,50,92,20,16,29,98,42,28
1672,694,1883,681,1138,1269,524,572,120,272,50,92,20,16,29,98,42,28
1702,692,1866,684,1130,1258,520,574,119,278,50,91,20,16,29,98,42,28
1714,691,1859,682,1123,1246,518,573,119,280,50,91,20,16,29,98,42,28
1726,693,1861,682,1125,1245,518,574,119,278,50,90,20,16,29,98,42,28
1697,693,1877,682,1131,1260,519,571,119,276,50,91,20,16,29,98,42,28
1629,689,1902,677,1141,1287,523,569,120,269,50,92,20,16,29,98,42,28
1581,691,1905,677,1142,1315,526,569,120,265,50,93,20,16,29,98,42,28
1614,697,1928,686,1162,1314,528,570,120,263,50,93,20,16,29,98,43,28
1660,698,1916,690,1160,1296,531,573,120,264,50,94,20,16,29,98,43,28
1649,690,1892,681,1142,1276,530,577,120,268,50,93,20,16,29,98,42,28
1651,687,1883,677,1134,1268,526,576,120,272,50,92,20,16,29,98,42,28
1644,684,1871,673,1128,1262,523,572,120,274,50,91,20,16,29,98,42,28
1636,686,1877,671,1129,1272,527,571,120,267,50,92,20,16,29,98,42,28
1627,689,1895,672,1139,1283,528,570,120,263,50,93,20,16,29,98,42,28
1635,691,1897,677,1144,1286,525,570,120,268,50,92,20,16,29,98,42,28
1648,693,1898,682,1144,1285,524,571,120,270,50,92,20,16,29,98,42,28
1657,695,1899,683,1145,1283,524,573,120,273,50,92,20,16,29,98,42,28
1654,695,1904,682,1146,1284,526,573,120,271,50,92,20,16,29,98,42,28
1655,695,1902,683,1147,1284,525,572,120,270,50,92,20,16,29,98,42,28
1652,699,1910,684,1149,1296,527,574,120,271,50,92,20,16,29,98,42,28
1641,699,1924,687,1159,1304,527,573,120,271,50,92,20,16,29,98,43,28
1598,694,1927,681,1159,1313,530,573,120,267,50,93,20,16,29,98,43,28
1605,693,1922,680,1156,1304,530,573,120,266,50,93,20,16,29,98,43,28
1655,698,1910,685,1152,1288,528,574,120,270,50,93,20,16,29,98,43,28
1712,698,1881,687,1139,1278,526,576,119,276,50,92,20,16,29,98,42,28
1723,699,1889,687,1139,1266,523,577,120,279,50,92,20,16,29,98,42,28
1759,701,1885,690,1131,1247,517,578,119,287,50,90,20,16,29,98,41,28
1791,707,1872,696,1134,1245,515,580,119,291,50,90,20,16,29,98,42,28
1744,709,1885,698,1153,1280,520,578,120,284,50,91,20,16,29,98,42,28
1643,706,1923,692,1157,1325,524,577,120,278,50,92,20,16,29,98,42,28
1528,695,1961,679,1176,1347,531,572,121,264,50,94,20,16,29,98,43,28
1528,693,1943,679,1173,1341,535,569,121,253,50,95,20,16,29,98,44,28
1541,685,1912,675,1151,1334,539,572,120,253,50,95,20,16,29,98,43,28
1628,685,1872,670,1132,1300,532,574,120,266,50,93,20,16,29,98,42,28
1669,685,1860,671,1117,1244,523,573,119,273,50,91,20,16,29,98,42,28
1651,681,1857,668,1115,1244,520,572,120,275,50,91,20,16,29,98,42,28
1634,683,1855,670,1117,1257,520,570,120,274,50,91,20,16,29,98,42,28
1638,686,1865,671,1127,1266,522,572,120,272,50,92,20,16,29,98,42,28
1672,693,1883,677,1133,1267,524,572,120,272,50,92,20,16,29,98,42,28
1705,702,1901,683,1151,1272,525,573,120,272,50,92,20,16,29,98,42,28
1716,704,1910,699,1157,1287,526,578,120,277,50,92,20,16,29,98,42,28
1710,707,1924,699,1164,1297,525,580,119,282,50,92,20,16,29,98,42,28
1669,706,1940,698,1169,1306,526,578,119,278,50,92,20,16,29,98,43,28
1554,694,1950,680,1170,1337,530,570,118,263,50,93,20,16,29,98,43,28
1511,686,1943,670,1163,1333,530,567,118,257,50,94,20,16,29,98,43,28
1517,683,1922,668,1153,1325,533,567,118,253,50,94,20,16,29,98,43,28
1588,683,1889,671,1135,1282,530,569,118,260,50,93,20,16,29,98,43,28
1664,686,1870,674,1125,1254,524,570,118,265,50,92,20,16,29,98,42,28
1720,690,1856,678,1118,1235,517,571,117,272,50,90,20,15,28,98,42,28
1784,698,1851,685,1117,1229,514,575,117,285,50,90,20,16,28,98,41,28
1836,709,1873,694,1131,1232,509,576,117,291,50,89,20,16,28,98,41,28
1805,713,1904,704,1150,1260,510,578,117,292,50,89,20,15,29,98,41,28
1707,705,1923,702,1159,1284,516,577,118,286,50,90,20,15,28,98,42,28
1606,697,1935,690,1162,1309,525,574,118,274,50,92,20,16,29,98,43,28
1534,686,1930,680,1155,1321,528,569,117,262,50,93,20,16,29,98,43,28
1524,683,1918,666,1148,1313,531,567,118,255,50,94,20,16,29,98,43,28
1561,685,1912,669,1143,1300,531,567,117,255,50,94,20,16,28,98,43,27
1607,689,1898,672,1138,1284,527,570,117,265,50,92,20,16,28,98,42,28
1601,686,1897,675,1139,1288,526,571,118,266,50,92,20,16,29,98,42,28
1567,681,1897,669,1139,1291,525,570,119,268,50,92,20,16,29,98,42,28
1549,682,1896,665,1135,1294,526,569,119,264,50,93,20,16,29,98,42,28
1561,683,1896,664,1136,1291,528,565,119,256,50,93,20,16,29,98,42,27
1647,690,1886,678,1136,1273,525,565,118,259,50,92,20,16,29,98,42,28
1721,700,1886,688,1136,1261,521,572,118,273,50,91,20,16,29,98,42,28
1760,706,1897,696,1143,1264,518,576,118,283,50,91,20,16,28,98,42,28
1737,706,1909,699,1155,1279,517,580,118,288,50,90,20,16,29,98,42,28
1591,691,1920,682,1156,1311,524,575,119,275,50,92,20,16,29,98,43,28
1460,674,1922,655,1144,1322,533,566,119,254,50,94,20,16,29,98,43,27
1493,678,1910,656,1140,1311,532,561,119,246,50,94,20,16,29,98,43,27
1624,690,1893,667,1137,1291,527,564,118,256,50,93,20,16,29,98,42,28
1729,698,1872,684,1131,1255,520,568,118,269,50,91,20,16,29,98,42,28
1838,705,1847,693,1121,1229,511,575,117,288,50,90,20,15,28,98,41,28
1872,708,1845,701,1120,1203,502,579,117,300,50,87,20,16,29,98,41,28
1824,704,1864,699,1120,1213,500,579,117,302,50,87,20,16,28,98,41,28
1660,692,1897,686,1135,1256,508,571,117,284,50,88,20,16,28,98,41,28
1512,683,1927,662,1146,1320,521,562,118,260,50,92,20,16,29,98,42,27
1475,682,1941,659,1155,1336,529,560,118,246,50,94,20,16,29,98,43,27
1546,692,1940,661,1161,1336,532,564,119,247,50,95,20,16,29,98,43,28
1594,697,1936,681,1163,1321,533,566,119,251,50,94,20,16,29,98,43,28
1661,700,1916,689,1154,1297,527,576,118,273,50,93,20,16,29,98,43,28
1655,697,1909,683,1146,1288,524,573,118,273,50,92,20,16,29,98,43,28
1674,697,1903,685,1146,1286,523,572,118,272,50,92,20,16,28,98,42,28
1680,697,1902,686,1146,1279,523,571,118,271,50,92,20,16,29,98,42,28
1635,690,1894,679,1140,1282,527,575,119,269,50,92,20,16,29,98,42,28
1578,681,1892,666,1134,1284,525,570,118,267,50,92,20,16,29,98,42,28
1583,681,1890,665,1126,1276,525,568,118,265,50,92,20,16,29,98,42,28
1656,687,1879,674,1127,1261,524,567,118,264,50,92,20,16,29,98,42,28
1705,691,1865,677,1125,1254,520,570,118,273,50,91,20,16,28,98,42,28
1726,695,1870,683,1125,1247,516,573,118,281,50,90,20,16,28,98,42,28
1726,700,1885,687,1133,1261,513,572,118,281,50,90,20,16,29,98,41,28
1676,700,1905,688,1144,1288,517,570,118,277,50,91,20,16,29,98,42,28
1620,697,1931,683,1157,1309,522,569,119,268,50,92,20,16,29,98,43,28
1575,695,1932,679,1163,1326,528,570,119,264,50,93,20,16,29,98,43,28
1595,695,1926,681,1159,1313,529,569,119,262,50,94,20,16,29,98,43,28
1666,702,1922,687,1156,1301,527,571,118,266,50,93,20,16,29,98,43,28
1677,700,1913,689,1152,1290,525,572,118,270,50,92,20,16,29,98,42,28
1661,695,1900,689,1143,1281,522,573,119,275,50,91,20,16,29,98,42,28
1638,692,1899,680,1140,1282,522,572,118,273,50,92,20,16,29,98,42,28
1618,690,1899,675,1140,1286,524,571,119,269,50,92,20,16,29,98,42,28
1602,688,1900,675,1139,1288,527,570,119,265,50,92,20,16,28,98,42,28
1617,692,1906,672,1141,1289,527,570,119,265,50,92,20,16,29,98,42,28
1649,696,1909,677,1147,1287,525,574,120,269,50,92,20,16,29,97,43,28
1665,697,1906,685,1145,1284,523,572,119,271,50,92,20,16,29,98,42,28
1696,702,1909,690,1146,1282,526,577,120,270,50,92,20,16,29,98,42,28
1706,705,1916,692,1150,1287,523,574,119,272,50,92,20,16,29,98,42,28
1713,707,1919,697,1157,1293,523,576,119,278,50,92,20,16,29,98,42,28
1693,707,1925,695,1163,1302,524,575,118,276,50,92,20,16,29,98,43,28
1636,697,1922,686,1156,1305,527,573,119,271,50,93,20,16,29,98,43,28
1613,692,1911,680,1149,1299,528,572,118,268,50,93,20,16,29,98,43,28
1647,689,1878,679,1132,1293,525,571,118,268,50,92,20,16,29,98,42,28
1720,691,1858,680,1122,1238,522,573,118,272,50,91,20,16,29,98,42,28
1764,691,1835,679,1104,1214,513,574,118,283,50,89,20,16,29,97,41,28
1670,687,1877,671,1117,1255,514,572,118,282,50,90,20,16,29,98,41,28
1580,692,1931,667,1146,1309,517,566,119,270,50,91,20,16,29,98,42,28
1600,706,1964,682,1176,1336,522,563,119,261,50,92,20,16,29,98,43,28
1650,716,1967,701,1183,1347,526,564,119,258,50,93,20,16,29,98,43,28
1708,719,1964,711,1190,1329,530,574,119,267,50,94,20,16,29,98,44,28
1699,699,1896,706,1145,1308,520,579,118,286,50,91,20,15,28,98,42,28
1602,677,1876,662,1130,1251,519,571,118,274,50,91,20,16,29,98,42,28
1518,661,1841,641,1094,1249,523,561,118,256,50,92,20,16,29,98,42,27
1536,667,1855,641,1100,1255,521,558,118,254,50,92,20,16,29,98,42,27
1589,679,1871,659,1115,1265,520,560,118,257,50,91,20,16,29,98,42,27
1662,694,1881,678,1123,1275,518,563,118,265,50,91,20,16,29,98,42,28
1710,703,1903,691,1148,1277,518,568,118,272,50,91,20,16,29,98,42,28
1758,710,1914,703,1154,1278,515,572,118,281,50,91,20,16,28,98,42,28
1710,707,1924,698,1159,1290,517,574,117,281,50,91,20,16,28,98,42,28
1560,690,1933,679,1157,1315,521,567,118,267,50,92,20,16,29,98,43,28
1485,681,1929,671,1154,1323,529,563,118,254,50,94,20,16,29,98,43,28
1540,680,1904,665,1143,1293,528,561,118,251,50,93,20,16,29,98,43,27
1617,681,1882,667,1118,1256,524,565,118,260,50,92,20,16,28,98,42,27
1654,682,1852,670,1114,1242,521,567,117,268,50,91,20,16,29,98,42,28
1729,689,1843,676,1108,1224,511,567,117,278,50,89,20,16,28,98,41,28
1813,701,1848,686,1116,1218,507,572,117,287,50,88,20,16,28,97,41,28
1835,713,1886,693,1139,1243,504,577,117,295,50,88,20,16,29,97,41,28
1716,706,1918,698,1155,1287,512,574,118,285,50,90,20,16,29,98,42,28
1609,695,1925,684,1157,1309,520,572,118,274,50,92,20,16,29,98,43,28
1528,685,1924,665,1149,1314,527,564,117,258,50,93,20,16,28,98,43,27
1556,686,1920,666,1144,1303,525,561,117,252,50,93,20,16,28,98,43,27
1528,681,1914,660,1136,1303,522,560,116,253,50,92,20,16,28,98,43,27
1532,681,1911,661,1139,1306,523,562,117,257,50,92,20,16,28,98,42,27
1558,685,1908,663,1138,1295,524,561,117,256,50,92,20,16,28,98,43,27
1623,692,1899,672,1138,1284,524,562,117,257,50,92,20,16,28,98,42,27
1717,700,1892,684,1137,1264,520,565,117,263,50,91,20,16,28,98,42,28
1798,709,1887,695,1135,1250,512,571,116,280,50,90,20,16,29,98,42,28
1826,713,1894,695,1140,1251,507,574,116,289,50,89,20,16,28,98,42,28
1660,696,1908,683,1144,1292,514,571,117,281,50,90,20,16,29,98,42,28
1440,672,1924,649,1143,1330,523,560,117,264,50,93,20,16,29,98,42,27
1383,666,1924,639,1137,1333,531,556,118,239,50,95,20,16,29,98,43,27
1459,673,1910,649,1137,1313,532,554,118,234,50,95,20,16,29,98,43,27
1597,685,1885,669,1132,1278,528,559,118,246,50,93,20,16,28,98,43,27
1773,696,1850,687,1120,1227,517,568,117,272,50,90,20,16,28,98,42,28
1879,702,1822,698,1107,1189,504,574,116,292,50,88,20,15,28,97,41,28
1906,704,1819,695,1098,1177,495,577,116,304,50,86,20,15,28,97,40,28
1795,706,1885,691,1127,1245,495,571,117,296,50,86,20,15,28,98,41,28
1618,698,1926,679,1149,1307,510,566,117,280,50,90,20,15,28,98,42,28
1496,689,1940,664,1154,1339,522,560,118,255,50,92,20,16,29,98,43,27
1476,687,1951,663,1162,1342,527,556,118,245,50,94,20,16,29,98,43,27
1556,691,1947,672,1157,1317,531,565,117,252,50,94,20,16,29,98,43,27
1644,696,1912,683,1148,1290,527,570,118,261,50,93,20,16,28,98,43,28
1689,698,1901,688,1145,1277,521,572,118,275,50,92,20,16,29,98,42,28
1665,694,1895,681,1140,1272,520,571,118,273,50,92,20,16,28,98,42,28
1644,694,1904,679,1143,1285,524,571,118,270,50,92,20,16,29,97,43,28
1570,684,1901,675,1135,1290,523,565,118,261,50,92,20,16,28,98,43,28
1577,684,1895,669,1133,1285,523,566,118,261,50,92,20,16,28,98,43,28
1605,684,1884,669,1126,1277,522,562,117,259,50,92,20,16,28,98,42,28
1665,689,1874,670,1125,1262,522,566,117,264,50,92,20,16,29,98,42,27
1715,694,1866,674,1120,1255,515,568,117,273,50,90,20,16,28,98,42,28
1737,699,1880,681,1127,1244,512,572,117,279,50,90,20,16,28,98,42,28
1730,704,1902,689,1139,1260,513,571,117,281,50,90,20,16,28,97,42,28
1655,703,1934,690,1161,1286,522,571,118,271,50,91,20,16,28,98,43,28
1592,698,1941,684,1163,1324,527,570,118,264,50,93,20,16,29,98,43,28
1598,698,1931,683,1161,1316,529,570,118,264,50,93,20,16,28,98,43,28
1645,700,1910,681,1149,1288,527,572,116,267,50,92,20,16,29,98,43,28
1677,696,1894,683,1138,1271,523,570,117,270,50,92,20,16,28,98,42,28
1659,695,1901,677,1138,1277,520,572,117,275,50,91,20,16,28,97,42,28
1600,690,1910,672,1138,1286,521,567,117,267,50,91,20,16,29,98,42,28
1596,694,1924,675,1149,1300,526,566,117,260,50,92,20,16,28,98,43,28
1600,695,1921,677,1154,1303,526,567,117,262,50,92,20,16,29,98,43,28
1614,698,1928,677,1155,1307,525,571,118,262,50,93,20,16,28,98,43,28
1694,704,1911,688,1150,1292,524,574,119,273,50,92,20,16,29,97,43,28
1726,703,1899,695,1143,1269,522,574,118,272,50,91,20,16,29,97,43,28
1683,701,1906,689,1144,1284,521,576,118,275,50,91,20,16,29,98,42,28
1622,696,1915,683,1145,1300,520,572,118,274,50,91,20,16,29,98,43,28
1593,693,1921,678,1149,1306,523,567,118,269,50,92,20,16,29,98,43,28
1620,695,1913,683,1153,1300,528,569,118,262,50,93,20,16,29,97,43,28
1662,696,1900,684,1145,1277,526,570,118,264,50,92,20,16,29,97,43,28
1734,693,1849,684,1119,1244,519,574,118,278,50,91,20,16,28,97,42,28
1768,690,1839,680,1101,1210,507,571,117,286,50,89,20,16,28,97,41,28
1649,682,1870,666,1111,1250,509,564,118,276,50,89,20,16,28,97,41,28
1556,690,1901,666,1128,1310,514,559,118,268,50,91,20,16,29,97,42,27
1602,705,1959,684,1172,1337,520,558,118,256,50,92,20,16,29,98,43,28
1674,716,1969,702,1192,1341,529,569,118,260,50,94,20,16,29,98,44,28
1688,705,1962,700,1166,1301,525,574,118,274,50,92,20,16,28,97,43,28
1603,673,1864,659,1120,1243,516,565,117,271,50,91,20,15,28,98,42,28
1543,660,1840,639,1099,1237,516,554,117,265,50,91,20,16,28,97,41,27
1566,667,1833,644,1089,1244,513,552,117,253,50,90,20,16,28,97,41,27
1613,679,1862,647,1108,1245,514,554,117,256,50,90,20,16,28,97,42,27
1696,696,1888,670,1132,1262,513,558,117,263,50,90,20,15,28,97,42,27
1716,704,1892,691,1136,1276,513,562,117,269,50,90,20,16,28,97,42,28
1721,705,1908,696,1150,1280,513,566,117,272,50,90,20,15,28,97,42,28
1670,703,1932,693,1159,1294,517,571,117,277,50,91,20,16,28,97,43,28
1566,696,1939,682,1161,1332,522,566,117,274,50,92,20,16,28,97,43,28
1488,689,1955,670,1169,1348,528,561,118,258,50,94,20,16,29,98,43,27
1513,684,1925,671,1154,1317,531,563,118,248,50,94,20,16,28,98,44,28
1648,687,1870,671,1126,1296,526,569,117,265,50,94,20,16,28,98,42,28
1704,688,1868,676,1109,1234,516,570,117,277,50,91,20,15,28,97,42,28
1768,695,1849,684,1111,1223,507,571,117,280,50,89,20,15,28,97,42,28
1789,708,1887,686,1135,1231,505,573,117,290,50,88,20,15,28,97,42,28
1678,704,1899,694,1142,1301,515,570,117,286,50,90,20,16,28,97,42,28
1563,693,1939,689,1160,1307,524,567,117,264,50,92,20,16,28,97,43,28
1540,692,1942,674,1160,1323,529,565,117,254,50,93,20,16,28,98,43,27
1561,688,1927,671,1150,1309,527,563,118,254,50,93,20,16,28,98,43,28
1578,691,1925,675,1149,1308,528,567,118,257,50,93,20,16,29,97,43,28
1588,690,1916,676,1147,1302,526,568,118,263,50,93,20,16,28,97,43,28
1570,685,1903,675,1140,1302,526,567,118,260,50,93,20,16,28,97,43,28
1629,689,1884,671,1134,1290,527,572,119,263,50,93,20,16,28,97,43,28
1732,697,1868,681,1127,1262,520,571,117,275,50,91,20,16,28,97,42,28
1763,701,1872,690,1127,1241,511,572,117,284,50,89,20,16,28,97,42,28
1647,698,1899,684,1138,1295,516,571,118,278,50,90,20,16,29,97,42,28
1413,678,1955,655,1160,1360,524,561,118,259,50,93,20,16,28,97,43,27
1337,666,1945,633,1151,1353,535,555,119,232,50,96,20,16,29,98,44,27
1469,676,1908,650,1138,1310,534,555,118,233,50,95,20,16,29,97,44,27
1712,694,1865,668,1123,1270,523,562,117,259,50,93,20,15,28,97,42,28
1931,711,1829,696,1105,1198,500,572,117,295,50,88,20,15,28,97,41,28
1979,716,1829,711,1107,1178,481,576,116,313,50,84,20,15,28,97,40,28
1877,712,1855,703,1119,1221,486,574,116,309,50,85,20,16,28,97,40,28
1636,695,1916,682,1144,1295,510,569,117,282,50,90,20,15,28,97,42,28
1467,682,1942,658,1153,1338,526,560,118,253,50,93,20,16,28,97,43,27
1480,684,1944,660,1157,1337,530,558,118,243,50,94,20,16,29,97,44,27
1529,690,1941,668,1157,1326,530,560,118,246,50,94,20,16,29,97,43,27
1605,695,1924,671,1151,1318,526,566,118,258,50,92,20,16,28,97,43,28
1666,701,1916,684,1148,1291,521,567,118,267,50,92,20,16,28,97,43,28
1708,702,1903,688,1141,1271,517,568,117,268,50,91,20,16,28,97,43,28
1691,700,1903,691,1146,1270,520,571,118,275,50,91,20,16,28,97,43,28
1603,688,1900,677,1140,1283,521,570,119,270,50,92,20,16,29,97,43,28
1570,686,1904,671,1139,1293,524,568,119,264,50,92,20,16,29,97,43,28
1578,684,1890,670,1135,1284,525,566,119,260,50,92,20,16,29,97,43,28
1633,686,1878,672,1128,1259,523,566,118,264,50,92,20,16,28,97,43,28
1698,692,1871,680,1124,1247,520,568,118,268,50,91,20,15,28,97,42,28
1733,696,1862,686,1121,1236,511,569,118,277,50,89,20,15,29,97,42,28
1732,697,1870,688,1126,1245,510,571,118,284,50,89,20,15,28,97,42,28
1711,698,1885,688,1134,1260,511,570,118,281,50,90,20,16,29,97,42,28
1666,699,1912,687,1149,1277,518,567,118,271,50,91,20,15,29,97,43,28
1609,693,1915,680,1150,1303,521,565,119,264,50,92,20,16,29,97,43,28
1600,691,1913,678,1149,1302,524,565,119,263,50,92,20,16,29,97,43,28
1616,694,1911,680,1149,1298,524,567,119,263,50,93,20,16,29,97,43,28
1656,695,1899,682,1146,1292,523,568,119,266,50,92,20,16,28,97,43,28
1689,694,1880,687,1137,1267,521,569,118,269,50,92,20,16,29,97,43,28
1683,689,1872,680,1127,1253,519,569,118,270,50,91,20,16,29,97,43,28
1667,686,1866,677,1121,1254,518,570,118,275,50,91,20,15,29,97,42,28
1631,683,1866,668,1119,1259,517,566,118,273,50,91,20,16,29,97,42,28
1590,684,1888,667,1129,1280,521,561,118,260,50,92,20,16,28,97,42,28
1608,688,1896,671,1139,1286,524,564,119,260,50,92,20,16,29,97,43,28
1649,692,1894,680,1138,1277,523,568,119,267,50,92,20,15,29,97,43,28
1678,694,1890,684,1137,1270,522,569,118,267,50,92,20,16,29,97,43,28
1705,696,1882,687,1134,1260,517,569,118,272,50,91,20,16,29,97,42,28
1710,700,1895,686,1139,1261,518,571,118,276,50,91,20,15,29,97,42,28
1640,702,1934,686,1160,1294,518,568,118,272,50,91,20,16,28,97,43,28
1582,693,1925,676,1153,1308,521,565,118,264,50,92,20,16,29,97,43,28
1609,689,1913,676,1148,1281,523,564,118,262,50,92,20,16,28,97,43,28
1714,693,1862,681,1122,1234,516,568,118,272,50,90,20,15,28,97,42,28
1783,696,1841,684,1107,1221,508,570,117,284,50,88,20,15,28,97,41,28
1713,689,1857,677,1111,1233,506,567,118,282,50,89,20,15,28,97,41,28
1584,690,1888,670,1125,1299,515,561,118,267,50,91,20,16,28,97,42,28
1593,701,1950,684,1167,1335,523,560,119,256,50,93,20,16,29,97,43,28
1592,703,1961,691,1178,1345,529,563,119,252,50,94,20,15,28,97,44,28
1601,693,1921,687,1160,1307,528,571,118,265,50,93,20,16,28,97,44,28
1622,682,1867,682,1128,1263,523,572,118,271,50,92,20,16,28,97,43,28
1586,666,1826,662,1094,1247,525,566,119,262,50,92,20,16,29,97,42,28
1635,671,1818,656,1087,1220,517,563,119,266,50,91,20,15,29,97,41,27
1691,686,1831,671,1096,1235,513,563,118,270,50,90,20,15,28,97,41,27
1711,700,1897,687,1140,1271,516,567,119,271,50,90,20,15,28,97,42,28
1712,705,1915,691,1153,1280,518,570,119,276,50,91,20,16,29,97,42,28
1701,707,1930,699,1164,1300,520,573,119,277,50,92,20,15,28,97,43,28
1623,706,1953,694,1175,1332,524,571,119,271,50,92,20,16,29,97,43,28
1495,687,1951,684,1166,1337,531,568,119,257,50,94,20,16,29,97,44,28
1504,688,1950,672,1163,1334,532,567,119,255,50,94,20,16,29,97,44,28
1588,690,1914,678,1154,1298,529,565,119,255,50,93,20,16,29,97,43,28
1664,692,1880,681,1136,1266,528,570,119,263,50,93,20,15,29,97,43,28
1741,695,1856,686,1122,1247,521,576,118,279,50,92,20,16,28,97,42,28
1776,697,1852,687,1116,1225,513,577,118,288,50,89,20,16,29,97,42,28
1790,702,1859,691,1120,1232,510,577,118,292,50,89,20,15,29,97,42,28
1750,706,1893,695,1141,1262,512,574,119,286,50,89,20,16,28,97,42,28
1721,706,1906,696,1154,1277,515,573,119,283,50,90,20,16,28,97,43,28
1678,702,1913,695,1157,1288,523,573,119,275,50,92,20,16,29,97,43,28
1645,693,1904,684,1150,1280,523,571,118,273,50,92,20,15,28,97,43,28
1627,688,1888,678,1135,1275,522,570,118,269,50,92,20,16,28,97,43,28
1605,683,1882,678,1128,1271,522,567,118,266,50,91,20,15,28,97,42,28
1590,682,1885,669,1127,1273,520,564,118,264,50,92,20,16,29,97,42,28
1566,682,1896,667,1134,1288,522,563,118,260,50,92,20,16,29,97,43,27
1539,685,1916,671,1146,1312,527,563,119,256,50,93,20,16,29,97,43,27
1569,685,1905,675,1144,1299,529,568,120,255,50,93,20,15,29,97,43,28
1626,675,1822,675,1123,1289,528,570,119,265,50,92,20,16,28,97,43,28
1647,672,1819,654,1081,1206,522,571,118,273,50,91,20,15,28,97,42,28
1767,692,1826,679,1091,1212,512,565,118,278,50,89,20,16,29,97,41,27
1808,706,1876,696,1127,1240,503,571,119,286,50,89,20,16,28,97,41,28
1672,705,1938,695,1166,1271,514,569,118,277,50,91,20,16,28,97,43,28
1436,680,1946,668,1169,1359,530,566,119,257,50,94,20,16,29,97,44,28
1337,660,1934,636,1151,1340,537,559,119,240,50,96,20,15,28,97,44,27
1427,665,1890,640,1125,1301,532,554,119,236,50,95,20,16,29,97,43,27
1626,680,1849,658,1111,1258,523,558,118,251,50,93,20,16,29,97,42,27
1794,694,1834,684,1107,1202,512,563,117,272,50,90,20,15,28,97,42,28
1934,710,1822,708,1103,1172,498,578,118,298,50,86,20,15,28,97,41,28
1978,721,1846,711,1119,1192,483,581,117,317,50,85,20,15,28,96,40,28
1790,709,1865,707,1129,1258,497,576,118,301,50,87,20,16,28,97,41,28
1664,697,1903,691,1147,1286,511,574,118,292,50,90,20,15,28,97,42,28
1500,681,1922,665,1149,1319,526,568,119,264,50,93,20,16,29,97,43,28
1455,674,1915,655,1144,1319,533,562,120,247,50,94,20,16,29,97,44,27
1512,677,1900,656,1132,1307,531,560,119,246,50,94,20,16,29,97,43,27
1575,688,1910,666,1143,1298,532,566,120,253,50,94,20,16,29,97,43,28
1633,693,1899,673,1144,1294,525,567,119,263,50,92,20,16,29,97,43,28
1706,699,1891,689,1142,1274,522,573,119,275,50,92,20,15,29,97,43,28
1725,702,1895,694,1143,1269,523,576,119,279,50,91,20,16,29,97,43,28
1663,694,1897,686,1144,1279,524,574,119,277,50,92,20,16,29,97,43,28
1603,687,1899,677,1141,1288,524,571,119,272,50,92,20,16,29,97,43,28
1545,680,1895,675,1137,1291,527,567,119,258,50,93,20,16,29,97,43,28
1657,688,1868,671,1125,1267,526,569,119,264,50,93,20,16,29,97,43,28
1764,698,1866,690,1124,1237,518,574,119,280,50,90,20,16,29,97,42,28
1774,701,1863,692,1125,1237,513,576,119,282,50,89,20,16,29,97,42,28
1742,703,1894,693,1143,1247,515,576,119,286,50,90,20,15,29,97,42,28
1667,702,1893,690,1157,1296,522,574,119,276,50,92,20,16,28,97,43,28
1593,696,1930,683,1158,1317,528,574,119,268,50,93,20,16,29,97,43,28
1580,695,1934,683,1162,1316,530,570,120,261,50,93,20,16,29,97,44,28
1658,702,1921,688,1160,1307,529,572,119,266,50,93,20,16,29,97,43,28
1687,701,1911,694,1155,1285,527,573,119,267,50,93,20,16,29,97,43,28
1709,699,1889,692,1139,1278,523,576,119,277,50,91,20,16,29,97,43,28
1677,691,1887,680,1138,1259,518,572,119,278,50,91,20,16,29,97,42,28
1643,691,1892,676,1132,1272,520,571,119,272,50,91,20,16,28,97,42,28
1602,689,1904,673,1139,1287,523,566,118,264,50,92,20,16,29,97,43,28
1593,689,1904,675,1139,1295,529,570,119,263,50,93,20,16,29,97,43,28
1616,691,1905,677,1143,1290,528,568,119,262,50,93,20,16,29,97,43,28
1641,695,1909,679,1144,1289,527,570,119,265,50,93,20,16,29,97,43,28
1685,698,1903,687,1143,1276,523,571,119,271,50,92,20,16,29,97,43,28
1712,702,1901,688,1143,1274,520,574,119,275,50,91,20,16,28,97,43,28
1705,704,1914,691,1149,1283,521,575,118,277,50,91,20,16,28,97,43,28
1645,698,1918,686,1151,1297,524,574,119,274,50,92,20,16,29,97,43,28
1610,695,1919,682,1153,1303,526,572,119,268,50,93,20,16,29,97,43,28
1637,697,1917,682,1151,1294,529,571,119,266,50,93,20,16,29,97,43,28
1711,701,1890,685,1142,1288,526,574,119,270,50,92,20,16,28,97,43,28
1779,703,1885,694,1129,1240,519,575,118,282,50,91,20,15,28,97,42,28
1850,706,1855,698,1122,1212,510,581,118,288,50,89,20,15,28,97,42,28
1754,695,1855,691,1114,1220,510,577,118,290,50,89,20,15,28,97,42,28
1652,689,1862,672,1124,1265,513,571,118,281,50,90,20,16,29,97,42,28
1559,689,1918,667,1140,1305,520,564,119,266,50,92,20,16,28,97,43,28
1613,707,1962,688,1178,1331,528,564,119,255,50,93,20,15,29,97,44,28
1630,713,1979,700,1193,1346,533,572,119,261,50,94,20,16,29,97,44,28
1634,710,1967,701,1188,1344,532,576,119,269,50,94,20,16,29,97,44,28
1609,700,1945,688,1173,1317,527,576,118,271,50,93,20,16,28,97,44,28
1586,688,1905,687,1142,1293,531,576,119,268,50,93,20,16,29,97,43,28
1597,679,1861,659,1114,1260,526,567,118,261,50,92,20,15,28,97,42,27
1670,678,1839,659,1097,1224,518,562,118,263,50,91,20,15,28,97,42,27
1744,693,1852,680,1111,1228,511,567,118,277,50,89,20,15,28,97,42,28
1769,705,1883,685,1134,1235,512,572,118,283,50,90,20,16,28,97,42,28
1783,712,1886,702,1149,1267,515,577,118,287,50,90,20,16,28,97,42,28
1733,716,1941,707,1168,1306,520,577,118,282,50,91,20,16,28,97,43,28
1562,707,1995,694,1192,1361,531,575,118,269,50,94,20,16,28,97,44,28
1482,693,1982,676,1185,1364,534,571,119,258,50,95,20,16,29,97,44,28
1485,682,1934,668,1160,1326,536,567,119,250,50,95,20,16,29,97,44,28
1573,683,1889,667,1132,1283,535,569,118,253,50,94,20,16,28,97,43,28
1683,692,1873,676,1121,1252,529,573,118,267,50,92,20,15,28,97,43,28
1787,703,1868,690,1123,1234,516,574,118,280,50,90,20,15,28,97,42,28
1865,717,1881,708,1135,1236,507,577,117,291,50,89,20,15,28,97,42,28
1847,726,1924,725,1169,1276,511,585,118,298,50,89,20,16,28,97,43,29
1722,704,1906,705,1153,1280,521,583,118,288,50,91,20,16,28,97,43,28
1625,690,1903,677,1150,1280,527,576,118,272,50,92,20,16,29,97,43,28
1593,685,1897,672,1130,1281,526,569,117,265,50,92,20,15,28,97,43,28
1578,684,1899,667,1134,1286,528,568,119,261,50,93,20,16,28,97,43,28
1590,692,1922,677,1149,1305,526,568,118,262,50,93,20,16,28,97,43,28
1581,693,1932,680,1156,1317,530,570,118,261,50,93,20,16,28,97,43,28
1571,694,1936,679,1161,1319,533,574,118,263,50,94,20,16,28,97,44,28
1551,689,1933,675,1159,1316,535,574,118,263,50,94,20,15,29,97,44,28
1614,691,1902,678,1142,1295,530,572,118,264,50,93,20,16,28,97,43,28
1727,704,1882,691,1136,1260,525,576,118,275,50,92,20,16,28,97,43,28
1827,707,1873,699,1133,1228,514,575,116,280,50,90,20,16,28,97,42,28
1806,707,1872,699,1129,1242,509,578,117,290,50,89,20,15,28,97,42,28
1653,704,1941,688,1154,1309,520,579,119,282,50,91,20,16,28,97,43,28
1396,685,1993,661,1181,1385,535,565,120,249,50,95,20,16,29,97,44,27
1330,671,1965,652,1168,1384,542,560,120,231,50,97,20,16,29,97,45,27
1335,669,1954,651,1162,1368,545,557,120,226,50,98,20,16,28,97,45,27
1459,676,1909,654,1149,1322,546,569,118,240,50,96,20,16,28,97,44,27
1672,688,1860,675,1119,1245,535,577,119,266,50,93,20,16,29,97,43,28
1827,701,1837,685,1105,1207,519,578,118,284,50,90,20,15,29,97,42,28
1904,711,1843,693,1109,1197,505,575,117,293,50,88,20,16,28,97,41,28
1961,731,1895,726,1147,1233,493,583,116,312,50,86,20,15,28,97,41,28
1914,737,1938,729,1173,1271,500,588,116,313,50,87,20,15,28,97,42,29
1774,726,1962,728,1187,1317,515,585,117,296,50,90,20,16,28,97,43,28
1594,701,1953,693,1176,1329,532,580,118,273,50,93,20,16,28,97,44,28
1493,680,1923,669,1147,1318,535,571,118,257,50,95,20,16,29,97,44,28
1489,674,1915,656,1141,1299,536,569,118,253,50,94,20,16,29,97,43,27
1540,679,1898,661,1127,1284,530,565,118,253,50,93,20,16,28,97,43,27
1633,693,1898,676,1131,1280,527,568,117,256,50,93,20,16,28,97,43,28
1719,704,1904,696,1148,1280,522,573,118,271,50,92,20,16,28,97,43,28
1695,705,1921,694,1151,1291,523,577,118,277,50,92,20,16,28,97,43,28
1604,693,1921,682,1150,1303,523,573,117,272,50,92,20,16,28,97,43,28
1535,685,1913,664,1142,1301,526,569,117,264,50,92,20,16,28,97,43,28
1546,680,1897,662,1131,1290,529,566,118,257,50,93,20,15,28,97,43,27
1613,684,1876,668,1124,1270,526,565,118,258,50,93,20,16,29,97,43,27
1773,702,1873,690,1127,1244,518,572,117,277,50,91,20,16,28,97,42,28
1800,704,1872,692,1129,1238,513,573,116,283,50,89,20,15,28,97,42,28
1746,707,1883,697,1149,1272,512,577,117,288,50,90,20,16,28,97,42,28
1622,696,1928,685,1146,1281,517,565,116,269,50,90,20,16,28,97,43,28
1531,687,1929,666,1144,1315,518,559,115,258,50,92,20,16,28,97,43,27
1511,690,1944,667,1153,1332,523,560,117,254,50,92,20,16,28,97,43,27
1587,695,1947,679,1159,1312,526,564,117,256,50,93,20,16,29,97,44,28
1662,701,1921,687,1152,1292,526,570,117,265,50,92,20,16,28,97,43,28
1703,702,1919,690,1144,1276,520,571,117,274,50,91,20,16,28,97,43,28
1718,701,1900,688,1140,1265,514,570,116,278,50,90,20,16,28,97,42,28
1663,694,1897,691,1138,1267,521,573,118,275,50,91,20,16,28,97,43,28
1599,688,1897,672,1132,1287,521,569,117,269,50,92,20,16,28,97,43,28
1561,686,1911,665,1139,1296,527,564,117,256,50,93,20,16,28,97,43,27
1575,687,1905,674,1141,1297,531,568,118,258,50,93,20,16,28,97,44,28
1596,690,1908,675,1140,1293,530,568,118,251,50,93,20,16,28,97,44,28
1636,694,1906,680,1141,1285,525,568,117,259,50,92,20,16,28,97,43,28
1691,702,1912,685,1145,1281,519,569,117,272,50,92,20,16,28,97,43,28
1648,696,1914,689,1144,1283,522,571,117,271,50,92,20,15,28,97,43,28
1596,689,1908,678,1142,1291,522,569,117,268,50,92,20,16,28,97,43,28
1611,691,1904,676,1140,1287,524,567,117,263,50,92,20,16,28,97,43,28
1657,692,1885,681,1132,1264,524,567,117,264,50,92,20,16,28,97,43,28
1732,695,1878,687,1129,1238,516,571,116,277,50,90,20,16,28,97,42,28
1819,700,1855,692,1109,1208,507,575,116,291,50,88,20,15,28,97,41,28
1756,697,1842,686,1110,1231,505,572,116,290,50,88,20,15,28,97,41,28
1605,684,1883,668,1120,1270,511,566,117,277,50,90,20,15,28,97,42,28
1548,687,1915,664,1133,1309,518,562,117,265,50,92,20,16,28,97,42,28
1551,698,1958,676,1164,1340,523,558,117,252,50,93,20,16,28,97,43,27
1575,703,1968,690,1175,1347,529,564,117,248,50,94,20,16,28,97,44,28
1642,703,1963,688,1177,1324,529,571,117,263,50,93,20,16,28,97,44,28
1624,695,1938,683,1153,1303,526,571,117,268,50,93,20,16,28,97,44,28
1633,685,1910,671,1125,1269,522,568,117,267,50,92,20,16,28,97,43,28
1569,673,1869,655,1118,1251,520,560,117,262,50,91,20,16,28,97,42,27
1584,669,1846,653,1100,1236,516,558,116,259,50,91,20,16,28,97,42,27
1584,669,1843,652,1096,1236,515,557,116,258,50,91,20,16,28,97,42,27
1573,670,1843,653,1095,1235,515,558,117,257,50,90,20,16,28,96,42,27
1591,670,1838,653,1094,1241,514,558,117,261,50,91,20,16,28,96,42,27
1583,669,1838,652,1095,1235,515,558,117,259,50,91,20,16,28,96,42,27
1575,667,1843,650,1096,1235,515,557,116,258,50,90,20,15,28,96,42,27
1573,667,1836,649,1089,1235,514,555,115,258,50,90,20,15,28,96,42,27
1572,667,1833,649,1090,1233,513,556,115,258,50,91,20,15,28,96,42,27
1568,666,1834,651,1090,1235,513,554,115,256,50,91,20,16,28,96,42,27
1551,663,1832,643,1087,1231,510,549,114,255,50,90,20,15,28,96,42,27
1551,664,1834,644,1086,1236,511,550,114,252,50,90,20,16,28,96,42,27
1556,665,1836,645,1086,1234,509,550,114,254,50,90,20,15,28,96,41,27
1565,668,1843,646,1095,1236,512,553,115,255,50,90,20,15,28,96,42,27
1558,666,1838,646,1089,1239,512,552,115,255,50,90,20,15,28,96,42,27
1588,672,1847,648,1098,1245,514,557,117,260,50,91,20,15,28,96,42,27
1688,688,1851,669,1104,1234,511,560,117,262,50,90,20,16,28,95,42,27
1798,704,1855,691,1114,1229,506,562,116,275,50,89,20,16,28,95,42,28
1842,712,1866,701,1124,1237,504,572,115,288,50,88,20,16,28,95,42,28
1481,686,1896,668,1139,1345,516,561,117,264,50,91,20,16,28,96,43,28
1377,668,1945,639,1153,1332,530,551,117,253,50,95,20,16,28,96,44,27
1575,682,1908,664,1134,1279,525,554,117,234,50,93,20,16,28,96,43,27
1731,691,1858,680,1114,1228,510,565,116,264,50,89,20,15,28,96,42,28
1817,707,1870,681,1124,1231,502,570,115,288,50,88,20,16,28,96,41,28
1765,702,1880,695,1131,1249,502,568,115,286,50,88,20,15,28,96,42,28
1639,690,1890,680,1133,1273,513,566,116,272,50,90,20,15,28,96,42,28
1554,677,1886,661,1126,1274,517,560,116,263,50,91,20,16,28,96,42,27
1523,674,1886,657,1121,1288,517,555,116,253,50,91,20,16,28,96,42,27
1510,678,1904,657,1128,1293,519,556,116,251,50,92,20,16,28,96,43,27
1549,682,1900,662,1132,1293,519,557,116,254,50,92,20,15,28,96,43,27
1588,685,1894,667,1130,1283,515,555,115,255,50,91,20,16,28,96,42,27
1684,693,1888,679,1127,1253,513,561,115,266,50,90,20,15,28,96,42,27
1805,703,1858,691,1115,1222,504,567,115,283,50,88,20,16,28,95,41,28
1722,703,1861,693,1140,1270,503,566,115,283,50,88,20,15,28,96,42,28
1347,668,1940,643,1149,1360,524,557,117,261,50,94,20,16,28,96,43,27
1247,648,1922,633,1131,1349,532,543,117,215,50,96,20,16,28,96,44,27
1468,668,1880,625,1116,1319,528,549,116,231,50,95,20,16,28,96,43,27
1811,698,1830,682,1104,1214,508,562,115,273,50,89,20,15,28,96,41,28
1956,714,1828,705,1101,1175,488,573,114,305,50,85,20,15,28,95,40,28
1919,717,1837,707,1105,1205,479,572,114,310,50,83,20,16,28,95,40,28
1741,707,1909,692,1140,1276,498,568,115,291,50,88,20,15,28,96,42,28
1445,680,1946,655,1153,1343,522,553,116,246,50,93,20,16,28,96,43,27
1476,684,1941,655,1152,1343,525,553,116,240,50,94,20,16,28,96,44,27
1585,689,1918,669,1144,1295,525,558,116,247,50,93,20,16,28,96,43,27
1653,690,1883,672,1124,1275,516,561,116,263,50,92,20,15,28,96,42,27
1700,699,1887,682,1133,1269,509,563,115,273,50,90,20,16,28,96,42,28
1597,684,1897,668,1131,1281,515,560,116,265,50,91,20,16,28,96,42,28
1540,671,1868,653,1112,1267,517,557,116,254,50,91,20,16,28,96,43,27
1604,680,1870,654,1111,1264,515,555,116,255,50,91,20,16,28,96,42,27
1699,689,1860,667,1111,1245,508,555,115,262,50,90,20,16,28,96,42,27
1783,701,1869,680,1120,1239,505,562,115,275,50,89,20,15,28,96,42,28
1753,700,1868,688,1120,1251,503,565,115,280,50,89,20,15,28,96,42,28
1675,692,1879,677,1126,1262,508,564,115,276,50,90,20,16,28,96,42,28
1575,681,1891,671,1124,1267,514,557,116,259,50,91,20,16,28,96,42,27
1540,678,1893,659,1125,1286,514,553,116,254,50,91,20,16,28,96,43,27
1555,682,1897,663,1129,1292,516,554,116,254,50,91,20,16,28,96,42,27
1623,689,1895,672,1132,1279,515,558,116,256,50,91,20,16,28,96,43,27
1677,689,1872,674,1123,1268,511,559,115,267,50,90,20,15,28,96,42,27
1671,693,1868,676,1129,1268,507,561,115,272,50,89,20,16,28,96,42,28
1630,692,1905,668,1133,1282,507,557,116,266,50,89,20,15,28,96,42,28
1590,687,1903,662,1126,1275,511,553,116,258,50,90,20,16,28,96,43,27
1576,690,1911,665,1133,1299,510,550,116,255,50,90,20,15,28,95,42,27
1617,697,1924,677,1146,1299,515,559,116,259,50,91,20,16,28,96,43,28
1586,692,1923,671,1143,1300,515,559,116,262,50,91,20,16,28,96,43,27
1550,691,1936,668,1147,1313,514,555,116,257,50,91,20,16,28,96,43,27
1621,694,1906,677,1140,1287,515,556,116,257,50,91,20,16,28,96,43,27
1712,697,1885,684,1131,1250,512,561,115,261,50,90,20,15,28,95,42,28
1800,700,1855,690,1117,1214,507,568,115,276,50,89,20,16,28,96,42,28
1862,706,1842,694,1107,1200,496,569,115,294,50,86,20,16,28,95,41,28
1814,697,1842,689,1108,1214,497,572,116,295,50,87,20,16,28,95,41,28
1617,678,1863,670,1110,1246,506,564,116,278,50,89,20,16,28,95,42,28
1497,673,1896,650,1119,1288,515,559,117,260,50,91,20,16,28,96,42,27
1473,681,1916,649,1128,1318,521,550,116,246,50,92,20,16,28,96,43,27
1565,697,1949,663,1163,1329,522,552,117,241,50,93,20,15,28,95,44,27
1616,699,1938,687,1159,1315,520,559,117,248,50,92,20,16,28,96,43,28
1647,696,1921,688,1154,1290,520,569,116,261,50,92,20,15,28,96,43,28
1630,679,1857,665,1110,1246,518,564,116,267,50,91,20,16,28,96,42,28
1577,671,1855,654,1103,1254,515,558,117,259,50,90,20,15,28,96,42,27
1559,676,1880,654,1114,1270,514,558,116,260,50,90,20,15,28,95,42,27
1597,683,1877,665,1122,1266,517,560,116,261,50,91,20,16,28,95,42,27
1664,692,1880,677,1129,1261,515,561,116,264,50,91,20,15,28,95,42,27
1730,699,1879,685,1127,1248,510,565,116,274,50,90,20,15,28,95,42,28
1859,711,1859,698,1122,1219,501,571,115,291,50,88,20,16,28,96,42,28
1873,722,1901,709,1145,1232,497,572,115,295,50,87,20,15,28,95,42,28
1490,684,1946,670,1159,1319,519,574,117,278,50,91,20,15,28,95,43,28
1378,674,1950,648,1157,1355,529,563,119,251,50,94,20,16,28,95,44,27
1441,682,1942,655,1158,1340,533,558,119,238,50,95,20,16,28,95,44,27
1670,710,1939,691,1163,1309,533,561,118,243,50,94,20,16,28,95,44,27
1946,738,1922,730,1165,1252,513,578,118,277,50,89,20,16,28,95,43,28
1936,730,1901,729,1155,1239,494,584,117,305,50,86,20,16,28,95,42,29
1600,687,1900,677,1142,1284,514,575,118,294,50,90,20,16,28,95,43,28
1561,681,1884,659,1126,1278,525,562,118,254,50,93,20,16,28,95,43,28
1664,696,1901,674,1135,1277,524,562,118,256,50,92,20,15,28,95,43,27
1735,703,1892,688,1135,1262,518,564,118,264,50,91,20,15,28,95,43,28
1805,714,1897,708,1145,1258,504,571,117,282,50,89,20,16,28,95,42,28
1812,714,1902,705,1147,1262,508,577,117,294,50,89,20,16,28,95,42,28
1796,714,1902,703,1147,1261,509,572,117,283,50,89,20,16,28,95,42,28
1856,720,1899,705,1144,1251,508,571,116,285,50,89,20,15,28,95,42,28
1890,720,1891,708,1136,1236,505,573,117,288,50,88,20,15,28,95,42,28
1905,728,1898,714,1142,1252,498,571,117,292,50,87,20,15,28,95,42,28
1814,720,1915,710,1151,1276,498,567,116,290,50,88,20,16,28,95,42,28
1617,697,1925,683,1155,1312,512,564,117,271,50,91,20,16,28,95,43,28
1495,677,1910,665,1136,1310,522,560,117,255,50,92,20,16,28,95,43,27
1524,677,1892,657,1125,1291,523,558,117,250,50,93,20,16,28,95,43,27
1640,688,1880,666,1124,1274,520,559,117,256,50,92,20,15,28,95,43,27
1922,720,1864,684,1124,1245,507,570,116,284,50,89,20,15,28,95,42,28
2071,740,1859,733,1131,1187,490,575,115,303,49,85,20,15,28,95,41,28
2096,749,1897,734,1147,1211,483,580,115,316,50,84,20,15,28,95,41,29
1975,742,1939,733,1165,1260,486,579,116,311,50,85,20,16,28,95,42,29
1749,727,1978,727,1184,1283,505,569,116,284,50,89,20,16,28,95,43,28
1738,723,1960,706,1181,1326,518,566,116,268,50,92,20,16,28,95,44,28
1803,721,1956,708,1177,1282,517,570,116,276,50,91,20,15,28,95,43,28
1861,723,1921,709,1142,1258,508,575,116,290,50,89,20,16,28,95,42,28
1767,714,1911,697,1146,1271,505,568,118,285,49,89,20,16,28,94,42,28
1781,724,1945,702,1167,1296,515,570,118,277,50,91,20,16,28,95,43,28
1846,729,1939,715,1170,1283,513,575,118,282,50,90,20,15,28,94,43,28
1849,727,1934,715,1165,1278,507,574,118,289,49,89,20,15,28,94,43,28
1724,713,1941,698,1161,1295,510,570,118,281,50,90,20,15,28,95,43,28
1768,713,1910,690,1145,1273,513,566,118,273,50,90,20,16,28,94,43,28
1863,717,1894,703,1140,1236,506,569,118,284,49,89,20,15,28,94,42,28
1958,730,1878,717,1138,1222,497,576,117,301,49,87,20,15,28,94,42,28
1940,734,1903,726,1157,1249,494,576,118,303,50,87,20,15,28,95,42,28
1769,720,1921,707,1166,1293,506,573,118,289,50,89,20,15,28,94,43,28
1736,721,1942,701,1166,1306,515,571,119,278,50,91,20,16,28,95,43,28
1798,727,1952,710,1172,1299,515,569,118,277,50,91,20,16,28,94,43,28
1832,725,1926,715,1163,1277,510,574,118,287,50,89,20,16,28,95,43,28
1859,725,1914,714,1156,1268,507,577,118,294,50,89,20,15,28,95,42,28
1815,721,1922,704,1153,1272,507,572,118,286,50,89,20,16,28,94,42,28
1817,723,1924,706,1153,1272,506,570,118,286,50,89,20,15,28,95,42,28
1834,726,1927,710,1157,1274,509,573,118,285,50,89,20,15,28,95,43,28
1850,727,1924,713,1158,1270,508,574,118,288,50,89,20,15,28,94,43,28
1854,725,1916,713,1156,1269,507,575,118,290,50,89,20,15,28,94,43,28
1838,724,1925,711,1158,1273,508,576,118,292,50,89,20,15,28,94,43,28
1815,724,1940,712,1162,1278,511,576,118,289,50,89,20,16,28,95,43,28
1749,723,1963,710,1178,1311,516,574,119,281,50,90,20,15,28,95,43,28
1720,719,1960,706,1177,1316,520,573,119,274,50,92,20,16,28,94,44,28
1805,717,1916,712,1164,1270,522,577,120,281,50,92,20,16,28,94,43,28
1983,723,1840,713,1120,1192,508,583,119,301,50,89,20,15,28,94,42,28
2010,720,1823,708,1106,1172,495,580,118,308,49,86,20,16,28,94,41,28
1894,707,1838,703,1108,1183,487,576,119,307,50,85,20,16,28,95,41,28
1621,692,1908,675,1137,1289,509,567,119,278,50,90,20,16,28,95,43,28
1534,692,1939,671,1156,1329,521,558,119,253,50,93,20,16,28,95,43,27
1609,700,1933,675,1162,1319,524,561,120,253,50,93,20,16,28,95,44,28
1707,707,1917,692,1162,1302,524,570,120,268,50,93,20,16,28,95,43,28
1787,712,1895,702,1150,1272,520,579,120,285,50,92,20,16,28,95,43,28
1861,711,1854,703,1126,1229,508,577,119,294,50,89,20,15,28,95,42,28
1870,712,1859,699,1123,1221,505,575,119,293,50,88,20,16,28,95,42,28
1825,724,1928,717,1165,1285,507,575,119,293,50,89,20,16,28,96,43,28
1571,694,1942,685,1173,1329,519,569,120,272,50,92,20,16,28,95,44,28
1381,661,1903,670,1135,1328,529,564,120,252,50,94,20,16,28,95,44,27
1443,661,1865,632,1106,1278,529,555,120,239,50,93,20,16,28,95,43,27
1655,683,1852,646,1105,1253,520,555,119,251,50,91,20,15,28,95,42,27
1805,704,1870,661,1118,1231,512,565,119,271,50,89,20,15,28,95,42,28
1897,723,1886,716,1137,1241,498,572,119,288,50,87,20,15,28,95,42,28
1926,739,1936,723,1180,1252,502,579,118,301,50,88,20,15,28,95,43,29
1927,737,1930,729,1171,1273,506,580,118,298,50,89,20,16,28,95,43,29
1920,731,1913,720,1156,1260,506,577,117,294,49,89,20,15,28,95,42,28
1915,719,1883,712,1141,1226,498,575,117,298,49,87,20,15,28,95,42,28
1780,710,1897,700,1141,1265,505,571,118,289,50,89,20,15,28,95,42,28
1678,699,1914,686,1146,1287,513,569,119,277,50,90,20,16,28,95,43,28
1657,698,1908,682,1142,1286,517,566,119,268,50,91,20,16,28,95,43,28
1878,721,1895,707,1141,1245,506,567,117,280,49,89,20,15,28,95,42,28
1915,724,1891,711,1137,1234,502,571,117,290,49,88,20,15,28,95,42,28
1881,724,1906,713,1144,1255,499,575,117,298,50,87,20,15,28,95,42,28
1801,720,1935,708,1160,1284,500,572,117,294,50,88,20,15,28,95,42,28
1689,710,1939,697,1168,1309,517,569,119,274,50,91,20,16,28,95,43,28
1806,714,1927,701,1144,1256,514,570,117,278,50,90,20,15,28,95,43,28
1875,720,1887,705,1135,1234,507,573,117,288,50,89,20,15,28,95,42,28
1929,725,1889,711,1135,1228,495,571,117,298,49,86,20,15,28,95,42,28
1666,712,1969,705,1173,1284,509,566,118,278,50,88,20,15,28,95,43,28
1574,701,1969,683,1170,1336,516,560,119,260,50,92,20,16,28,95,44,28
1619,705,1950,678,1161,1318,524,562,118,257,50,93,20,16,28,95,44,28
1767,720,1952,701,1162,1287,523,573,118,273,50,92,20,16,28,95,43,28
2077,738,1910,734,1155,1177,500,582,118,306,49,87,20,15,28,94,42,29
2085,738,1846,732,1124,1178,486,588,118,314,49,84,20,15,28,94,41,29
1890,727,1915,717,1150,1254,489,582,118,314,49,85,20,15,28,94,41,29
1705,723,1924,705,1155,1332,514,571,120,278,50,91,20,16,28,95,44,28
1692,727,1997,711,1195,1356,533,573,120,265,50,94,20,16,28,95,44,28
1831,729,1947,723,1180,1294,520,579,119,280,50,91,20,16,28,95,44,28
1883,724,1910,713,1153,1250,511,582,119,295,50,89,20,15,28,95,43,29
1876,725,1910,712,1149,1250,511,582,119,297,49,89,20,15,28,94,42,28
1876,726,1912,712,1153,1257,507,576,119,292,50,89,20,16,28,94,42,28
1794,720,1932,709,1163,1285,516,579,119,287,50,90,20,16,28,95,43,28
1704,711,1942,705,1163,1294,519,576,119,280,49,91,20,16,28,94,43,28
1663,703,1931,685,1153,1302,518,570,120,275,50,91,20,16,28,95,43,28
1656,699,1911,685,1145,1287,521,567,120,266,50,92,20,16,28,95,43,28
1928,725,1880,688,1138,1275,510,576,119,290,49,89,20,16,28,94,42,28
1998,737,1894,720,1147,1225,497,578,118,304,49,88,20,15,28,95,42,28
1967,736,1906,726,1150,1236,493,579,118,308,49,86,20,15,28,95,42,28
1947,738,1915,730,1163,1254,496,580,118,307,50,87,20,16,28,95,42,29
1969,739,1912,728,1159,1247,503,581,118,302,49,88,20,15,28,95,42,29
1858,726,1927,722,1163,1261,510,578,119,293,49,89,20,16,28,95,43,28
1782,721,1928,707,1162,1294,507,574,119,291,50,89,20,15,28,94,43,28
1715,714,1957,699,1171,1316,514,573,119,284,50,90,20,16,28,95,43,28
1647,708,1958,695,1170,1321,521,568,119,267,50,92,20,16,28,95,44,28
1676,712,1956,695,1171,1315,524,567,119,264,50,92,20,16,28,95,44,28
1766,716,1932,703,1161,1287,518,570,119,271,50,91,20,15,28,95,43,28
1846,722,1907,706,1152,1276,511,574,119,287,50,90,20,16,28,95,43,28
1922,726,1887,713,1140,1239,503,576,119,296,49,88,20,15,28,94,42,28
1958,729,1885,717,1139,1228,501,576,118,299,49,87,20,15,28,94,42,28
1950,729,1885,718,1142,1229,501,578,119,299,49,87,20,16,28,95,42,28
1932,723,1873,716,1136,1225,501,578,118,300,49,87,20,15,28,95,42,28
1941,732,1882,716,1138,1238,501,578,118,300,49,87,20,15,28,94,42,28
1919,734,1926,720,1159,1263,503,577,118,297,49,88,20,15,28,95,42,28
1892,735,1943,719,1167,1267,504,574,119,293,49,88,20,16,28,95,42,28
1955,738,1899,723,1148,1250,501,580,118,303,49,87,20,15,28,95,42,29
1852,734,1957,724,1174,1266,506,575,118,292,50,88,20,15,28,95,43,28
1608,711,1985,702,1182,1327,521,570,119,270,50,91,20,15,28,96,44,28
1606,710,1977,689,1181,1346,523,568,119,265,50,93,20,15,28,96,44,28
1789,722,1963,706,1176,1284,524,572,119,265,49,92,20,15,28,95,44,28
1989,734,1896,723,1148,1222,511,579,118,284,49,89,20,15,28,95,43,28
2072,742,1877,726,1133,1208,493,583,118,313,49,87,20,15,28,95,41,28
2081,748,1891,737,1147,1207,484,580,118,317,49,85,20,15,28,95,41,29
2013,742,1893,738,1157,1233,487,581,118,314,49,85,20,15,28,95,42,29
1911,731,1903,722,1157,1256,503,580,118,301,49,88,20,15,28,95,42,28
1886,728,1916,717,1156,1257,506,576,118,294,49,89,20,15,28,96,42,28
1884,727,1915,715,1153,1257,505,575,118,293,49,88,20,15,28,95,42,28
1785,712,1910,705,1148,1267,509,573,119,287,50,89,20,15,28,95,43,28
1688,700,1908,684,1143,1275,514,571,119,282,49,90,20,16,28,95,43,28
1713,705,1914,685,1141,1275,515,567,119,274,50,90,20,16,28,95,43,28
1788,716,1914,693,1145,1269,512,566,119,274,49,90,20,15,28,95,43,28
1888,732,1922,716,1152,1270,506,568,118,285,49,89,20,15,28,95,43,28
1982,745,1928,735,1168,1258,499,576,118,298,49,87,20,15,28,95,43,29
1911,727,1914,725,1156,1253,500,577,118,300,49,87,20,15,28,95,42,28
1716,703,1908,689,1149,1267,507,570,118,297,49,89,20,15,28,95,42,28
1657,694,1898,676,1130,1270,508,560,119,271,49,90,20,16,28,95,43,28
1717,706,1914,676,1140,1269,515,563,119,265,50,90,20,15,28,95,43,28
1915,737,1930,717,1164,1268,504,567,118,284,49,89,20,16,28,95,42,28
2039,750,1923,745,1164,1243,496,576,118,303,49,87,20,16,28,95,42,29
2066,748,1903,747,1164,1228,492,585,118,314,49,86,20,15,28,95,42,29
1970,732,1894,744,1146,1232,493,580,118,308,49,86,20,16,28,95,42,29
1875,719,1897,710,1138,1243,494,571,117,297,49,86,20,15,28,95,42,28
1752,707,1905,689,1140,1271,504,560,117,282,49,89,20,16,28,95,42,28
1813,716,1904,691,1142,1268,503,559,117,275,49,89,20,16,28,95,42,28
1884,721,1897,704,1136,1247,496,559,116,281,49,88,20,15,28,95,42,28
1919,732,1926,713,1150,1257,496,567,116,291,49,87,20,16,28,95,42,28
1840,729,1937,711,1156,1286,495,564,117,290,49,87,20,15,28,96,42,28
1788,725,1953,709,1170,1298,505,564,117,280,49,89,20,16,28,96,43,28
1864,729,1926,714,1159,1290,510,569,117,281,49,90,20,15,28,96,43,28
2003,733,1879,720,1130,1212,493,573,116,300,49,86,20,15,28,95,41,28
1954,738,1929,722,1157,1219,496,577,118,304,49,86,20,16,28,95,42,28
1824,730,1939,716,1162,1301,503,575,118,302,49,88,20,15,28,95,43,28
1671,716,1973,700,1177,1332,515,571,119,284,49,91,20,15,28,96,43,28
1643,711,1962,698,1176,1331,522,568,119,267,50,91,20,16,28,96,44,28
1732,713,1924,695,1154,1291,525,571,119,268,49,93,20,16,28,95,44,28
1984,738,1904,723,1148,1225,507,577,118,281,49,88,20,15,28,95,43,28
2152,756,1888,745,1143,1196,486,582,118,316,49,84,20,16,28,95,41,29
1958,744,1947,742,1175,1239,491,580,118,311,49,85,20,15,28,95,42,29
1862,734,1949,721,1174,1286,506,579,119,306,49,89,20,16,28,95,43,28
1797,724,1945,708,1171,1296,515,569,119,278,49,91,20,16,28,95,43,28
1778,721,1946,704,1162,1293,515,574,119,282,49,91,20,16,28,95,43,28
1866,730,1940,714,1161,1272,508,575,118,284,49,89,20,15,28,95,43,28
1987,737,1897,714,1145,1229,504,579,118,296,49,88,20,16,28,95,42,28
2022,749,1935,728,1166,1247,500,582,118,306,49,88,20,15,28,95,42,29
2028,753,1938,744,1171,1260,496,582,118,307,49,86,20,15,28,95,42,29
1951,746,1956,741,1184,1274,507,584,119,303,49,88,20,15,28,95,43,29
1711,719,1958,707,1183,1329,520,579,119,285,50,91,20,16,28,95,44,28
1476,690,1984,661,1169,1356,525,568,120,268,50,93,20,15,28,95,44,28
1453,686,1957,654,1155,1353,525,558,120,248,50,93,20,16,28,96,44,27
1712,715,1935,680,1159,1307,524,560,120,254,49,93,20,16,28,95,44,27
2007,746,1921,728,1158,1238,518,573,119,266,49,91,20,16,28,95,43,28
2217,763,1875,735,1142,1224,492,586,118,317,49,85,20,15,28,95,41,29
2242,762,1854,760,1133,1158,470,585,117,332,49,80,20,15,28,95,40,29
2189,757,1865,753,1135,1174,469,589,117,334,49,80,20,15,28,95,40,29
2015,740,1904,743,1150,1201,486,582,118,316,49,82,20,15,28,95,41,29
1759,717,1917,698,1152,1292,511,572,119,304,49,90,20,16,28,95,43,28
1720,715,1946,695,1163,1308,515,569,119,276,50,91,20,16,28,95,43,28
1754,723,1961,700,1174,1309,516,567,119,272,49,91,20,16,28,95,44,28
1870,735,1960,722,1176,1289,511,573,119,274,49,90,20,16,28,95,43,28
1915,730,1910,722,1154,1282,504,575,118,294,49,88,20,16,28,95,43,28
1965,736,1908,723,1152,1240,501,576,118,299,49,88,20,15,28,95,42,28
2020,740,1896,725,1145,1225,496,575,118,301,49,87,20,15,28,95,42,28
2031,740,1896,727,1144,1223,494,577,118,303,49,86,20,15,28,95,42,28
1895,737,1905,722,1148,1289,502,576,118,298,49,88,20,15,28,95,43,28
1691,716,1966,699,1175,1330,515,572,119,285,49,91,20,15,28,95,43,28
1642,709,1955,690,1170,1321,521,566,119,266,49,92,20,16,28,95,44,28
1870,721,1889,699,1140,1269,515,571,119,278,49,91,20,16,28,95,43,28
2045,731,1852,719,1120,1181,494,576,118,298,49,86,20,15,28,95,42,28
2109,741,1850,722,1119,1177,479,576,117,316,49,83,20,15,28,95,41,29
2156,757,1881,749,1147,1198,474,578,118,321,49,83,20,15,28,95,41,29
2089,750,1902,745,1157,1223,481,577,118,315,49,84,20,15,28,95,41,29
1837,724,1930,731,1160,1248,501,575,118,297,49,86,20,15,28,95,42,28
1741,712,1925,699,1155,1288,507,568,119,283,49,89,20,15,28,95,43,28
1712,704,1907,688,1142,1275,514,566,119,270,49,91,20,15,28,95,43,28
1771,710,1901,691,1142,1267,514,565,119,272,49,90,20,16,28,95,43,28
1817,714,1895,700,1141,1254,509,566,118,277,49,89,20,15,28,95,43,28
1914,727,1899,710,1143,1242,500,571,118,293,49,88,20,15,28,95,42,28
1916,728,1900,713,1149,1241,498,571,118,293,49,87,20,15,28,95,42,28
1873,728,1920,715,1158,1257,503,572,118,291,49,88,20,16,28,95,43,28
1907,734,1921,720,1160,1265,505,571,119,289,49,89,20,15,28,95,43,28
1997,743,1915,723,1163,1259,500,574,119,296,49,87,20,16,28,95,42,28
1927,736,1928,729,1167,1265,498,575,119,299,49,87,20,15,28,95,42,28
1770,718,1930,706,1163,1284,503,571,119,293,49,89,20,15,28,95,42,28
1738,708,1904,697,1138,1264,512,570,119,279,49,90,20,15,28,95,43,28
1793,709,1882,690,1130,1243,513,567,119,275,49,90,20,15,28,95,42,28
1955,729,1883,710,1135,1225,500,570,119,291,49,87,20,15,28,95,42,28
2064,750,1903,736,1150,1227,492,575,118,302,49,86,20,15,28,95,42,28
2103,764,1943,739,1186,1256,490,582,119,313,49,86,20,15,28,95,42,29
2059,760,1952,758,1190,1266,494,585,119,315,49,86,20,15,28,95,43,29
1844,730,1944,729,1180,1291,508,579,118,297,50,89,20,15,28,95,43,28
1717,708,1920,723,1156,1290,514,574,119,283,50,91,20,16,28,95,43,28
1689,700,1901,690,1141,1282,517,569,119,274,50,91,20,15,28,95,43,28
1782,708,1897,695,1138,1252,514,569,119,277,50,90,20,15,28,95,43,28
1897,722,1885,697,1140,1247,505,574,119,290,49,88,20,16,28,95,42,28
1909,725,1895,719,1147,1242,502,580,119,301,49,88,20,15,28,94,42,28
1803,719,1917,710,1154,1279,510,580,120,295,50,89,20,16,28,95,43,28
1740,711,1917,706,1157,1284,515,572,120,280,50,90,20,16,28,95,43,28
1797,719,1917,708,1160,1277,519,575,120,280,50,91,20,16,28,95,43,28
1931,732,1908,722,1157,1248,507,579,119,291,49,89,20,15,28,95,43,28
1985,736,1896,727,1151,1240,498,581,119,306,49,87,20,16,28,95,42,29
1878,726,1914,722,1156,1254,501,577,119,298,49,87,20,16,28,95,42,28
1751,713,1919,696,1153,1282,514,575,120,285,49,90,20,15,28,95,43,28
1780,720,1923,701,1155,1290,517,573,120,280,49,91,20,15,28,94,43,28
1855,735,1951,719,1178,1293,513,576,119,285,49,90,20,16,28,94,44,28
1971,749,1942,737,1184,1278,505,581,119,301,49,89,20,16,28,94,43,28
1999,748,1929,743,1174,1262,502,586,119,309,49,88,20,15,28,94,43,29
1959,738,1922,730,1161,1250,500,585,119,309,49,87,20,15,28,95,42,29
1899,735,1932,721,1165,1274,506,582,119,303,49,88,20,15,28,95,43,28
1752,718,1953,709,1175,1307,514,576,120,286,50,90,20,16,28,95,43,28
1684,715,1964,701,1175,1314,520,577,120,282,50,91,20,15,28,94,44,28
1742,722,1958,703,1172,1310,525,576,120,275,49,92,20,16,28,94,44,28
1896,739,1955,725,1173,1280,517,578,120,286,49,91,20,16,28,95,43,28
2104,761,1923,756,1175,1236,503,589,119,304,49,87,20,15,28,94,42,29
2163,757,1883,755,1152,1193,490,595,118,326,49,84,20,15,28,94,42,29
1866,723,1924,736,1152,1219,497,586,119,312,49,86,20,16,28,94,42,29
1480,690,1980,664,1166,1354,519,570,121,272,50,91,20,16,28,95,44,28
1413,685,1980,648,1164,1367,531,560,121,245,50,95,20,16,28,95,44,27
1621,712,1977,689,1166,1338,533,561,121,243,50,95,20,15,28,95,45,27
2042,746,1924,740,1170,1231,516,585,120,274,49,90,20,15,28,95,44,29
2187,750,1844,744,1127,1204,486,592,119,329,49,83,20,15,28,94,41,29
2174,750,1848,747,1127,1174,476,589,119,332,49,81,20,16,28,94,40,29
2041,743,1904,744,1154,1228,485,584,119,318,49,84,20,15,28,94,42,29
1809,725,1942,716,1171,1297,515,581,121,295,50,90,20,16,28,94,43,28
1744,721,1955,709,1178,1314,519,576,120,281,50,91,20,16,28,94,44,28
1775,721,1936,709,1170,1297,521,576,120,279,49,91,20,16,28,95,44,28
1833,724,1929,714,1164,1272,515,578,120,283,49,90,20,16,28,94,43,28
1916,736,1924,727,1164,1260,505,579,119,298,49,88,20,16,28,94,43,28
1890,735,1937,724,1169,1272,507,578,120,296,49,89,20,16,28,94,43,28
1877,736,1936,725,1175,1282,508,580,120,296,49,89,20,16,28,94,43,28
1944,740,1929,730,1169,1260,509,583,119,298,49,89,20,16,28,94,43,29
1928,737,1927,727,1165,1262,509,583,120,300,49,89,20,16,28,94,43,28
1820,727,1956,721,1179,1299,511,582,120,296,50,90,20,16,28,94,43,28
1704,712,1951,699,1175,1305,518,576,120,291,50,91,20,16,28,94,44,28
1691,704,1912,691,1151,1285,523,573,121,272,49,92,20,16,28,94,44,28
1859,717,1880,698,1138,1256,514,574,120,285,49,91,20,16,28,94,43,28
2026,733,1874,723,1134,1197,498,578,119,304,49,87,20,15,28,94,42,28
2119,750,1868,745,1137,1197,485,582,119,312,49,84,20,15,28,94,41,29
2125,758,1909,747,1163,1209,483,586,119,324,49,84,20,15,28,94,41,29
1979,742,1923,741,1172,1259,494,585,119,314,49,86,20,15,28,94,42,29
1760,711,1915,699,1154,1281,517,579,120,287,49,91,20,15,28,94,43,28
1724,702,1893,688,1139,1273,517,568,120,273,49,91,20,16,28,94,43,28
1846,713,1884,700,1135,1241,510,570,120,282,49,90,20,15,28,94,43,28
1946,726,1881,718,1143,1236,503,576,120,294,49,88,20,16,28,94,42,28
1915,722,1889,715,1145,1239,503,578,120,299,49,88,20,15,28,94,42,29
1873,724,1912,713,1154,1264,505,574,120,293,49,88,20,16,28,94,43,28
1898,733,1916,724,1172,1280,507,573,120,289,49,89,20,15,28,94,43,28
1941,738,1929,731,1171,1274,508,578,120,292,49,89,20,15,28,94,43,29
1930,739,1938,731,1175,1274,508,580,120,299,49,89,20,16,28,94,43,29
1826,718,1904,715,1154,1266,510,580,120,296,49,89,20,15,28,94,43,28
1779,704,1874,696,1133,1240,511,577,120,289,49,90,20,16,28,94,43,28
1831,705,1851,692,1114,1225,511,576,120,289,49,89,20,15,28,94,42,28
1970,730,1854,717,1115,1214,497,575,120,300,49,87,20,15,28,94,42,28
2032,748,1914,743,1164,1244,495,580,119,307,49,86,20,16,28,94,42,29
2032,757,1953,751,1189,1265,499,586,120,312,49,87,20,15,28,94,43,29
1977,753,1953,752,1196,1289,504,587,120,310,49,88,20,16,28,94,43,29
1868,733,1945,730,1180,1290,511,584,120,300,49,90,20,16,28,94,43,29
1796,721,1927,718,1163,1287,514,577,120,288,49,90,20,15,28,95,43,28
1847,721,1905,709,1151,1263,513,574,120,285,49,90,20,16,28,94,43,28
1925,726,1896,714,1147,1236,508,577,120,287,49,89,20,15,28,94,43,28
1982,733,1890,725,1144,1229,502,582,120,303,49,87,20,16,28,94,42,29
1945,733,1911,726,1156,1239,502,582,120,305,49,87,20,16,28,94,42,29
1915,732,1921,726,1163,1264,505,583,120,303,49,88,20,15,28,94,43,29
1832,728,1936,724,1170,1279,511,579,120,292,49,89,20,16,28,94,43,28
1819,726,1932,714,1168,1290,519,578,120,284,49,91,20,16,28,94,43,28
1933,737,1929,728,1168,1263,513,579,120,292,49,90,20,16,28,94,43,28
2047,742,1880,740,1148,1209,497,584,119,311,49,87,20,15,28,94,42,29
1960,731,1883,728,1145,1232,496,585,119,312,49,86,20,16,28,94,42,29
1733,712,1912,699,1150,1287,507,578,120,305,49,89,20,16,28,94,43,28
1686,713,1944,690,1160,1305,520,570,120,271,49,92,20,15,28,94,44,28
1854,737,1951,718,1171,1293,520,571,120,270,49,91,20,15,28,94,44,28
2054,758,1935,749,1178,1254,510,578,120,291,49,89,20,15,28,94,43,28
2131,763,1927,761,1175,1230,496,590,119,319,49,86,20,16,28,94,42,29
2050,747,1911,744,1164,1233,490,591,120,321,49,85,20,16,28,94,42,29
1959,738,1915,739,1157,1235,501,587,120,311,49,87,20,16,28,94,42,29
1906,737,1934,726,1171,1272,513,579,120,290,49,90,20,15,28,94,43,28
1894,730,1918,724,1164,1269,511,584,120,299,49,90,20,16,28,94,43,29
1878,724,1909,714,1157,1253,511,583,120,298,49,90,20,16,28,94,43,28
1788,716,1918,700,1148,1274,513,574,120,282,49,90,20,16,28,94,43,28
1799,719,1918,699,1153,1274,511,570,120,281,49,90,20,15,28,94,43,28
1924,739,1923,726,1158,1272,510,575,120,289,49,90,20,15,28,94,43,28
1962,740,1929,731,1170,1267,506,581,120,298,49,88,20,16,28,94,43,28
1879,725,1906,720,1155,1260,503,578,120,298,49,88,20,15,28,94,42,28
1840,719,1904,703,1143,1255,511,577,120,291,49,90,20,16,28,94,43,28
1926,727,1889,707,1136,1234,507,574,119,289,49,89,20,15,28,94,43,28
2087,747,1888,720,1149,1221,492,577,119,307,49,86,20,15,28,94,42,29
1950,742,1939,736,1175,1277,498,583,120,309,49,88,20,15,28,94,42,29
1858,727,1925,719,1169,1274,506,579,120,298,49,89,20,15,28,94,43,28
1846,720,1901,715,1149,1253,512,572,120,281,49,90,20,15,28,94,43,28
1899,728,1909,714,1152,1251,500,574,119,296,49,89,20,15,28,94,42,28
1834,722,1916,712,1154,1269,503,572,120,291,49,88,20,16,28,94,43,28
1819,721,1912,709,1154,1269,512,572,120,283,49,90,20,15,28,94,43,28
1896,729,1916,717,1156,1257,509,575,120,290,49,89,20,16,28,94,43,28
1934,740,1938,728,1173,1271,508,581,120,298,49,89,20,15,28,94,43,28
1939,743,1942,737,1178,1278,506,580,120,299,49,89,20,16,28,94,43,28
1974,741,1924,733,1170,1252,512,586,120,299,49,90,20,15,28,94,43,29
1920,728,1904,732,1147,1246,508,583,119,300,49,88,20,15,28,94,42,29
1825,718,1908,709,1150,1265,507,578,120,294,49,89,20,16,28,94,43,28
1790,714,1907,703,1152,1268,517,577,120,284,49,91,20,16,28,94,43,28
1836,721,1905,706,1147,1258,517,576,120,282,49,90,20,16,28,94,43,28
1945,733,1900,721,1148,1238,507,579,120,295,49,88,20,15,28,94,42,28
2058,751,1910,741,1158,1236,498,581,119,305,49,87,20,16,28,94,42,29
2093,761,1934,756,1179,1250,496,585,119,312,49,87,20,15,28,94,43,29
2081,761,1939,761,1186,1253,498,589,119,316,49,87,20,16,28,94,43,29
2001,748,1932,748,1179,1262,502,588,119,312,49,88,20,15,28,94,43,29
1847,725,1923,716,1158,1270,511,584,120,298,49,89,20,16,28,94,43,28
1812,719,1915,706,1153,1267,515,577,120,288,49,90,20,16,28,94,43,28
1878,727,1910,713,1151,1256,514,577,120,286,49,90,20,16,28,94,43,28
1931,738,1925,724,1164,1259,507,582,120,300,49,89,20,15,28,94,43,28
1935,742,1938,730,1170,1271,505,582,120,303,49,88,20,15,28,94,43,28
1890,740,1954,727,1180,1290,508,579,119,296,49,89,20,16,28,94,43,28
1881,740,1958,727,1181,1294,512,579,120,293,49,90,20,15,28,94,43,28
1902,740,1948,731,1180,1285,513,580,120,294,49,90,20,16,28,94,43,28
