515,131,422,215,411,497,193,164,100,60,44,37,18,15,27,92,28,19
531,136,432,213,411,499,194,164,101,60,44,37,18,15,27,92,28,19
555,141,443,212,419,507,195,164,101,60,44,37,18,15,27,92,28,19
517,146,466,216,432,526,195,166,101,60,44,37,18,15,27,92,29,19
498,140,457,219,429,521,194,165,100,60,44,37,18,15,27,93,29,19
462,142,474,218,441,540,196,162,100,58,44,37,18,15,27,93,29,19
442,144,493,216,450,559,195,162,100,58,44,37,18,15,27,93,29,19
442,144,489,220,447,547,194,165,99,60,44,37,18,15,27,92,29,19
478,142,474,225,437,529,194,166,100,60,44,37,18,15,27,92,29,19
471,142,470,225,439,532,194,164,99,60,44,37,18,15,27,92,29,19
487,143,473,216,437,539,194,163,100,59,44,37,18,15,27,92,29,19
487,142,465,213,427,524,192,162,100,59,44,37,18,15,27,92,29,19
517,150,482,216,435,534,192,162,100,59,44,37,18,15,27,92,29,19
518,154,499,217,443,543,195,164,100,60,44,37,18,15,27,92,29,19
502,158,526,227,468,576,196,165,100,60,44,37,18,15,27,92,29,19
497,157,516,240,476,578,195,165,100,60,44,37,18,15,27,92,30,19
511,154,508,234,469,572,193,165,101,61,44,38,18,15,27,92,30,19
542,168,541,235,481,589,194,165,101,60,44,37,18,15,27,92,30,19
546,165,533,226,469,576,194,164,101,60,44,37,18,15,27,92,29,19
517,162,533,224,469,579,195,164,101,60,44,38,18,15,27,92,29,19
498,155,513,221,458,563,196,164,101,60,44,38,18,15,27,92,29,19
507,147,484,220,442,543,194,164,100,60,44,37,18,15,27,92,29,19
521,134,432,214,414,504,193,164,100,60,44,37,18,15,27,92,28,19
520,135,441,218,423,517,194,165,100,60,44,37,18,15,27,92,29,19
534,144,465,218,430,528,193,163,100,60,44,37,18,15,27,92,28,19
505,145,478,215,438,542,194,163,100,59,44,37,18,15,27,92,29,19
512,151,504,219,452,560,195,163,101,59,44,37,18,15,27,92,29,19
500,150,497,221,452,561,195,163,101,59,44,38,18,15,27,92,29,19
510,142,465,218,436,537,195,164,101,59,44,37,18,15,27,92,29,19
523,145,477,223,443,546,194,165,100,60,44,37,18,15,27,92,29,19
511,134,432,217,420,509,193,165,100,60,44,37,18,15,27,92,29,19
532,137,438,219,420,509,193,165,100,61,44,37,18,15,27,92,28,19
530,137,439,218,418,506,194,165,100,60,44,37,18,15,27,92,28,19
517,135,435,217,416,504,195,163,100,60,44,37,18,15,27,92,28,19
509,134,433,215,417,506,195,164,101,60,44,37,18,15,27,92,29,19
498,133,433,214,417,509,194,163,100,59,44,37,18,15,27,92,29,19
518,136,437,213,417,511,195,162,100,59,44,37,18,15,27,92,29,19
515,137,440,212,418,514,194,162,100,59,44,37,18,15,27,92,29,19
510,136,441,214,421,516,194,163,101,59,44,37,18,15,27,92,29,19
493,132,430,211,413,506,195,164,100,60,44,37,18,15,27,92,29,19
513,137,444,216,423,515,194,164,100,60,44,37,18,15,27,92,29,19
509,138,444,219,426,518,194,164,100,59,44,37,18,15,27,92,29,19
496,136,442,217,423,513,193,163,100,60,44,37,18,15,27,92,29,19
506,136,442,215,421,514,194,164,101,60,44,37,18,15,27,92,29,19
514,135,438,214,416,507,194,164,101,60,44,37,18,15,27,92,29,19
513,135,434,213,415,506,194,164,101,60,44,37,18,15,27,92,28,19
507,134,434,211,415,508,195,163,101,59,44,37,18,15,27,92,29,19
504,137,445,212,423,521,195,162,101,58,44,37,18,15,27,92,28,19
505,140,457,210,428,532,195,162,101,58,44,38,18,15,27,92,29,19
497,133,435,206,413,515,194,162,100,58,44,37,18,15,27,92,29,19
499,135,441,213,420,517,194,163,100,59,44,37,18,15,27,92,29,19
521,137,442,215,418,509,193,164,100,60,44,37,18,15,27,92,29,19
521,136,436,218,418,504,192,165,100,61,44,37,18,15,27,92,29,19
518,139,445,222,423,507,192,166,100,62,44,37,18,15,27,92,29,19
565,151,472,230,440,524,192,166,100,62,44,37,18,15,27,92,29,19
587,162,496,236,456,543,191,166,100,62,44,38,18,15,27,92,29,19
582,159,496,227,447,537,190,164,100,61,44,37,18,15,27,92,29,19
579,157,485,221,441,533,191,162,101,60,44,37,18,15,27,92,29,19
512,148,475,212,432,529,195,161,100,59,44,38,18,15,27,92,29,19
502,146,468,209,431,533,197,161,101,58,44,38,18,15,27,92,30,19
475,145,470,210,436,541,196,159,101,57,44,38,18,15,27,92,30,19
489,149,481,220,452,555,194,162,101,59,44,37,18,15,27,92,30,19
510,139,447,213,424,519,192,162,100,60,44,37,18,15,27,92,29,19
558,144,450,213,420,510,191,163,100,60,44,37,18,15,27,92,29,19
558,152,475,217,432,525,192,163,100,60,44,37,18,15,27,92,29,19
570,156,480,215,434,529,192,162,100,60,44,37,18,15,27,92,29,19
583,161,497,228,451,546,192,164,100,61,44,37,18,15,27,92,29,19
581,166,514,235,464,555,190,165,100,62,44,37,18,15,27,92,29,19
545,151,476,233,448,538,194,166,100,60,44,37,18,15,27,92,29,19
571,155,479,227,447,539,195,165,100,59,44,37,18,15,27,92,29,19
544,146,458,215,434,528,197,164,100,59,44,37,18,15,27,92,29,19
525,137,440,205,416,514,196,162,100,58,44,38,18,15,27,92,29,19
498,137,444,208,421,514,194,162,100,58,44,37,18,15,27,92,29,19
540,142,451,210,420,515,194,163,100,59,44,37,18,15,27,92,28,19
558,141,443,213,418,508,194,165,100,61,44,37,18,15,27,92,29,19
538,148,468,218,430,522,195,166,100,61,44,37,18,15,27,92,29,19
569,150,467,222,433,522,195,166,100,61,44,37,18,15,27,92,29,19
562,154,479,225,443,536,195,166,100,60,44,37,18,15,27,92,29,19
560,145,456,222,433,521,196,166,100,60,44,37,18,15,27,92,29,19
535,139,443,219,424,512,196,166,100,60,44,37,18,15,27,92,29,19
521,138,439,217,419,507,194,164,101,60,44,37,18,15,27,92,28,19
520,136,429,212,412,500,193,163,100,59,44,37,18,15,27,92,28,19
518,133,425,205,404,494,193,162,101,59,44,37,18,15,27,92,28,19
510,132,421,205,408,499,195,162,101,59,44,37,18,15,27,92,28,19
528,138,439,210,416,507,196,164,101,59,44,38,18,15,27,92,28,19
505,135,432,211,416,509,195,164,101,59,44,37,18,15,27,92,29,19
492,133,433,216,420,510,196,165,101,60,44,37,18,15,27,92,29,19
542,134,426,217,416,497,195,166,101,60,44,37,18,15,27,92,29,19
517,129,413,215,407,488,194,166,101,61,44,37,18,15,27,92,28,19
518,130,416,212,405,488,195,165,101,60,44,37,18,15,27,92,28,19
515,129,416,211,405,487,194,164,101,59,44,37,18,15,27,92,28,19
495,126,409,207,400,485,193,163,101,60,44,37,18,15,27,92,28,19
519,131,418,209,404,492,194,164,102,60,44,37,18,15,27,92,28,19
515,135,431,211,411,500,193,164,102,60,44,37,18,15,27,92,28,19
511,136,436,213,414,504,194,163,102,60,44,37,18,15,27,92,28,19
518,136,434,211,414,504,194,163,101,59,44,37,18,15,27,92,28,19
516,136,437,213,414,504,193,164,101,60,44,37,18,15,27,92,29,19
542,136,432,213,409,497,192,164,101,61,44,37,18,15,27,92,28,19
559,138,432,214,409,493,192,165,101,61,44,37,18,15,27,92,28,19
550,137,430,215,410,492,193,166,101,61,44,37,18,15,27,92,28,19
532,138,439,216,417,504,195,165,101,60,44,37,18,15,27,92,28,19
511,134,431,212,414,505,195,163,101,59,44,38,18,15,27,92,29,19
505,134,431,210,415,510,195,162,101,58,44,38,18,15,27,92,29,19
498,132,428,209,412,508,195,163,101,59,44,38,18,15,27,92,29,19
510,133,429,209,409,503,194,164,101,60,44,37,18,15,27,92,28,19
507,130,419,212,405,491,194,165,101,60,44,37,18,15,27,92,28,19
523,132,422,213,408,495,194,165,101,60,44,37,18,15,27,92,28,19
522,133,425,214,409,496,195,165,101,60,44,37,18,15,27,92,28,19
520,132,422,214,408,493,193,166,101,61,44,37,18,15,27,92,28,19
530,135,431,217,414,502,195,167,101,61,44,37,18,15,27,92,28,19
532,138,444,216,423,517,196,164,101,59,44,37,18,15,27,92,29,19
494,133,432,208,416,518,196,161,101,57,44,38,18,15,27,92,29,19
477,133,442,204,420,527,197,162,101,58,44,38,18,15,27,92,29,19
484,132,437,205,415,519,195,163,101,59,44,37,18,15,27,92,29,19
516,129,417,214,405,488,192,167,101,62,44,37,18,15,27,92,28,19
527,133,422,219,407,484,192,169,101,63,44,37,18,15,27,92,28,19
548,136,428,220,410,488,193,168,101,63,44,37,18,15,27,92,28,19
526,134,430,216,411,494,194,166,101,61,44,37,18,15,27,92,28,19
507,134,435,211,415,508,196,163,101,58,44,37,18,15,27,92,29,19
486,144,478,208,434,549,195,160,101,58,44,38,18,15,27,92,29,19
492,135,445,205,415,521,196,162,101,58,44,38,18,15,27,92,29,19
519,138,445,209,417,516,195,164,101,60,44,38,18,15,27,92,29,19
519,133,428,217,412,499,192,165,101,61,44,37,18,15,27,92,28,19
532,135,431,218,413,497,191,165,101,61,44,37,18,15,27,92,28,19
593,142,440,221,414,491,190,166,101,62,44,37,18,15,27,92,28,19
619,154,466,226,428,509,191,168,101,63,44,37,18,15,27,92,28,19
575,166,517,235,459,550,193,168,101,62,44,37,18,15,27,92,29,19
549,159,504,230,457,554,196,160,101,59,44,38,18,15,27,92,29,19
504,142,471,207,440,534,195,158,101,56,44,38,18,15,27,92,29,19
473,132,434,197,410,523,194,160,101,57,44,37,18,15,27,92,29,19
510,133,431,211,413,501,193,165,101,60,44,37,18,15,27,92,29,19
528,138,441,220,420,510,193,166,101,61,44,37,18,15,27,92,29,19
535,138,439,219,419,505,192,164,101,60,44,37,18,15,27,92,28,19
558,142,447,216,418,509,192,164,101,60,44,37,18,15,27,92,28,19
537,140,450,211,415,510,192,163,101,60,44,37,18,15,27,92,28,19
521,140,449,212,416,511,193,163,101,60,44,37,18,15,27,92,28,19
509,133,432,210,410,503,193,163,101,59,44,37,18,15,27,92,28,19
514,146,476,217,435,535,193,163,101,59,44,37,18,15,27,92,29,19
525,140,456,213,425,524,195,164,101,60,44,37,18,15,27,92,28,19
514,140,458,217,429,526,194,164,101,60,44,37,18,15,27,92,29,19
521,140,448,219,422,520,192,164,101,60,44,37,18,15,27,92,28,19
526,138,444,216,417,505,192,165,101,61,44,37,18,15,27,92,28,19
518,144,470,216,436,530,196,162,101,58,44,38,18,15,27,92,29,19
502,149,491,207,442,543,194,160,102,58,44,38,18,15,27,92,29,19
526,163,534,212,459,577,193,164,101,60,44,37,18,15,27,92,29,19
554,150,480,220,435,528,192,167,101,62,44,37,18,15,27,91,28,19
556,143,453,223,421,502,192,168,101,63,44,37,18,15,27,92,28,19
542,146,468,230,438,522,192,167,101,62,44,37,18,15,27,92,29,19
525,166,542,241,481,581,194,166,102,61,44,37,18,15,27,92,30,19
482,170,562,223,485,603,194,158,101,57,44,38,18,15,27,92,30,19
456,160,536,203,463,588,195,158,101,57,44,38,18,15,27,92,29,19
475,160,528,224,466,575,194,164,101,60,44,38,18,15,27,92,30,19
507,163,526,235,469,562,192,167,101,63,44,37,18,15,27,92,29,19
562,169,540,234,464,554,189,168,101,64,44,37,18,15,27,92,29,19
548,171,546,238,468,559,191,169,101,64,44,37,18,15,27,92,29,19
519,169,543,241,476,567,194,167,101,62,44,38,18,15,27,92,29,19
493,171,563,244,491,592,196,165,101,60,44,38,18,15,27,92,30,19
479,159,532,225,469,580,195,160,101,57,44,38,18,15,27,92,30,19
489,155,507,212,453,568,194,161,101,58,44,38,18,15,27,92,30,19
503,160,528,219,458,568,193,162,101,60,44,37,18,15,27,92,29,19
558,158,497,220,442,542,193,164,101,61,44,37,18,15,27,92,29,19
534,160,524,227,463,552,193,164,101,61,44,37,18,15,27,92,29,19
526,162,520,232,463,559,193,165,101,61,44,37,18,15,27,92,29,19
545,162,517,231,460,556,192,164,101,61,44,37,18,15,27,92,29,19
556,160,501,228,454,549,192,164,101,61,44,37,18,15,27,92,29,19
531,160,527,223,454,557,193,163,101,60,44,37,18,15,27,92,29,19
528,166,535,228,467,570,194,165,101,61,44,38,18,15,27,92,29,19
517,162,532,231,464,564,195,166,101,61,44,38,18,15,27,92,29,19
513,157,510,232,462,559,194,164,101,60,44,38,18,15,27,92,29,19
533,156,523,227,452,554,195,164,101,60,44,37,18,15,27,92,29,19
525,155,499,224,452,558,193,162,101,59,44,37,18,15,27,92,29,19
523,153,497,224,447,547,193,163,101,60,44,37,18,15,27,92,29,19
542,158,503,220,447,547,192,162,100,59,44,37,18,15,27,92,29,19
538,159,508,219,445,546,193,163,100,60,44,37,18,15,27,92,28,19
517,143,457,213,420,513,192,163,100,60,44,37,18,15,27,92,28,19
501,140,457,215,422,512,193,163,100,59,44,37,18,15,27,92,29,19
501,141,457,217,430,523,192,162,100,59,44,37,18,15,27,92,29,19
506,144,464,218,430,528,191,161,100,59,44,37,18,15,27,92,29,19
545,155,496,220,444,549,190,161,100,59,44,37,18,15,27,92,29,19
538,157,506,221,448,546,190,162,100,60,44,37,18,15,27,92,29,19
530,157,502,224,448,549,191,163,100,60,44,37,18,15,27,92,28,19
509,146,474,219,431,525,191,162,100,60,44,37,18,15,27,92,29,19
520,146,467,216,425,520,190,161,100,59,44,37,18,15,27,92,29,19
522,147,472,215,428,523,190,162,101,60,44,37,18,15,27,92,28,19
536,152,487,214,432,531,190,162,100,60,44,37,18,15,27,92,28,19
554,150,475,219,432,521,191,164,100,61,44,37,18,15,27,92,28,19
514,153,500,225,451,542,192,162,100,60,44,37,18,15,27,92,29,19
500,143,468,217,434,532,194,161,101,58,44,38,18,15,27,92,29,19
495,150,491,219,446,549,193,161,101,59,44,37,18,15,27,92,29,19
537,153,489,223,442,540,190,163,101,61,44,37,18,15,27,92,29,19
556,156,494,227,443,540,190,165,101,62,44,37,18,15,27,91,28,19
544,159,506,226,448,536,190,163,101,61,44,37,18,15,27,92,29,19
514,155,507,219,448,541,192,161,101,59,44,37,18,15,27,92,29,19
485,152,500,216,448,553,194,161,101,59,44,38,18,15,27,92,29,19
511,154,508,225,452,553,193,164,101,60,44,37,18,15,27,92,29,19
516,150,485,225,442,535,190,163,101,61,44,37,18,15,27,92,29,19
542,149,470,219,429,520,190,163,101,61,44,37,18,15,27,92,29,19
552,158,498,218,443,540,193,163,101,60,44,37,18,15,27,92,29,19
519,154,497,221,445,545,194,163,101,60,44,38,18,15,27,92,29,19
505,151,485,228,451,550,194,163,101,59,44,38,18,15,27,92,30,19
551,157,499,219,444,545,191,162,101,60,44,37,18,15,27,92,29,19
553,156,493,217,440,540,192,163,101,60,44,38,18,15,27,91,28,19
540,159,505,224,449,549,191,164,101,61,44,38,18,15,27,92,29,19
552,157,499,225,444,539,190,163,101,61,44,37,18,15,27,91,29,19
556,156,495,221,438,534,191,163,101,60,44,37,18,15,27,92,28,19
540,162,518,223,455,558,192,161,101,59,44,38,18,15,27,92,29,19
524,156,505,220,448,550,192,162,101,60,44,37,18,15,27,92,29,19
547,158,503,224,449,546,191,163,101,60,44,37,18,15,27,92,29,19
515,159,512,228,456,551,193,165,101,61,44,37,18,15,27,92,29,19
522,157,504,230,455,550,193,165,101,61,44,38,18,15,27,92,30,19
530,156,502,227,451,547,191,163,101,60,44,37,18,15,27,92,29,19
553,159,501,226,451,549,193,164,101,61,44,37,18,15,27,92,29,19
513,157,512,223,454,557,193,162,101,59,44,37,18,15,27,92,29,19
531,161,514,221,452,558,192,161,101,59,44,37,18,15,27,92,29,19
554,147,459,214,422,515,197,169,101,62,44,37,18,15,27,92,29,19
545,153,489,229,441,530,191,165,101,62,44,37,18,15,27,92,29,19
549,158,503,238,458,550,193,165,101,61,44,37,18,15,27,92,29,19
525,153,490,224,445,540,192,163,101,60,44,37,18,15,27,92,29,19
532,151,484,220,438,537,194,164,101,60,44,37,18,15,27,92,29,19
537,158,508,229,457,553,194,166,101,61,44,37,18,15,27,92,29,19
513,148,503,227,457,535,194,165,101,61,44,37,18,15,27,92,30,19
534,159,509,224,455,557,194,163,101,60,44,38,18,15,27,92,29,19
508,155,505,218,447,550,194,162,101,59,44,37,18,15,27,92,29,19
493,146,478,216,432,528,193,164,101,60,44,37,18,15,27,92,29,19
513,166,532,238,473,573,193,166,101,62,44,37,18,15,27,92,29,19
507,162,528,237,475,571,195,165,101,61,44,38,18,15,27,92,30,19
509,153,495,222,448,548,193,162,101,60,44,38,18,15,27,92,30,19
523,159,514,221,450,557,193,164,101,60,44,37,18,15,27,92,29,19
526,161,519,228,460,553,194,164,101,61,44,37,18,15,27,92,29,19
527,158,508,220,448,550,192,162,101,60,44,37,18,15,27,92,29,19
524,149,481,220,439,537,192,163,101,60,44,37,18,15,27,92,29,19
529,161,515,229,455,552,193,164,100,61,44,37,18,15,27,92,29,19
510,150,486,224,447,540,191,162,101,59,44,37,18,15,27,92,29,19
522,149,480,217,435,535,192,162,100,59,44,37,18,15,27,92,29,19
523,156,506,221,449,550,191,162,101,60,44,37,18,15,27,92,29,19
519,153,488,225,443,539,191,162,101,60,44,37,18,15,27,92,29,19
534,155,494,223,446,542,191,162,101,60,44,37,18,15,27,92,29,19
518,157,503,220,443,547,192,162,101,60,44,37,18,15,27,92,29,19
513,155,504,221,446,543,192,163,101,60,44,37,18,15,27,92,29,19
507,148,476,222,436,528,191,164,101,61,44,37,18,15,27,92,29,19
512,152,490,226,444,544,192,163,101,60,44,37,18,15,27,91,29,19
507,151,499,219,444,537,192,163,101,60,44,37,18,15,27,92,29,19
510,151,486,221,438,533,192,164,101,61,44,37,18,15,27,92,29,19
521,160,529,230,467,556,192,164,101,61,44,37,18,15,27,92,29,19
508,160,520,227,461,555,193,164,101,61,44,37,18,15,27,91,29,19
505,152,512,224,459,543,194,164,102,61,44,37,18,15,27,92,29,19
496,156,508,230,457,553,192,165,101,61,44,37,18,15,27,92,29,19
513,163,524,235,469,563,192,166,101,62,44,38,18,15,27,91,30,19
509,167,542,235,476,574,194,165,101,61,44,38,18,15,27,92,30,19
513,161,525,231,461,559,194,164,101,60,44,37,18,15,27,92,30,19
506,154,502,224,450,554,192,163,102,60,44,37,18,15,27,92,30,19
520,165,542,221,457,559,191,163,101,60,44,37,18,15,27,92,29,19
515,167,540,223,462,564,193,164,102,61,44,37,18,15,27,92,29,19
513,161,516,227,454,548,193,164,101,61,44,37,18,15,27,92,29,19
506,171,558,242,490,595,194,166,102,62,44,38,18,15,27,92,30,19
521,167,542,239,479,578,193,166,102,62,44,37,18,15,27,92,30,19
521,166,540,233,472,573,193,166,102,62,44,38,18,15,27,92,29,19
534,167,544,231,473,579,193,164,102,61,44,38,18,15,27,92,29,19
503,169,554,228,476,583,194,164,102,61,44,38,18,15,27,92,29,19
509,167,550,229,476,584,194,165,102,61,44,37,18,15,27,92,29,19
524,169,547,234,476,581,194,166,102,62,44,37,18,15,27,92,29,19
510,162,544,233,477,563,194,166,102,62,44,37,18,15,27,92,30,19
509,164,532,236,473,570,193,165,102,61,44,38,18,15,27,91,30,19
495,163,536,229,467,569,194,165,102,61,44,38,18,15,27,91,29,19
495,158,514,227,458,555,194,165,101,60,44,37,18,15,27,92,29,19
502,155,504,228,456,561,194,165,102,61,44,38,18,15,27,92,29,19
537,159,508,227,453,549,193,164,102,61,44,38,18,15,27,91,29,19
539,157,502,224,451,550,193,163,101,60,44,38,18,15,27,92,29,19
525,155,505,221,451,546,193,163,101,60,44,37,18,15,27,92,29,19
532,156,499,223,448,548,194,164,101,60,44,37,18,15,27,92,29,19
528,153,492,228,449,545,194,166,101,61,44,37,18,15,27,92,29,19
512,154,494,231,455,547,194,165,101,61,44,37,18,15,27,92,29,19
517,146,474,221,438,534,194,163,101,60,44,37,18,15,27,92,29,19
509,145,471,215,432,527,193,163,101,59,44,37,18,15,27,92,29,19
514,145,467,221,435,530,193,164,101,61,44,37,18,15,27,91,29,19
529,151,487,225,444,539,192,164,101,61,44,37,18,15,27,92,29,19
542,154,490,225,443,539,192,162,102,60,44,37,18,15,27,92,29,19
532,151,485,218,440,532,192,163,101,60,44,38,18,15,27,92,29,19
523,155,494,228,445,540,192,164,101,61,44,37,18,15,27,92,29,19
546,155,488,226,444,536,192,163,102,60,44,37,18,15,27,91,29,19
553,154,487,220,443,543,192,162,102,60,44,37,18,15,27,92,29,19
542,153,482,223,440,537,192,163,102,60,44,38,18,15,27,92,29,19
545,151,483,227,442,534,191,164,102,61,44,37,18,15,27,91,29,19
533,149,479,224,438,533,191,163,102,61,44,37,18,15,27,92,29,19
509,151,494,224,446,545,193,162,101,60,44,37,18,15,27,92,29,19
530,152,490,221,441,541,191,162,101,60,44,37,18,15,27,92,29,19
543,151,480,218,433,529,191,163,102,60,44,37,18,15,27,91,28,19
531,151,482,219,434,529,192,164,102,60,44,37,18,15,27,91,29,19
518,148,480,224,439,535,194,164,102,60,44,37,18,15,27,91,29,19
519,149,484,227,447,541,193,164,101,61,44,38,18,15,27,92,29,19
532,148,471,227,441,535,193,165,101,61,44,38,18,15,27,91,29,19
523,150,483,226,443,537,193,164,102,61,44,37,18,15,27,92,29,19
537,152,489,223,438,534,192,163,101,61,44,37,18,15,27,92,29,19
527,154,493,224,441,537,192,164,101,61,44,37,18,15,27,92,29,19
528,161,517,233,458,574,192,162,102,61,44,38,18,15,27,91,29,19
520,146,462,211,422,514,192,163,101,60,44,38,18,15,27,92,29,19
516,157,507,227,454,552,194,165,101,61,44,37,18,15,27,92,29,19
508,162,523,235,466,560,192,165,102,61,44,37,18,15,27,91,30,19
519,156,501,226,450,543,193,165,101,61,44,37,18,15,27,92,29,19
509,162,524,228,461,558,193,163,101,60,44,37,18,15,27,91,29,19
518,154,493,223,446,544,194,163,101,60,44,38,18,15,27,92,29,19
521,156,505,224,451,550,193,163,101,60,44,37,18,15,27,91,29,19
509,143,456,214,424,516,191,162,101,60,44,37,18,15,27,92,29,19
544,155,492,218,440,538,193,163,101,60,44,37,18,15,27,91,29,19
509,145,475,222,438,529,194,164,101,60,44,37,18,15,27,91,29,19
535,145,467,225,435,525,194,165,101,61,44,37,18,15,27,91,29,19
520,147,475,226,441,531,192,164,102,61,44,37,18,15,27,91,29,19
528,149,480,221,437,530,193,164,101,61,44,38,18,15,27,91,29,19
535,153,488,220,440,539,192,163,102,60,44,38,18,15,27,92,29,19
521,152,492,223,441,539,194,164,102,60,44,37,18,15,27,92,29,19
480,152,504,226,451,549,193,163,101,60,44,37,18,15,27,91,29,19
484,145,479,221,438,532,192,163,102,60,44,37,18,15,27,92,29,19
486,149,492,221,441,535,192,164,102,61,44,37,18,15,27,92,29,19
511,152,495,225,446,539,191,164,101,61,44,37,18,15,27,92,29,19
517,153,494,230,449,545,194,166,101,62,44,38,18,15,27,92,29,19
490,155,512,226,458,560,193,161,102,59,44,37,18,15,27,92,29,19
504,152,497,215,443,547,194,162,101,59,44,38,18,15,27,92,29,19
516,152,490,224,447,548,193,165,101,61,44,37,18,15,27,91,29,19
547,158,502,236,458,550,193,165,101,61,44,37,18,15,27,92,29,19
535,158,505,231,460,555,193,163,102,60,44,37,18,15,27,92,29,19
501,147,484,216,439,541,193,162,102,60,44,37,18,15,27,92,29,19
499,155,502,221,450,550,191,162,102,60,44,37,18,15,27,92,29,19
551,158,504,221,444,543,193,163,101,60,44,37,18,15,27,92,29,19
539,153,488,223,441,537,193,164,101,60,44,38,18,15,27,92,29,19
523,149,482,224,442,539,194,164,102,60,44,38,18,15,27,92,29,19
528,160,512,233,463,563,194,164,102,61,44,37,18,15,27,91,29,19
527,154,499,227,452,550,192,164,102,61,44,37,18,15,27,92,29,19
542,155,499,224,445,541,192,164,102,61,44,37,18,15,27,92,29,19
534,156,503,226,447,544,192,164,102,61,44,38,18,15,27,91,29,19
534,156,498,228,451,547,193,163,102,61,44,38,18,15,27,91,29,19
526,149,480,215,432,533,193,161,102,59,44,37,18,15,27,92,29,19
518,152,492,222,442,540,193,164,102,61,44,38,18,15,27,92,29,19
551,158,499,232,452,544,193,165,102,62,44,38,18,15,27,91,29,19
559,156,493,230,446,538,193,165,102,62,44,37,18,15,27,91,29,19
543,152,490,222,443,532,192,164,101,61,44,37,18,15,27,92,29,19
520,156,502,225,449,547,193,164,102,61,44,37,18,15,27,91,29,19
526,155,499,219,445,545,191,160,102,59,44,37,18,15,27,92,29,19
521,154,498,216,442,546,192,163,102,61,44,38,18,15,27,92,29,19
513,155,503,228,450,543,192,165,102,62,44,37,18,15,27,91,29,19
520,155,501,236,453,543,193,168,102,63,44,38,18,15,27,91,29,19
513,150,489,228,446,539,191,164,100,61,44,37,18,15,27,92,29,19
467,149,498,221,448,549,192,161,101,59,44,37,18,15,27,92,29,19
441,143,480,207,431,535,191,157,101,57,44,37,18,15,27,92,29,18
443,141,475,207,429,531,192,161,102,58,44,37,18,15,27,92,28,19
451,132,441,214,417,505,191,162,101,60,44,37,18,15,27,92,28,19
470,137,448,216,420,505,190,163,101,60,44,37,18,15,27,92,28,19
471,141,462,219,430,521,192,163,102,60,44,37,18,15,27,92,29,19
460,149,494,223,450,547,192,160,102,59,44,37,18,15,27,92,29,19
466,144,477,210,430,532,191,159,102,58,44,37,18,15,27,92,29,19
459,144,477,217,436,532,191,162,102,60,44,37,18,15,27,92,29,19
477,153,502,233,455,552,192,164,102,61,44,37,18,15,27,92,29,19
461,143,473,220,435,530,192,161,101,58,44,37,18,15,27,92,29,19
476,145,476,212,433,534,192,159,102,58,44,37,19,15,27,92,28,19
492,145,476,213,427,526,190,160,102,59,44,37,18,15,27,92,28,19
481,144,469,213,425,515,192,162,103,60,44,37,19,15,27,92,28,19
501,146,475,216,433,535,192,160,100,58,44,37,18,15,27,92,29,19
496,147,483,214,437,542,192,159,99,58,44,37,18,15,27,93,29,19
511,147,473,213,432,535,192,160,99,58,44,37,18,15,27,92,29,19
510,153,492,219,443,543,191,161,100,59,44,37,18,15,27,92,29,19
523,152,488,219,438,538,191,161,100,59,44,37,18,15,27,92,29,19
491,148,484,214,437,541,193,159,100,58,44,37,18,15,27,92,29,19
477,146,480,204,429,539,193,158,100,56,44,37,18,15,27,92,29,19
477,140,460,208,424,527,193,162,100,59,44,38,18,15,27,92,29,19
503,155,503,230,456,553,193,164,100,60,44,38,18,15,27,92,29,19
516,149,479,226,442,536,194,165,101,60,44,38,18,15,27,92,29,19
498,146,476,217,436,536,194,163,101,60,44,38,18,15,27,92,29,19
492,146,480,219,440,535,195,164,101,60,44,38,18,15,27,92,29,19
496,148,478,216,439,542,195,161,101,58,44,38,18,15,27,92,29,19
479,151,498,212,443,561,195,160,101,57,44,38,18,15,27,92,29,19
478,151,501,211,445,552,195,163,100,59,44,38,18,15,27,92,29,19
483,157,517,226,459,571,195,165,101,61,44,38,18,15,27,92,29,19
507,142,460,224,431,520,193,164,101,61,44,38,18,15,27,92,29,19
522,156,500,228,451,547,193,164,101,60,44,38,18,15,27,92,29,19
506,148,477,215,435,539,194,161,101,59,44,38,18,15,27,92,29,19
486,150,492,212,440,548,193,159,101,58,44,37,18,15,27,92,29,19
506,150,488,215,438,544,193,162,101,59,44,38,18,15,27,92,29,19
484,159,528,225,462,559,194,163,101,60,44,38,18,15,27,92,29,19
488,156,510,223,454,552,194,163,101,60,44,38,18,15,27,92,29,19
514,148,479,221,435,531,194,164,101,61,44,38,18,15,27,92,29,19
493,146,474,215,434,536,193,159,100,57,44,38,18,15,27,92,29,19
472,163,540,220,472,589,194,162,100,59,44,38,18,15,27,92,29,19
493,133,439,214,414,505,192,164,100,61,44,37,18,15,27,92,28,19
491,159,525,230,461,559,194,163,101,60,44,38,18,15,27,92,29,19
475,145,481,205,424,540,187,155,92,56,45,37,17,15,26,94,28,19
456,147,495,202,427,543,186,154,93,56,45,36,18,15,26,94,29,19
439,140,472,203,421,529,187,155,95,56,45,36,18,15,26,94,28,18
433,139,468,203,420,526,186,155,96,56,45,36,18,15,27,93,28,18
427,141,485,200,425,539,187,154,95,56,44,36,18,15,26,94,28,18
429,146,498,199,434,553,188,154,95,55,45,37,18,15,26,94,29,19
463,147,492,198,432,551,188,153,95,55,44,37,18,15,27,93,29,18
456,142,477,200,425,541,188,153,95,55,45,37,18,15,27,94,29,19
500,149,487,207,432,546,188,155,95,56,44,37,18,15,26,94,29,19
516,150,489,213,435,545,189,157,95,57,44,37,18,15,27,94,29,19
480,142,468,214,431,531,189,159,95,58,44,37,18,15,27,94,29,19
488,141,462,204,419,527,190,158,95,57,44,37,18,15,26,93,28,19
482,145,477,195,422,541,190,155,95,56,45,37,18,15,27,94,28,19
478,146,482,199,427,544,190,154,96,55,44,37,18,15,27,93,29,19
479,145,480,203,431,545,190,156,96,56,44,37,18,15,27,93,29,19
488,143,465,204,422,531,190,156,95,56,44,37,18,15,26,93,29,19
472,144,476,203,427,539,190,156,95,56,45,37,18,15,27,94,29,19
483,153,501,208,442,558,189,156,94,56,45,37,18,15,26,94,29,19
466,153,510,216,449,559,189,156,94,56,45,37,18,15,26,94,29,19
457,156,521,213,458,573,191,158,95,57,44,37,18,15,26,94,29,19
461,153,502,202,442,560,191,155,97,55,45,37,18,15,27,93,29,18
469,159,534,211,460,581,191,157,96,56,44,37,18,15,27,94,29,19
463,154,512,213,450,558,190,158,96,58,45,37,18,15,27,93,29,19
479,163,541,216,468,585,190,158,96,57,44,37,18,15,27,93,29,19
464,155,515,210,452,567,191,157,96,57,44,37,18,15,27,93,29,19
467,154,510,211,451,563,190,157,96,57,44,37,18,15,27,93,29,19
466,156,523,212,455,571,190,156,96,56,45,37,18,15,27,93,29,19
457,158,529,213,459,574,191,158,96,57,44,37,18,15,27,93,29,19
469,155,515,208,445,553,191,158,97,58,44,37,18,15,27,93,29,19
475,159,522,207,447,561,189,156,97,57,44,37,18,15,27,93,29,19
469,153,508,205,442,556,190,156,97,57,44,37,18,15,27,93,29,19
483,158,519,208,454,571,191,156,97,56,44,37,18,15,27,93,29,19
471,159,528,217,465,580,192,158,97,57,44,37,18,15,27,93,30,19
503,157,522,222,456,563,192,160,99,58,44,37,18,15,27,93,29,19
481,160,530,217,461,576,192,160,97,58,44,37,18,15,27,93,29,19
450,149,502,193,440,567,191,154,95,55,45,37,18,15,27,94,29,19
450,155,515,202,449,573,190,153,96,54,45,37,18,15,27,94,29,18
469,149,492,211,443,552,191,156,96,56,44,37,18,15,27,94,29,19
503,151,488,214,440,545,191,158,96,57,44,37,18,15,27,93,29,19
451,151,500,209,444,548,191,159,97,58,44,37,18,15,27,93,29,19
455,143,467,207,426,523,190,158,96,57,44,37,18,15,27,93,28,19
477,140,461,208,420,520,189,158,97,57,44,37,18,15,27,93,28,19
442,146,490,201,437,554,192,157,97,56,44,37,18,15,27,93,29,19
459,154,512,199,443,565,192,156,97,55,44,37,18,15,27,93,29,19
450,162,546,209,468,591,192,155,98,55,44,37,18,15,27,93,29,19
479,161,536,217,459,572,192,158,97,58,44,37,18,15,27,93,29,19
486,158,526,216,457,572,190,158,96,57,45,37,18,15,27,94,29,19
495,158,518,217,457,570,191,159,96,58,45,37,18,15,27,94,29,19
487,152,517,214,440,555,191,159,96,58,45,37,18,15,27,93,29,19
456,160,540,202,455,581,191,158,97,57,45,37,18,15,27,94,29,19
451,155,521,197,445,573,189,153,96,55,44,37,18,15,27,94,29,19
467,153,507,201,441,565,189,154,97,55,45,37,18,15,27,94,29,19
473,139,459,201,419,531,191,156,97,56,44,37,18,15,27,93,28,19
485,138,453,201,413,525,191,157,97,56,44,37,18,15,27,93,28,19
499,147,484,207,431,541,191,158,98,57,44,37,18,15,27,93,28,19
470,143,477,200,426,542,190,155,96,56,45,37,18,15,27,94,28,19
479,140,465,202,420,530,191,157,96,56,45,37,18,15,27,94,28,19
475,153,511,208,444,562,190,157,96,56,45,37,18,15,27,94,28,19
460,153,514,201,443,569,191,156,96,56,45,37,18,15,27,94,29,19
467,162,543,200,457,590,190,155,97,55,45,37,18,15,27,94,29,19
460,155,529,204,452,578,190,154,97,55,45,37,18,15,27,93,29,19
448,150,508,201,441,564,190,154,96,55,45,37,18,15,27,94,29,19
470,149,497,199,433,555,190,155,96,56,45,37,18,15,27,94,28,19
470,146,484,197,428,548,189,154,95,55,45,37,18,15,27,94,28,19
466,143,477,197,425,546,190,154,96,55,45,37,18,15,27,94,28,19
463,141,470,198,424,542,190,155,96,55,45,37,18,15,27,94,29,19
473,141,479,201,430,542,191,155,96,55,45,37,18,15,27,94,29,19
462,148,498,205,444,567,192,157,97,56,45,37,18,15,27,94,29,19
454,140,474,200,425,543,192,157,97,56,45,37,18,15,27,94,29,19
469,152,510,200,443,567,192,156,97,56,45,37,18,15,27,94,28,19
474,155,521,200,447,573,192,156,97,56,45,37,18,15,27,94,29,19
450,149,506,196,440,567,190,154,96,55,45,37,18,15,27,94,29,18
439,147,502,197,440,566,192,155,96,55,45,37,18,15,27,94,29,19
461,144,480,199,431,552,192,154,96,54,45,37,18,15,27,94,29,19
467,158,526,217,464,581,191,157,96,56,45,37,18,15,27,94,29,19
443,151,513,209,450,569,192,157,96,57,45,37,18,15,27,94,29,19
442,158,541,199,457,590,193,156,97,55,45,37,18,15,27,94,29,19
457,158,532,209,465,591,193,156,98,55,45,37,18,15,27,93,29,19
467,154,516,211,456,575,193,157,97,56,45,38,18,15,27,94,29,19
451,158,534,212,459,579,192,158,96,57,45,37,18,15,27,94,29,19
447,154,519,201,446,570,190,155,96,55,45,37,18,15,27,94,29,19
474,139,468,200,421,534,193,159,98,57,44,37,18,15,27,93,28,19
436,144,491,194,430,560,190,152,95,54,45,37,18,15,27,94,29,18
426,147,505,196,438,562,191,154,95,54,45,37,18,15,27,94,29,18
436,126,424,186,395,511,192,154,95,54,45,37,18,15,27,94,28,18
440,122,406,184,384,496,191,153,96,53,45,37,18,15,27,94,28,18
441,119,401,187,386,489,191,154,96,54,45,37,18,15,27,94,28,18
453,123,407,194,393,491,191,156,96,55,45,37,18,15,27,94,28,18
449,122,401,197,393,489,192,157,96,56,45,37,18,15,27,94,28,18
452,123,402,189,386,487,193,157,97,56,45,37,18,15,27,93,28,18
434,115,386,184,375,477,190,153,97,54,45,37,18,15,27,94,28,18
442,127,419,189,395,506,191,154,96,54,45,37,18,15,27,94,28,18
452,123,405,187,387,493,192,155,97,54,45,37,18,15,27,94,28,19
442,125,412,187,389,496,191,153,96,54,45,37,18,15,27,94,28,19
467,133,431,191,399,504,192,155,96,55,45,37,18,15,27,94,28,18
481,132,428,201,403,502,190,157,97,56,45,37,18,15,27,94,28,19
472,132,430,198,404,509,192,157,97,56,45,37,18,15,27,94,28,19
456,132,427,188,392,499,191,154,96,54,45,37,18,15,27,94,28,19
463,130,424,191,396,503,191,153,97,55,45,37,18,15,27,94,28,19
458,127,412,189,389,493,191,155,97,55,45,38,18,15,27,94,28,19
454,125,409,187,386,491,191,154,97,54,45,37,18,15,27,94,28,18
451,125,410,189,390,494,190,154,96,55,45,37,18,15,27,94,28,19
451,124,408,194,394,497,191,155,96,55,45,37,18,15,27,94,28,18
482,136,440,202,414,519,191,157,96,56,45,37,18,15,27,94,29,19
454,124,406,189,388,494,191,155,95,55,45,37,18,15,27,94,28,18
456,128,424,187,391,500,189,153,95,54,45,37,18,15,26,94,28,19
468,136,453,188,405,521,188,152,94,54,45,37,18,15,27,94,28,18
459,159,534,206,455,579,189,155,96,56,45,37,18,15,27,94,29,19
461,158,529,210,455,568,190,156,97,56,44,37,18,15,27,93,29,19
494,143,468,205,422,531,188,155,95,56,44,37,18,15,27,94,29,19
436,136,460,203,417,526,187,155,97,56,45,37,18,15,27,94,28,19
458,139,488,199,433,519,190,156,97,56,44,37,18,15,27,93,28,19
490,150,492,206,438,553,192,158,98,57,44,37,18,15,27,93,29,19
424,137,462,180,409,538,188,149,92,52,45,37,18,15,26,95,29,18
430,134,448,188,407,530,187,148,91,52,45,37,17,15,26,96,29,18
442,136,458,193,413,528,190,153,93,54,45,37,18,15,26,95,29,19
446,135,449,189,400,521,189,152,92,53,45,37,18,15,26,95,29,19
427,135,454,184,407,531,188,150,91,53,45,37,18,15,26,95,29,19
419,131,447,187,406,529,189,151,91,52,45,37,17,15,26,95,29,18
426,132,446,186,402,525,190,151,91,53,45,37,17,15,26,95,29,19
418,134,459,186,409,534,190,151,90,53,45,37,17,15,26,96,29,18
410,128,437,179,395,522,189,149,90,51,45,37,17,15,26,96,29,18
401,126,436,178,396,525,188,148,90,51,45,37,17,15,26,96,29,18
398,128,442,177,403,533,189,148,90,51,45,37,17,15,26,96,29,18
405,135,462,181,412,546,189,148,90,51,45,37,17,15,26,96,29,18
407,145,506,181,425,565,188,149,90,51,45,37,17,15,26,96,29,18
424,151,509,185,437,572,189,150,92,52,45,37,17,15,26,95,29,18
427,145,490,191,423,561,189,151,91,52,45,37,17,15,26,95,28,19
427,146,490,189,430,560,190,152,90,53,45,37,17,15,26,96,29,18
417,146,502,186,430,567,189,150,91,52,45,37,17,15,26,95,28,18
429,153,520,194,443,577,189,150,91,52,45,37,17,15,26,95,28,18
429,152,524,182,446,581,189,152,88,53,45,36,17,15,26,96,28,18
402,145,499,178,426,573,186,148,89,51,45,37,17,15,26,96,28,18
413,146,503,185,433,572,188,147,91,51,45,37,17,15,26,95,29,18
409,142,487,185,423,559,188,148,90,51,45,37,17,15,26,96,28,18
414,138,470,183,412,543,188,149,90,51,45,37,17,15,26,96,28,18
422,140,482,184,417,539,188,149,90,52,45,37,17,15,26,96,28,18
423,138,471,179,411,543,187,149,88,52,45,36,17,15,26,96,28,18
419,138,474,185,410,543,187,149,90,50,45,37,17,15,26,96,28,18
414,138,469,177,414,553,188,148,89,51,45,37,17,15,26,96,29,18
408,136,473,176,414,541,189,148,92,51,45,37,17,15,26,95,29,18
430,133,446,182,400,523,189,149,92,52,45,37,18,15,26,95,28,18
474,136,441,195,403,512,189,153,93,54,45,37,17,15,26,95,29,19
469,133,439,194,399,509,189,154,93,55,45,37,18,15,26,95,28,19
425,131,443,182,397,520,187,150,91,52,45,37,17,15,26,95,28,18
409,130,442,176,396,526,188,147,91,50,45,37,17,15,26,96,29,18
416,135,467,186,412,543,189,150,92,52,45,37,18,15,26,95,28,18
410,129,443,183,401,527,189,150,93,52,45,37,18,15,26,95,28,19
414,131,446,180,403,530,190,149,93,51,45,37,18,15,26,95,28,18
434,137,463,188,417,531,190,152,94,53,45,37,18,15,27,95,29,18
434,135,458,189,413,533,191,153,93,54,45,37,18,15,27,95,28,18
425,130,447,185,401,522,189,151,92,53,45,37,18,15,26,95,28,18
414,131,453,187,410,531,189,151,93,52,45,37,18,15,26,95,28,18
417,133,456,188,414,535,190,151,93,52,45,37,18,15,26,95,28,18
423,135,447,185,399,533,189,151,93,51,45,37,18,15,26,95,28,18
432,140,477,191,424,539,190,152,94,53,45,37,18,15,26,95,28,18
415,139,476,186,424,551,192,152,94,52,45,37,18,15,27,95,28,18
439,141,464,197,418,551,192,153,94,53,45,37,18,15,27,94,28,19
430,137,469,187,419,538,191,153,94,53,45,37,18,15,26,95,28,18
414,139,480,188,425,555,191,151,93,52,45,37,18,15,26,95,28,18
429,131,448,191,414,526,193,154,94,53,45,37,18,15,27,95,28,19
443,141,475,194,421,547,192,155,94,54,45,37,18,15,27,95,28,19
454,139,468,197,425,543,192,155,94,54,45,37,18,15,26,95,28,18
431,142,488,192,429,558,193,155,94,54,45,37,18,15,26,95,28,18
415,130,446,181,407,535,191,150,94,51,45,37,18,15,27,95,29,18
423,132,452,193,418,539,193,154,94,53,45,38,18,15,27,95,29,18
462,138,465,200,422,533,194,157,95,56,45,38,18,15,27,94,29,19
460,134,450,201,409,518,193,159,95,56,45,37,18,15,27,94,28,19
425,139,477,191,424,555,192,153,94,53,45,37,18,15,27,95,28,18
433,137,463,197,420,547,195,156,95,54,45,37,18,15,27,94,29,18
467,152,518,201,444,574,195,157,95,55,45,38,18,15,27,94,29,19
451,148,501,221,455,573,194,158,95,55,45,37,18,15,27,94,29,19
453,145,488,203,433,554,195,159,95,56,45,37,18,15,27,94,28,19
467,147,490,196,432,554,194,156,96,54,45,38,18,15,27,95,29,18
454,144,482,204,433,556,195,158,96,55,45,38,18,15,27,94,29,19
428,135,465,202,427,539,196,159,97,56,45,38,18,15,27,94,30,19
429,137,471,206,429,540,197,161,97,57,45,38,18,15,27,94,29,19
429,140,483,205,431,545,196,160,96,56,45,38,18,15,27,94,29,19
459,137,462,211,426,530,196,162,97,58,44,37,18,15,27,93,29,19
448,147,499,217,451,568,196,161,98,57,44,38,18,15,27,93,29,19
454,149,510,220,454,562,198,163,98,58,45,38,18,15,27,93,29,19
447,147,519,219,461,558,196,163,98,58,45,37,18,15,27,93,29,19
417,148,506,200,447,576,198,158,98,55,44,38,18,15,27,93,29,19
478,154,513,213,451,564,196,160,97,56,45,38,18,15,27,94,29,19
483,149,499,213,451,561,195,165,98,59,44,37,18,15,27,93,29,19
470,150,496,215,450,569,198,161,98,56,44,38,18,15,27,93,29,19
482,149,496,208,439,552,195,160,98,57,45,38,18,15,27,93,29,19
499,156,521,223,461,568,194,162,98,58,45,37,18,15,27,94,29,19
474,149,497,211,452,564,197,163,97,58,44,38,18,15,27,94,29,19
464,151,508,197,446,570,196,157,97,55,45,38,18,15,27,94,29,19
467,151,500,211,448,568,196,159,96,55,45,38,18,15,27,94,29,19
484,151,502,219,445,559,195,162,97,58,45,37,18,15,27,94,29,19
468,151,513,207,448,568,194,159,96,57,45,38,18,15,27,94,29,19
442,136,454,202,417,537,193,157,96,55,45,37,18,15,27,94,29,19
437,135,450,192,414,532,192,154,95,54,45,37,18,15,27,94,29,18
410,133,457,183,411,539,191,150,94,52,45,37,18,15,27,95,28,18
439,140,477,197,426,549,193,154,95,53,45,37,18,15,27,94,28,18
461,136,461,204,419,529,193,157,96,55,45,37,18,15,27,94,28,19
454,145,494,207,438,556,194,159,96,56,45,37,18,15,27,94,28,19
425,136,471,194,423,548,193,155,95,54,45,37,18,15,27,95,29,18
426,139,477,195,428,554,194,154,95,53,45,37,18,15,27,94,29,18
427,136,468,187,416,545,194,153,95,53,45,37,18,15,27,95,28,18
414,134,465,182,416,545,192,152,95,52,45,37,18,15,27,95,29,18
412,129,445,185,406,525,193,152,94,52,45,38,18,15,27,95,29,18
431,130,443,190,405,522,193,155,95,54,45,38,18,15,27,95,29,19
463,133,440,194,402,514,192,156,96,55,45,37,18,15,27,94,29,19
430,131,442,193,409,525,191,154,95,54,45,37,18,15,27,94,29,19
411,130,449,189,412,536,192,153,94,53,45,37,18,15,27,95,29,19
440,134,452,195,413,530,193,155,95,54,45,37,18,15,27,94,29,19
451,133,441,195,406,520,192,155,94,54,45,37,18,15,27,95,29,19
414,131,444,178,401,525,193,153,93,53,45,38,18,15,26,94,29,19
392,129,443,162,397,530,192,148,94,50,45,38,18,15,27,95,29,18
475,145,476,210,435,546,194,158,95,55,45,37,18,15,27,95,29,19
469,149,494,212,444,556,193,159,94,56,45,37,18,15,26,95,29,19
460,147,492,208,444,561,193,158,95,56,45,37,18,15,27,94,29,19
417,142,482,194,427,551,193,154,94,53,45,38,18,15,27,95,29,18
428,140,470,182,408,533,193,153,95,53,45,37,18,15,27,94,28,19
444,140,466,184,414,539,190,152,95,53,45,37,18,15,27,94,28,18
441,142,475,203,435,554,195,157,95,54,45,38,18,15,27,94,29,19
461,147,493,214,438,554,193,158,95,55,45,37,18,15,27,94,28,19
431,138,467,192,416,538,193,156,94,55,45,37,18,15,27,94,28,19
423,142,487,180,421,555,191,150,95,52,45,37,18,15,27,94,28,18
443,144,483,200,435,556,192,154,95,54,45,37,18,15,27,95,29,18
419,137,469,189,419,547,192,152,93,52,45,37,18,15,27,95,29,18
422,137,468,189,419,546,192,153,94,53,45,37,18,15,27,95,28,18
424,137,465,187,414,541,192,152,94,52,45,37,18,15,27,95,28,18
448,146,489,198,430,556,192,154,95,53,45,37,18,15,27,94,28,18
450,144,482,200,427,548,192,155,94,54,45,37,18,15,27,94,28,18
448,149,508,201,444,569,191,155,94,55,45,37,18,15,27,95,29,18
446,145,486,199,439,561,194,156,97,55,45,38,18,15,27,94,29,19
439,140,472,194,422,545,192,152,95,53,45,37,18,15,27,94,28,18
433,140,473,186,410,535,191,154,95,54,45,37,18,15,27,94,28,18
442,138,461,177,403,526,189,149,94,53,45,37,18,15,27,95,28,18
442,138,469,195,420,539,189,152,95,53,45,37,18,15,27,95,28,18
458,141,474,205,430,546,191,156,95,55,45,37,18,15,27,94,29,19
435,137,464,203,428,544,191,156,95,55,45,37,18,15,27,94,29,18
441,138,465,196,426,546,193,156,94,54,45,37,18,15,27,95,29,18
418,136,462,193,420,544,192,153,95,53,45,37,18,15,26,94,29,18
405,137,471,183,413,544,191,152,95,52,45,37,18,15,27,94,28,18
434,143,485,182,418,550,191,150,95,52,45,37,18,15,27,94,28,18
449,142,473,192,419,544,191,152,95,53,45,37,18,15,27,94,28,19
472,151,501,218,451,578,194,159,96,55,45,37,18,15,27,94,29,19
454,142,477,212,439,554,195,160,96,56,45,37,18,15,27,94,29,19
440,145,488,195,434,553,196,159,96,56,45,38,18,15,27,94,28,19
439,132,442,186,403,525,193,152,96,52,45,37,18,15,27,94,29,18
413,138,473,191,427,557,190,150,94,52,45,37,18,15,27,95,28,18
435,143,494,204,443,566,195,159,95,55,45,38,18,15,27,94,29,19
435,142,486,201,433,558,194,157,95,54,45,37,18,15,27,94,29,18
425,135,464,191,415,540,193,154,95,54,45,37,18,15,27,95,29,18
423,134,459,195,416,538,192,154,94,53,45,37,18,15,27,95,29,18
444,141,480,199,427,548,195,157,96,55,45,37,18,15,27,94,28,18
410,128,437,182,401,522,192,152,95,52,45,37,18,15,27,95,29,18
415,132,453,186,407,533,191,151,94,52,45,37,18,15,26,95,29,18
460,148,500,210,445,566,194,158,96,56,45,37,18,15,27,94,29,19
417,129,436,186,399,519,192,153,95,53,45,37,18,15,27,95,28,18
433,134,451,191,409,531,192,154,95,53,45,37,18,15,27,94,28,18
425,135,456,190,411,533,191,153,94,53,45,37,18,15,27,95,28,18
445,140,472,196,423,545,191,154,95,53,45,37,18,15,27,94,28,18
423,141,483,194,433,562,191,153,94,53,45,37,18,15,26,95,29,18
395,132,460,183,418,548,192,151,95,52,45,37,18,15,27,94,29,18
425,143,485,188,425,556,192,152,95,52,45,37,18,15,27,94,28,18
467,145,482,200,427,543,192,156,96,55,45,37,18,15,27,94,28,19
448,142,478,200,430,550,193,156,96,55,45,37,18,15,27,94,28,18
433,142,483,192,434,560,193,153,95,53,45,37,18,15,27,94,29,18
450,145,490,201,438,559,194,156,95,55,45,37,18,15,27,94,29,18
451,143,478,204,436,553,194,157,95,55,45,37,18,15,27,94,29,19
437,137,462,198,417,535,193,156,95,54,45,37,18,15,27,94,28,18
418,136,461,185,411,544,193,153,94,51,45,37,18,15,27,95,28,19
414,138,473,183,425,559,192,151,94,52,45,37,18,15,26,95,29,18
411,141,485,187,432,567,192,151,94,51,45,37,18,15,27,94,29,18
416,135,461,186,416,544,192,151,94,51,45,37,18,15,26,95,29,18
428,135,461,190,416,542,192,153,95,53,45,37,18,15,27,95,29,18
425,137,466,195,421,541,191,153,94,53,45,37,18,15,26,95,29,18
432,135,460,195,418,535,190,155,94,54,45,37,18,15,26,95,29,18
401,133,459,188,416,544,192,152,94,52,45,37,18,15,26,95,29,18
393,128,441,171,392,520,191,149,93,51,45,37,18,15,26,95,28,18
435,136,454,179,396,521,190,150,93,51,45,37,18,15,26,95,28,18
447,135,455,189,403,524,187,150,93,53,45,37,18,15,26,95,28,18
426,143,490,194,432,563,190,153,93,54,45,37,18,15,27,95,29,18
396,130,451,183,414,543,191,152,93,52,45,37,18,15,26,95,29,18
386,128,450,177,408,541,191,148,93,50,45,37,18,15,26,95,29,18
396,128,442,181,404,532,191,150,93,51,45,37,18,15,26,95,29,18
398,132,455,181,405,532,191,151,93,52,45,37,18,15,27,95,28,18
403,132,456,182,403,527,190,151,93,52,45,37,18,15,26,95,28,18
412,133,463,190,415,541,192,154,94,53,45,37,18,15,27,95,29,18
408,134,460,183,414,543,192,152,94,52,45,37,18,15,27,95,28,18
392,129,449,175,404,533,191,149,93,51,45,37,18,15,27,95,28,18
385,128,445,180,405,535,190,148,92,50,45,37,18,15,26,95,29,18
402,134,464,186,416,539,193,154,93,53,45,37,18,15,26,95,28,18
404,131,452,186,412,535,193,153,94,53,45,37,18,15,27,95,29,18
406,137,469,191,427,550,193,152,94,52,45,37,18,15,26,95,29,18
401,132,461,186,416,542,193,152,94,52,45,37,18,15,27,95,29,18
416,133,452,189,410,529,193,153,95,53,45,37,18,15,27,95,29,19
401,132,455,186,409,533,192,152,94,53,45,37,18,15,27,95,29,18
424,135,463,193,419,539,193,154,95,54,45,37,18,15,27,94,29,18
411,130,448,187,408,528,193,153,94,53,45,38,18,15,27,95,29,19
432,133,456,199,412,529,193,155,95,54,45,37,18,15,27,94,29,19
398,130,451,183,413,537,192,153,94,53,45,37,18,15,27,95,29,18
376,125,440,168,397,532,192,148,94,50,45,38,18,15,27,95,29,18
393,130,449,179,405,534,191,149,94,50,45,37,18,15,27,95,29,18
431,132,453,199,413,523,193,158,95,56,45,37,18,15,27,95,29,19
451,140,470,204,423,539,192,158,95,55,45,37,18,15,27,94,28,19
424,140,481,195,428,554,193,156,96,54,45,37,18,15,27,94,29,19
396,129,447,184,412,537,192,151,94,52,45,37,18,15,26,95,29,18
402,127,444,188,408,527,193,152,93,54,45,37,18,15,27,95,29,18
390,133,463,175,409,543,191,149,93,51,45,37,18,15,26,95,28,18
391,130,450,177,408,542,189,148,92,50,45,37,18,15,27,95,28,18
410,127,431,182,397,517,190,150,93,51,45,37,18,15,26,95,28,18
409,128,437,180,394,514,189,150,92,52,45,37,18,15,26,95,28,18
419,143,486,192,428,552,189,151,94,53,45,37,18,15,26,95,29,18
431,141,486,195,425,551,190,153,94,54,45,37,18,15,27,95,29,18
469,143,471,196,417,535,190,155,96,55,45,37,18,15,27,94,28,19
435,138,461,192,411,524,191,155,96,55,45,37,18,15,27,94,28,19
444,138,466,199,420,534,192,157,95,56,45,38,18,15,27,94,29,19
430,142,475,201,432,548,193,155,96,54,45,37,18,15,27,94,29,19
416,138,469,187,419,544,192,152,96,53,45,38,18,15,27,94,29,18
422,142,488,193,431,557,193,155,97,54,45,38,18,15,27,94,29,18
428,140,477,199,428,541,193,158,97,56,45,37,18,15,27,94,29,19
453,149,503,213,450,564,193,158,97,56,45,37,18,15,27,94,29,19
443,150,505,209,449,563,193,157,97,56,45,37,18,15,27,94,29,19
441,149,501,195,439,558,192,156,97,55,45,37,18,15,27,93,29,19
441,144,487,200,429,545,193,157,97,56,45,37,18,15,27,94,29,19
463,149,492,205,435,544,192,159,97,57,45,37,18,15,27,94,29,19
479,151,500,212,444,554,195,161,98,58,44,38,18,15,27,93,29,19
421,145,492,203,443,567,194,155,96,54,45,38,18,15,27,94,29,19
432,143,483,205,437,565,195,158,98,54,45,38,18,15,27,93,30,19
436,143,483,200,434,557,192,156,97,55,45,37,18,15,27,94,29,19
456,148,497,205,438,553,193,159,98,57,45,37,18,15,27,93,29,19
443,152,510,203,443,565,193,157,97,55,45,37,18,15,27,94,29,19
443,148,503,202,437,555,193,157,97,56,45,37,18,15,27,94,29,19
440,148,504,204,441,561,194,159,97,56,45,38,18,15,27,94,29,19
456,152,509,220,459,569,195,161,99,58,44,38,18,15,27,93,29,19
462,149,502,213,449,562,195,160,98,57,44,37,18,15,27,93,29,19
453,145,490,206,438,552,194,159,98,56,45,37,18,15,27,93,29,19
448,148,496,203,439,558,194,158,98,56,45,38,18,15,27,93,29,19
462,151,503,211,447,562,194,160,99,57,44,37,18,15,27,93,29,19
436,148,502,204,447,569,194,157,97,56,45,37,18,15,27,93,29,19
445,150,504,207,449,571,194,158,98,56,44,38,18,15,27,93,29,19
454,144,485,211,438,548,193,159,98,57,44,37,18,15,27,93,29,19
452,147,497,214,446,557,194,160,98,58,45,37,18,15,27,93,29,19
462,149,496,215,449,558,194,160,98,57,44,37,18,15,27,93,29,19
461,149,500,212,445,557,194,160,98,57,44,37,18,15,27,93,29,19
453,147,496,208,440,552,194,160,98,57,44,38,18,15,27,93,29,19
455,146,491,209,439,548,195,161,99,57,44,37,18,15,27,93,29,19
463,144,476,211,435,543,195,160,99,57,44,38,18,15,27,93,29,19
449,144,484,208,438,551,194,158,98,56,44,37,18,15,27,93,29,19
443,138,462,201,423,534,193,158,98,56,44,37,18,15,27,93,29,19
470,143,470,207,427,536,192,159,97,57,44,37,18,15,27,93,28,19
470,141,470,203,421,530,191,156,97,56,44,37,18,15,27,93,28,19
454,138,455,196,413,523,192,156,97,55,44,37,18,15,27,93,28,19
448,139,463,199,418,529,192,157,97,56,44,37,18,15,27,93,28,19
464,139,461,204,421,527,192,159,97,57,44,37,18,15,27,93,29,19
455,141,473,205,428,539,192,157,96,56,45,37,18,15,27,94,28,19
453,140,466,207,428,538,192,157,96,55,45,37,18,15,27,94,29,19
461,140,467,208,426,534,191,158,96,56,44,37,18,15,27,94,29,19
478,142,470,202,419,526,190,157,97,57,44,37,18,15,27,93,28,19
431,138,464,183,411,534,192,152,96,53,45,37,18,15,27,94,28,18
433,136,458,194,418,538,191,156,96,55,45,37,18,15,27,94,28,19
475,139,463,205,418,523,189,158,96,57,45,37,18,15,27,94,28,19
491,141,463,204,415,519,190,157,95,56,45,37,18,15,27,94,28,19
494,143,469,212,427,528,194,161,98,58,44,37,18,15,27,93,29,19
476,145,481,215,438,544,192,159,98,57,44,37,18,15,27,93,29,19
456,137,462,194,417,533,191,154,96,54,45,37,18,15,27,94,29,18
427,139,473,196,423,538,191,155,98,55,44,37,18,15,27,93,28,18
450,140,472,201,420,531,192,157,97,56,45,37,18,15,27,93,28,19
448,141,474,206,428,537,192,157,97,56,45,37,18,15,27,93,29,19
459,141,472,205,430,542,192,157,97,56,45,37,18,15,27,93,29,19
448,143,486,204,436,552,192,156,97,55,45,37,18,15,27,94,29,19
464,140,465,204,425,536,191,157,97,56,44,37,18,15,27,94,29,19
468,137,461,197,415,528,190,156,97,56,45,37,18,15,27,94,29,19
467,141,466,198,418,531,192,156,97,55,44,37,18,15,27,93,28,19
452,140,468,202,423,536,193,157,98,56,44,37,18,15,27,93,29,19
430,141,479,203,433,551,192,156,97,55,44,37,18,15,27,93,29,19
456,143,480,208,434,547,191,157,97,56,45,37,18,15,27,93,29,19
443,140,476,206,428,538,190,157,97,56,45,37,18,15,27,93,28,19
422,137,468,195,418,535,188,152,95,54,45,37,18,15,27,94,28,18
436,137,465,196,418,531,189,154,96,55,45,37,18,15,27,94,28,19
430,140,475,202,427,536,191,156,98,56,45,37,18,15,27,93,28,18
436,145,490,203,434,551,191,156,97,55,45,37,18,15,27,93,28,18
456,143,480,202,430,543,192,157,98,56,44,37,18,15,27,93,29,19
450,141,472,202,426,539,190,156,96,56,45,37,18,15,27,94,29,19
485,148,489,213,438,543,190,159,97,57,44,37,18,15,27,93,29,19
465,150,498,210,444,557,192,157,98,56,44,37,18,15,27,93,29,19
448,144,483,201,432,552,191,155,97,55,44,37,18,15,27,93,29,19
484,145,478,203,428,543,191,158,98,57,44,37,18,15,27,93,29,19
492,143,470,210,426,532,192,159,97,57,44,37,18,15,27,93,28,19
497,146,480,206,428,538,191,157,97,56,44,37,18,15,27,93,29,19
491,144,476,208,428,537,191,159,96,57,44,37,18,15,27,93,29,19
476,144,484,209,435,547,191,157,96,56,44,37,18,15,27,94,29,19
455,142,476,196,428,548,192,154,97,54,44,37,18,15,27,93,29,18
457,142,480,202,428,545,191,158,97,57,44,37,18,15,27,93,29,19
494,145,477,218,431,531,190,161,96,59,44,37,18,15,27,94,28,19
484,144,476,211,427,532,190,158,96,57,44,37,18,15,27,93,29,19
462,142,473,201,425,540,192,155,97,55,44,37,18,15,27,93,29,19
431,141,479,190,424,550,190,153,97,54,44,37,18,15,27,93,29,18
469,142,478,202,426,540,193,159,99,57,44,37,18,15,27,93,29,19
493,146,480,215,433,538,191,161,98,58,44,37,18,15,27,93,28,19
504,142,464,215,426,528,190,160,97,59,44,37,18,15,27,93,28,19
502,149,489,218,436,538,189,160,97,59,44,37,18,15,27,93,28,19
517,149,482,218,431,527,188,161,97,60,44,37,18,15,27,93,28,19
494,145,473,213,428,532,191,159,97,58,44,37,18,15,27,93,29,19
437,140,472,193,422,542,190,152,98,54,44,37,18,15,27,93,29,19
438,141,478,194,422,542,191,156,98,56,44,37,18,15,27,93,28,18
449,141,478,210,430,538,191,159,98,57,44,37,18,15,27,93,29,19
461,144,483,217,438,544,190,159,98,58,44,37,18,15,27,93,29,19
446,142,476,206,427,533,188,156,96,57,45,37,18,15,27,93,28,19
441,144,486,204,428,538,189,156,97,56,44,37,18,15,27,93,28,19
441,138,465,203,421,527,189,157,97,57,44,37,18,15,27,93,28,19
443,141,479,206,429,537,190,157,97,57,44,37,18,15,27,93,28,19
439,143,490,205,434,547,191,157,97,56,45,37,18,15,27,93,29,19
429,137,465,203,425,534,190,156,97,56,45,37,18,15,27,93,29,19
446,142,481,210,431,537,189,158,97,58,44,37,18,15,27,93,28,19
447,141,475,210,430,532,190,157,98,57,45,37,18,15,27,93,28,19
435,135,453,193,413,526,190,152,98,53,45,37,18,15,27,93,28,18
427,138,473,194,421,536,190,155,99,55,44,37,18,15,27,93,28,18
459,142,479,208,426,528,190,162,99,59,44,37,18,15,27,93,28,19
459,142,475,222,432,523,191,163,98,60,44,37,18,15,27,93,28,19
458,139,464,216,431,531,191,159,99,57,44,37,18,15,27,93,29,19
447,134,446,194,409,519,189,152,98,54,44,37,18,15,27,93,28,18
424,134,452,177,401,530,191,152,98,54,45,37,18,15,27,93,28,19
463,139,463,211,421,525,190,160,98,58,44,37,18,15,27,93,29,19
494,140,461,216,421,514,188,162,98,60,44,37,18,15,27,93,28,19
489,138,455,213,416,507,189,162,97,60,44,37,18,15,27,93,28,19
443,144,486,206,436,550,190,153,98,54,44,37,18,15,27,93,29,18
432,142,478,190,430,555,192,155,99,55,44,38,18,15,27,93,29,19
473,142,468,208,424,525,190,160,99,58,44,37,18,15,27,93,28,19
484,147,487,210,432,535,191,160,99,58,44,37,18,15,27,93,28,19
468,146,478,215,439,541,191,160,99,58,44,37,18,15,27,93,29,19
477,146,482,210,434,538,190,158,99,57,44,37,18,15,27,93,28,19
475,145,478,205,427,533,190,158,98,57,44,37,18,15,27,93,28,19
456,146,486,207,438,548,191,158,98,57,44,37,18,15,27,93,29,19
451,141,476,206,433,541,191,156,98,56,44,37,18,15,27,93,29,19
450,146,490,203,437,552,192,156,98,56,44,37,18,15,27,93,29,19
455,145,483,206,438,550,191,157,98,56,44,37,18,15,27,93,29,19
472,147,488,204,432,542,190,158,98,57,44,37,18,15,27,93,28,19
451,139,462,204,421,525,190,156,97,56,45,37,18,15,27,93,28,19
437,137,458,201,419,528,189,154,97,55,45,37,18,15,27,93,28,19
459,136,450,197,411,517,188,155,97,56,45,37,18,15,27,94,28,19
464,129,424,197,394,494,189,156,97,56,44,37,18,15,27,93,28,19
448,125,418,196,392,492,189,155,97,55,45,37,18,15,27,93,28,18
468,124,410,194,386,484,189,157,97,57,44,37,18,15,27,93,28,19
476,126,416,198,391,489,189,156,97,56,44,37,18,15,27,93,28,19
453,130,434,192,405,516,190,153,97,54,45,37,18,15,27,93,28,18
455,129,431,193,401,512,190,155,97,55,44,37,18,15,27,94,28,19
486,131,430,205,403,499,188,159,97,58,44,37,18,15,27,93,28,19
480,131,430,201,398,494,189,157,97,57,45,37,18,15,27,93,28,19
462,137,458,195,414,528,191,156,98,56,44,37,18,15,27,93,29,19
460,140,470,209,432,540,192,160,99,57,44,37,18,15,27,93,29,19
497,145,477,212,430,532,189,161,98,59,44,37,18,15,27,93,28,19
475,144,479,211,431,531,194,161,100,58,44,37,18,15,27,93,29,19
453,138,456,202,423,532,193,157,98,55,44,37,18,15,27,93,29,19
489,143,467,204,426,535,192,158,98,57,44,37,18,15,27,93,29,19
506,144,470,207,423,527,192,160,98,57,44,37,18,15,27,93,28,19
499,138,449,208,416,516,193,160,98,57,44,37,18,15,27,93,29,19
470,141,464,208,427,529,191,159,98,57,44,37,18,15,27,93,28,19
460,137,463,202,421,529,191,158,98,57,44,37,18,15,27,93,29,19
468,141,470,208,429,534,191,159,98,57,44,37,18,15,27,93,29,19
469,145,478,209,430,538,192,159,99,58,44,37,18,15,27,93,28,19
454,143,479,207,429,537,191,158,99,58,45,37,18,15,27,93,29,19
452,144,482,211,432,536,191,159,99,58,44,37,18,15,27,93,29,19
453,142,473,209,430,534,192,159,98,57,44,37,18,15,27,93,29,19
436,138,467,207,427,531,190,157,98,57,45,37,18,15,27,93,29,19
433,138,468,205,425,531,191,157,98,57,44,37,18,15,27,93,29,19
454,138,467,205,423,531,191,157,98,57,44,37,18,15,27,93,29,19
445,141,472,204,430,540,191,156,99,56,44,37,18,15,27,93,29,19
457,145,486,201,430,545,190,155,97,56,44,37,18,15,27,93,29,19
447,138,466,198,413,522,195,161,97,57,45,37,18,15,27,94,28,19
459,142,474,209,426,530,189,157,97,57,45,37,18,15,27,94,28,19
475,146,484,207,431,541,190,157,97,56,44,37,18,15,27,93,29,19
491,147,483,204,431,543,192,158,97,57,44,37,18,15,27,93,29,19
470,144,475,211,435,544,192,159,97,57,44,37,18,15,27,93,29,19
470,144,477,209,432,543,192,157,97,56,45,37,18,15,27,93,29,19
467,143,476,201,425,539,192,156,97,55,44,37,18,15,27,94,29,19
470,147,490,200,430,545,192,157,97,56,44,37,18,15,27,93,29,19
468,144,477,209,432,536,192,160,98,58,44,37,18,15,27,93,29,19
465,149,490,218,445,549,193,160,97,57,44,38,18,15,27,93,29,19
467,154,517,219,458,571,192,159,97,57,45,37,18,15,27,93,30,19
479,156,515,211,445,553,189,160,97,59,45,37,18,15,27,93,28,19
456,136,452,202,420,522,213,170,97,56,44,39,18,15,27,93,29,19
450,137,454,216,452,568,190,153,97,54,45,37,18,15,27,94,29,18
472,141,470,200,419,530,190,157,97,57,45,37,18,15,27,93,28,19
463,138,455,204,416,520,190,157,97,56,45,37,18,15,27,94,28,19
475,141,464,200,419,530,190,155,97,55,45,37,18,15,27,93,28,19
431,141,478,200,427,540,189,155,97,55,45,37,18,15,27,93,28,19
449,137,461,204,421,530,189,156,97,56,45,37,18,15,27,94,28,19
460,139,461,199,415,525,189,154,97,55,45,37,18,15,27,94,28,19
446,144,486,200,426,541,190,155,97,55,45,37,18,15,27,93,28,18
450,141,473,204,427,533,190,156,97,56,44,37,18,15,27,93,28,19
452,135,452,199,412,519,190,155,97,55,45,37,18,15,27,94,28,18
454,140,464,200,421,532,189,155,97,56,45,37,18,15,27,94,28,19
469,139,459,200,415,524,189,155,97,56,45,37,18,15,27,93,28,19
455,146,484,205,432,543,191,156,97,56,44,37,18,15,27,94,29,19
435,147,498,205,443,561,191,156,97,56,45,37,18,15,27,94,29,19
467,150,497,207,442,555,191,158,97,57,45,37,18,15,27,94,29,19
456,150,506,201,442,528,191,156,97,56,45,37,18,15,27,94,29,19
448,141,470,202,426,539,190,154,97,55,44,37,18,15,27,94,29,19
467,144,477,196,422,536,189,155,97,56,45,37,18,15,27,94,28,19
464,145,478,199,421,532,192,159,97,58,45,38,18,15,27,94,28,19
466,155,504,214,449,561,192,157,97,56,45,37,18,15,27,94,29,19
463,147,486,208,437,548,191,157,97,56,44,37,18,15,27,93,29,19
454,146,487,206,434,545,191,157,97,57,45,37,18,15,27,93,29,19
449,153,514,202,445,563,192,156,97,56,45,37,18,15,27,93,29,19
446,146,492,202,436,551,191,156,97,56,45,37,18,15,27,94,29,19
453,150,504,208,441,551,192,158,97,57,45,37,18,15,27,94,29,19
444,145,489,210,442,552,193,158,97,57,44,37,18,15,27,94,29,19
446,145,486,204,436,548,192,157,97,56,45,37,18,15,27,93,29,19
450,143,478,203,427,537,192,157,97,56,45,37,18,15,27,93,29,19
446,141,471,204,427,538,192,157,97,56,45,37,18,15,27,94,29,19
459,144,481,205,430,542,192,158,97,56,44,37,18,15,27,93,29,19
462,146,485,206,437,548,192,157,97,56,44,37,18,15,27,93,29,19
455,141,468,201,424,535,192,157,97,56,44,37,18,15,27,93,29,19
475,143,474,207,428,539,192,158,97,56,44,37,18,15,27,93,29,19
478,140,462,207,426,534,192,157,97,56,45,37,18,15,27,94,29,19
441,142,481,201,431,547,190,154,97,55,45,37,18,15,27,94,29,18
441,140,468,198,425,540,190,155,96,55,45,37,18,15,27,93,28,19
480,141,464,205,423,532,191,157,97,56,45,37,18,15,27,93,29,19
469,141,466,201,421,532,190,154,97,55,45,37,18,15,27,94,28,19
452,138,464,199,418,530,190,156,97,56,45,37,18,15,27,94,28,19
473,140,459,204,421,528,190,155,96,55,45,37,18,15,27,93,29,19
464,139,460,196,417,531,190,154,97,55,45,37,18,15,27,93,29,19
456,139,467,206,425,532,189,156,97,56,44,37,18,15,27,93,29,19
454,148,514,208,447,548,190,156,97,56,45,37,18,15,27,93,29,19
467,135,430,199,403,524,192,157,98,56,45,37,18,15,27,93,28,19
461,123,403,190,385,485,191,156,97,56,45,37,18,15,27,93,27,18
462,123,404,195,389,485,193,158,98,57,45,37,18,15,27,93,28,19
486,136,435,204,411,513,194,160,98,57,45,37,18,15,27,93,29,19
474,141,459,207,425,536,193,158,97,57,45,37,18,15,27,94,29,19
447,140,469,207,429,536,192,158,97,57,45,37,18,15,27,94,29,19
422,138,472,202,428,541,193,157,97,56,45,37,18,15,27,94,29,19
431,139,472,205,432,541,194,160,98,57,44,37,18,15,27,93,29,19
430,137,470,204,428,539,193,158,98,57,44,38,18,15,27,93,29,19
440,142,479,205,428,539,194,159,98,56,44,38,18,15,27,93,29,19
458,137,459,207,424,531,193,160,97,57,44,37,18,15,27,93,29,19
472,137,450,211,421,520,193,160,98,58,44,37,18,15,27,93,28,19
461,140,464,207,424,530,195,160,98,57,44,37,18,15,27,93,28,19
453,133,444,206,419,521,194,160,98,57,44,37,18,15,27,93,29,19
422,131,444,194,411,525,192,154,96,54,45,37,18,15,27,94,28,18
415,127,434,192,406,516,194,156,97,54,44,37,18,15,27,94,29,18
426,133,458,205,421,529,194,160,97,57,44,37,18,15,27,93,29,19
438,137,467,214,430,532,194,161,97,58,45,37,18,15,27,93,29,19
415,138,474,203,429,541,194,158,97,56,45,37,18,15,27,94,29,19
420,134,456,194,419,533,194,157,96,55,45,37,18,15,27,94,28,19
444,134,453,199,417,528,194,157,97,55,45,37,18,15,27,94,29,19
472,135,444,199,413,523,193,157,97,55,45,38,18,15,27,94,28,19
487,136,442,197,410,516,192,158,97,56,45,37,18,15,27,94,28,19
475,127,415,199,396,492,192,159,97,57,45,37,18,15,27,94,28,19
465,126,411,198,398,497,194,158,98,56,44,38,18,15,27,94,28,19
461,127,419,191,399,510,193,155,97,55,44,37,18,15,27,93,28,18
470,129,414,202,397,507,192,160,97,57,44,37,18,15,27,93,28,19
472,145,479,208,438,554,192,157,97,56,45,37,18,15,27,94,29,19
443,144,489,195,431,557,192,155,96,55,45,37,18,15,27,94,29,18
454,149,494,201,438,563,192,156,97,56,45,37,18,15,27,94,29,19
461,148,500,196,433,558,192,156,96,55,45,37,18,15,27,94,29,19
454,153,518,201,448,571,192,156,96,55,45,37,18,15,27,94,29,19
471,147,493,205,442,546,193,158,98,57,44,37,18,15,27,94,29,19
459,146,494,206,442,564,192,157,97,56,45,37,18,15,27,94,29,19
468,146,490,207,439,555,192,157,97,56,45,37,18,15,27,94,29,19
469,154,518,207,447,568,190,156,96,56,45,37,18,15,27,94,29,19
478,146,483,204,432,544,190,157,97,57,45,37,18,15,27,93,29,19
491,145,478,205,429,545,191,158,98,57,45,37,18,15,27,94,29,19
468,131,425,194,400,506,192,156,97,55,45,37,18,15,27,93,28,19
493,129,418,199,399,497,193,160,99,58,44,38,18,15,27,93,28,19
509,135,432,208,409,503,193,162,98,59,44,38,18,15,27,93,28,19
496,134,430,206,406,500,193,161,97,58,45,37,18,15,27,94,28,19
489,131,425,199,401,500,193,158,98,57,45,37,18,15,27,93,28,19
507,135,431,205,407,504,193,161,99,58,44,37,18,15,27,93,28,19
492,133,432,200,403,504,192,157,98,56,45,37,18,15,27,93,28,19
472,130,422,193,396,501,192,157,98,56,45,37,18,15,27,93,28,19
490,132,423,204,403,496,193,161,98,58,44,37,18,15,27,93,28,19
489,128,419,205,403,494,193,162,98,59,45,37,18,15,27,93,28,19
466,128,421,207,404,497,193,161,98,58,44,37,18,15,27,93,28,19
447,122,404,189,390,496,195,156,98,54,45,38,18,15,27,93,28,19
452,124,411,190,396,504,194,158,98,55,44,37,18,15,27,93,28,19
499,129,413,199,395,486,192,159,97,57,45,37,18,15,27,94,28,19
511,138,436,206,411,507,195,161,99,58,44,37,18,15,27,93,29,19
486,137,445,204,413,515,195,161,98,57,45,37,18,15,27,93,29,19
479,141,460,207,429,532,195,158,98,56,45,38,18,15,27,93,29,19
466,134,438,197,410,518,193,159,98,57,45,37,18,15,27,94,28,19
492,134,436,208,410,506,193,160,97,58,45,37,18,15,27,94,28,19
469,130,425,194,402,509,193,156,97,55,45,37,18,15,27,94,28,19
475,134,438,194,409,510,192,156,97,55,45,37,18,15,27,94,29,19
472,133,434,194,400,506,193,157,98,56,45,37,18,15,27,94,28,19
467,138,456,202,418,526,193,158,97,56,45,37,18,15,27,94,29,19
465,143,470,211,433,541,194,160,98,57,45,37,18,15,27,94,29,19
483,141,458,205,424,530,194,159,98,57,45,37,18,15,27,94,29,19
491,131,425,200,403,501,193,159,97,57,45,37,18,15,27,94,28,19
486,137,443,203,413,515,194,159,97,57,45,37,18,15,27,94,28,19
454,137,447,195,415,527,194,155,97,54,45,37,18,15,27,94,29,19
448,120,397,189,388,491,193,157,97,56,45,37,18,15,27,94,28,18
470,125,410,201,396,490,192,159,97,57,45,37,18,15,27,94,28,19
469,123,404,200,394,488,197,162,98,57,45,37,18,15,27,94,28,19
446,119,396,197,392,491,200,163,98,57,44,38,18,15,27,94,29,19
459,129,435,202,417,526,195,159,98,56,44,37,18,15,27,94,28,19
456,120,402,191,391,492,195,158,99,56,44,37,18,15,27,93,28,19
447,119,395,186,382,487,194,156,98,54,45,37,18,15,27,93,28,18
447,121,399,189,386,490,194,158,98,55,44,38,18,15,27,93,28,19
499,127,418,205,404,489,193,162,98,58,44,37,18,15,27,93,28,19
476,129,425,202,404,505,192,158,97,56,45,37,18,15,27,94,28,19
459,122,402,195,389,489,193,157,97,55,45,37,18,15,27,94,28,19
446,123,409,190,393,501,192,155,97,54,45,37,18,15,27,94,28,19
449,125,416,190,393,503,192,156,97,55,45,37,18,15,27,94,28,18
456,125,414,192,391,495,192,157,97,55,45,37,18,15,27,94,28,19
456,125,414,193,393,497,192,157,97,56,45,37,18,15,27,94,28,19
479,134,436,198,406,509,193,158,97,57,45,38,18,15,27,94,28,19
476,135,437,200,408,513,193,158,97,56,45,38,18,15,27,94,28,19
451,127,417,193,400,508,193,155,97,54,45,38,18,15,27,94,28,18
463,139,457,199,420,535,192,158,97,56,45,37,18,15,27,94,29,19
442,136,459,208,417,517,192,162,97,59,45,37,18,15,27,94,28,19
448,140,468,207,432,543,195,159,97,55,45,37,18,15,27,94,29,19
471,143,470,209,433,541,196,160,98,56,44,38,18,15,27,93,29,19
503,156,513,223,451,556,194,165,99,61,44,38,18,15,27,93,29,19
477,147,494,214,443,557,194,163,99,60,45,38,18,15,27,94,29,19
468,152,506,223,461,594,196,161,98,58,45,38,18,15,27,94,30,19
478,153,506,223,456,568,197,163,99,58,44,38,18,15,27,93,30,19
500,154,507,221,452,559,196,165,99,60,44,38,18,15,27,93,30,19
487,152,506,217,450,559,196,163,99,59,44,38,18,15,27,93,29,19
