422,116,338,86,183,247,76,71,114,48,45,29,19,14,27,88,13,17
407,114,354,87,196,248,76,71,115,48,45,29,19,14,27,87,14,17
447,116,334,94,185,242,80,77,117,50,44,29,19,14,27,86,14,17
438,119,339,96,192,253,78,74,116,49,45,29,19,14,27,87,14,17
426,116,335,97,187,252,78,73,116,49,45,29,19,14,27,87,14,17
428,113,333,87,177,238,78,73,116,49,45,29,19,14,27,86,14,17
425,117,334,87,186,239,78,73,116,49,45,29,19,14,27,87,14,17
428,119,327,92,181,253,77,71,115,49,45,29,19,14,27,87,14,17
413,117,344,90,191,251,77,71,116,49,45,29,19,14,27,87,14,17
425,118,339,92,190,255,78,73,116,49,45,29,19,14,27,87,14,17
433,118,339,93,190,251,78,73,115,49,45,29,19,14,27,87,14,17
433,121,348,97,196,258,79,75,115,50,45,29,19,14,27,87,14,17
429,121,351,100,199,261,79,75,115,50,45,29,19,14,27,87,14,17
447,126,361,102,205,263,79,74,115,50,45,29,19,14,27,87,14,17
452,128,368,104,207,269,78,73,115,50,45,29,19,14,27,87,14,17
446,126,359,100,201,267,77,73,115,49,45,29,19,14,27,87,14,17
440,128,360,102,201,274,77,72,115,49,45,29,19,14,27,87,14,17
436,127,369,100,208,271,77,72,115,49,45,29,19,14,27,87,14,17
449,129,373,101,208,272,77,72,115,49,45,29,19,14,27,87,14,17
447,126,361,100,202,274,78,73,115,50,45,29,19,14,27,87,14,17
458,130,365,100,203,276,79,74,116,49,45,29,19,14,27,87,14,17
450,128,370,100,207,269,79,74,117,50,45,29,19,14,27,86,14,17
456,127,374,101,204,267,80,76,118,51,44,29,19,14,27,86,14,17
479,131,370,103,210,271,80,76,119,51,44,29,20,14,27,85,14,17
470,129,356,105,203,267,81,77,119,52,44,29,19,14,27,85,14,17
477,128,360,107,204,265,81,78,120,52,44,29,20,14,27,85,14,17
467,129,364,106,207,265,82,79,120,52,44,29,20,14,27,84,14,17
455,129,365,108,208,266,81,78,120,52,44,29,19,14,27,84,14,17
459,127,356,106,203,265,81,78,119,52,44,29,19,14,27,84,14,17
454,124,352,103,200,256,82,78,119,52,44,29,20,14,27,84,14,17
457,127,357,102,204,257,82,79,119,52,44,29,20,14,27,85,14,17
458,128,360,107,205,264,82,79,119,52,44,29,19,14,27,85,14,17
458,128,362,107,205,263,81,77,119,52,44,29,19,14,27,85,14,17
456,129,361,106,206,265,81,77,119,51,44,29,19,14,27,85,14,17
465,126,359,99,204,257,81,77,119,51,44,29,19,14,27,85,14,17
451,127,362,101,203,263,81,77,119,51,44,29,19,14,27,85,14,17
439,126,360,102,205,264,81,77,118,51,44,29,19,14,27,85,14,17
444,124,353,103,200,260,80,77,118,51,44,29,19,14,27,85,14,17
439,121,354,100,201,255,81,77,118,51,44,29,19,14,27,85,14,17
453,122,347,100,197,254,81,77,118,52,44,29,19,14,27,85,14,17
462,123,350,100,197,257,80,77,118,51,44,29,19,14,27,85,14,17
471,129,361,104,205,268,79,76,118,51,44,29,19,14,27,85,14,17
469,130,365,103,207,269,79,75,118,50,44,29,19,14,27,85,14,17
467,126,356,100,199,265,79,74,118,50,44,29,19,14,27,85,14,17
461,125,356,96,198,260,79,74,118,50,44,29,19,14,27,85,14,17
466,128,363,96,201,265,79,75,118,51,44,29,19,14,27,85,14,17
452,125,356,96,200,265,80,76,118,51,44,29,19,14,27,85,14,17
462,122,347,96,196,256,80,76,118,51,44,29,19,14,27,85,14,17
462,127,360,104,203,270,80,77,118,52,44,29,19,14,27,85,14,17
457,129,367,107,208,273,81,78,118,52,44,29,19,14,27,85,14,17
457,124,353,101,200,261,81,78,117,52,44,29,19,14,27,86,14,17
461,123,355,102,199,261,81,78,117,52,44,29,19,14,27,85,14,17
461,124,349,102,199,261,80,78,117,52,44,29,19,14,27,86,14,17
476,124,349,103,198,261,80,76,117,51,44,29,19,14,27,86,14,17
463,127,358,103,203,267,79,75,117,51,44,29,19,14,27,86,14,17
462,128,361,102,203,266,79,75,117,50,44,29,19,14,27,86,14,17
466,123,362,96,203,255,79,75,117,50,44,29,19,14,27,86,14,17
469,126,347,97,193,262,79,75,116,50,44,29,19,14,27,86,14,17
467,129,353,100,196,271,79,75,117,50,44,29,19,14,27,86,14,17
454,126,365,100,204,269,79,75,117,50,44,29,19,14,27,86,14,17
451,123,361,99,199,262,79,75,116,50,44,29,19,14,27,86,14,17
453,122,347,97,194,257,79,74,117,50,44,29,19,14,27,86,14,17
444,122,349,97,196,259,78,74,116,50,44,29,19,14,27,86,14,17
427,122,351,97,199,260,78,74,116,50,44,29,19,14,27,86,14,17
428,117,339,96,188,256,77,73,116,50,44,29,19,14,27,86,14,17
434,120,346,97,195,257,78,73,116,49,45,29,19,14,27,86,14,17
430,119,344,95,190,252,77,72,116,49,44,29,19,14,27,86,14,17
438,122,354,98,199,261,77,72,116,49,45,28,19,14,27,86,14,17
421,121,352,97,199,261,77,72,116,48,45,28,19,14,27,86,14,17
417,116,337,92,190,248,76,72,116,49,44,28,19,14,27,86,14,17
423,119,339,92,189,255,77,72,116,48,45,29,19,14,27,86,14,17
427,120,348,93,194,257,77,72,116,49,45,29,19,14,27,86,14,17
442,119,343,89,190,250,78,73,116,49,44,29,19,14,27,86,14,17
451,122,346,92,194,258,78,74,116,49,44,29,19,14,27,86,14,17
456,124,350,91,195,259,78,74,116,49,45,29,19,14,27,86,14,17
448,122,350,91,194,258,78,73,116,49,44,29,19,14,27,86,14,17
441,119,341,90,188,253,78,73,116,49,44,29,19,14,27,86,14,17
439,118,340,92,189,255,78,73,116,49,45,29,19,14,27,86,14,17
423,117,342,92,192,253,78,73,116,49,44,29,19,14,27,86,14,17
421,118,345,96,195,260,77,73,115,50,45,29,19,14,27,87,14,17
413,120,351,98,198,262,77,72,116,49,45,29,19,14,27,86,14,17
422,118,345,96,195,256,77,72,116,49,45,29,19,14,27,86,14,17
427,123,345,100,195,266,77,72,115,49,45,29,19,14,27,86,14,17
427,121,350,99,200,264,77,72,116,49,45,29,19,14,27,86,14,17
427,124,362,101,204,267,77,72,115,49,45,29,19,14,27,87,14,17
429,122,363,101,206,269,77,72,115,49,45,29,19,14,27,86,14,17
436,122,353,96,200,261,77,73,116,49,45,29,19,14,27,87,14,17
438,120,352,93,193,257,78,73,115,49,45,29,19,14,27,87,14,17
440,121,348,93,194,261,77,72,115,49,45,29,19,14,27,87,14,17
448,123,358,95,198,264,77,72,115,49,45,29,19,14,27,87,14,17
447,126,360,97,202,267,77,72,115,49,45,29,19,14,27,87,14,17
456,126,363,97,202,269,77,72,115,49,45,29,19,14,27,87,14,17
450,125,362,94,202,267,77,72,115,49,45,29,19,14,27,87,14,17
452,125,360,94,198,265,77,72,115,49,45,29,19,14,27,87,14,17
440,127,365,96,206,270,77,72,115,49,45,29,19,14,27,87,14,17
439,121,352,96,196,268,77,71,115,49,45,29,19,14,27,87,14,17
441,127,363,99,202,274,76,71,115,49,45,29,19,14,27,87,14,17
435,126,363,99,203,275,76,71,115,49,45,29,19,14,27,87,14,17
431,128,370,99,208,273,77,71,115,49,45,29,19,14,27,87,14,17
430,124,367,98,206,271,77,72,115,49,45,29,19,14,27,87,14,17
429,125,359,99,205,272,77,72,115,49,45,29,19,14,27,87,14,17
427,124,361,97,202,270,77,72,115,49,45,29,19,14,27,87,14,17
423,123,361,99,202,268,77,72,115,49,45,29,19,14,27,87,14,17
424,126,369,100,208,270,78,73,115,49,45,29,19,14,27,87,14,17
463,129,376,103,208,275,79,75,116,51,44,29,19,14,27,86,14,17
478,133,377,108,213,279,79,75,115,51,45,29,19,14,27,86,14,17
462,130,370,105,209,278,78,74,115,50,45,29,19,14,27,87,14,17
457,129,373,102,209,271,78,74,115,50,45,29,19,14,27,86,14,17
473,128,375,101,209,267,79,75,115,50,45,29,19,14,27,86,14,17
468,129,367,100,206,270,79,75,115,50,44,29,19,14,27,86,14,17
456,126,356,100,199,269,78,74,115,50,45,29,19,14,27,86,14,17
458,131,376,102,208,276,78,74,115,50,45,29,19,14,27,87,14,17
470,129,377,100,210,269,78,74,116,50,44,29,19,14,27,86,14,17
465,128,364,98,204,267,77,73,116,49,44,29,19,14,27,86,14,17
442,126,365,97,202,265,77,72,115,49,45,29,19,14,27,86,14,17
443,122,356,94,198,260,77,72,115,48,44,29,19,14,27,86,14,17
442,124,357,96,200,265,77,72,116,49,44,29,19,14,27,86,14,17
434,122,360,93,199,261,77,72,116,49,45,29,19,14,27,86,14,17
438,123,348,92,194,259,77,72,115,49,44,29,19,14,27,86,14,17
440,121,347,91,191,259,76,71,115,49,45,28,19,14,27,86,14,17
436,120,348,92,192,257,77,72,115,49,45,29,19,14,27,86,14,17
448,122,349,94,194,260,77,73,116,49,44,29,19,14,27,86,14,17
453,125,358,94,197,261,77,73,115,49,45,29,19,14,27,86,14,17
446,124,357,95,197,263,78,73,116,49,44,29,19,14,27,86,14,17
445,125,364,99,202,266,78,74,115,49,45,29,19,14,27,86,14,17
443,128,365,99,202,272,77,73,115,49,45,29,19,14,27,87,14,17
434,119,345,92,190,252,77,73,115,49,45,29,19,14,27,87,14,17
428,121,348,93,193,256,77,73,115,49,45,29,19,14,27,87,14,17
422,120,351,95,196,258,77,72,114,49,45,29,19,14,27,87,14,17
430,117,340,90,188,250,77,72,113,49,45,29,19,14,27,87,14,17
437,119,339,90,187,253,76,71,113,49,45,29,19,14,27,87,14,17
446,123,355,92,194,260,76,71,113,48,45,29,19,14,27,87,14,17
461,128,365,92,203,257,76,72,113,49,45,29,19,14,27,87,14,17
468,129,369,97,206,276,77,73,114,50,44,29,19,14,27,87,14,17
433,122,357,95,196,263,75,70,113,48,45,28,19,14,27,87,14,17
430,122,364,97,202,263,76,71,114,48,45,29,19,14,27,87,14,17
411,119,347,94,193,256,76,71,114,48,45,28,19,14,27,87,14,17
412,117,347,91,190,253,76,71,114,48,45,28,19,14,27,87,14,17
404,111,334,85,183,237,76,71,114,48,45,28,19,14,27,87,14,17
413,113,327,86,179,240,76,71,113,48,45,28,19,14,27,87,14,17
420,116,333,87,183,245,76,71,114,48,45,28,19,14,27,87,14,17
416,118,345,90,191,256,76,70,113,48,45,28,19,14,27,87,14,17
423,117,339,86,184,248,76,71,113,48,45,28,19,14,27,87,14,17
424,122,354,91,195,262,75,70,113,48,45,29,19,14,27,87,14,17
410,118,348,87,189,258,75,70,113,48,45,28,19,14,27,88,14,17
407,114,339,84,184,249,76,70,113,48,45,28,19,14,27,88,14,17
413,115,336,87,186,252,75,70,113,48,45,29,19,14,27,87,14,17
426,119,345,88,190,253,76,71,113,48,45,29,19,15,27,87,14,17
424,120,347,90,191,257,75,70,113,48,45,29,19,14,27,88,14,17
414,119,346,91,190,260,75,70,113,48,45,29,19,14,27,88,14,17
426,120,351,91,191,259,75,70,113,48,45,29,19,15,27,87,14,17
424,120,349,90,193,259,75,69,113,47,45,28,19,14,27,88,14,17
425,122,350,90,192,259,75,70,114,48,45,28,19,14,27,87,13,17
413,120,352,90,193,261,75,70,113,47,45,28,19,14,27,87,13,17
399,116,340,90,187,253,76,70,113,48,45,28,19,14,27,87,14,17
398,111,333,83,182,242,76,70,113,47,45,28,19,14,27,87,13,17
397,110,325,83,176,240,76,71,113,48,45,29,19,14,27,88,14,17
398,112,329,84,181,240,77,72,113,48,45,29,19,14,27,87,14,17
402,112,329,88,181,246,76,72,113,48,45,29,19,14,27,87,14,17
410,116,340,93,189,250,77,73,115,49,45,29,19,14,27,87,14,17
411,117,342,95,191,251,77,73,115,49,45,29,19,14,27,87,14,17
409,120,346,99,195,257,77,73,115,49,45,29,19,14,27,87,14,17
414,119,348,96,195,253,77,72,115,49,45,29,19,14,27,87,14,17
425,118,338,91,186,247,77,72,115,49,45,29,19,14,27,87,14,17
430,119,341,91,189,250,77,72,115,49,45,29,19,14,27,87,14,17
442,120,344,89,187,248,77,72,115,49,45,29,19,14,27,87,14,17
432,121,349,92,193,257,77,72,115,49,45,29,19,14,27,87,14,17
434,121,351,93,194,259,77,73,115,49,45,29,19,14,27,87,14,17
426,119,344,91,191,255,77,73,115,49,45,29,19,14,27,87,14,17
426,117,336,91,187,251,77,73,115,49,45,29,19,14,27,87,14,17
426,120,350,92,193,257,77,72,115,49,45,29,19,15,27,87,14,17
432,122,353,96,197,261,78,74,116,50,44,29,19,14,27,86,14,17
432,120,347,94,194,255,79,74,116,50,44,29,19,14,27,86,14,17
426,119,341,95,191,252,79,74,116,50,44,29,19,14,27,86,14,17
437,119,341,95,190,250,79,75,116,50,45,29,19,14,27,86,14,17
429,121,351,97,195,256,79,74,116,50,44,29,19,14,27,86,14,17
436,122,352,98,196,257,78,74,116,50,45,29,19,14,27,86,14,17
448,123,357,100,201,261,79,75,116,50,44,29,19,14,27,86,14,17
452,129,358,103,200,271,79,75,116,50,44,29,19,14,27,86,14,17
448,125,360,99,201,263,78,74,116,50,45,29,19,14,27,86,14,17
451,126,361,102,203,271,78,73,115,50,44,29,19,14,27,86,14,17
453,127,366,99,203,265,77,72,116,50,45,29,19,14,27,86,14,17
463,128,365,98,202,269,76,72,115,49,45,29,19,14,27,86,14,17
458,127,359,98,198,273,76,71,115,49,44,29,19,14,27,86,14,17
459,131,375,98,206,274,76,71,115,49,45,28,19,14,27,86,14,17
446,129,376,95,205,273,77,72,115,49,44,29,19,14,27,86,14,17
446,130,375,97,205,277,77,72,115,49,45,29,19,14,27,86,14,17
457,128,368,95,201,272,77,72,115,49,44,29,19,14,27,86,14,17
460,130,373,96,206,273,78,73,115,49,45,29,19,14,27,86,14,17
454,131,377,98,209,273,78,74,115,50,45,29,19,14,27,86,14,17
461,129,370,102,209,272,79,75,115,51,44,29,19,14,27,86,14,17
465,129,361,102,201,270,79,75,115,50,45,29,19,14,27,86,14,17
447,131,374,110,217,282,79,76,115,51,45,29,19,14,27,86,14,17
467,127,362,109,204,279,79,76,116,51,44,29,19,14,27,86,14,17
449,128,368,105,208,270,79,76,116,51,44,29,19,14,27,86,14,17
462,126,355,106,205,272,79,75,116,51,44,29,19,14,27,86,14,17
475,127,359,99,203,264,77,73,115,50,44,29,19,14,27,86,14,17
456,128,360,100,201,272,76,72,114,49,45,29,19,14,27,87,14,17
467,128,360,98,201,268,77,73,115,49,45,29,19,14,27,86,14,17
459,127,364,96,202,264,77,73,115,50,45,29,19,14,27,86,14,17
455,127,364,98,201,267,77,73,114,49,45,29,19,14,27,87,14,17
443,128,361,100,207,273,77,72,114,49,45,29,19,14,27,87,14,17
440,124,355,97,198,267,76,72,113,49,45,29,19,14,27,87,14,17
443,129,366,103,204,276,76,72,113,49,45,29,19,14,27,87,14,17
451,128,367,101,206,271,76,71,113,49,45,29,19,14,27,87,14,17
439,128,367,100,206,271,76,71,113,48,45,29,19,14,27,87,14,17
438,129,371,100,208,270,76,71,113,48,45,29,19,14,27,87,14,17
444,129,368,99,209,271,76,71,114,49,45,29,19,14,27,87,14,17
449,128,366,97,202,274,76,71,113,48,45,29,19,14,27,87,14,17
457,131,376,98,208,275,77,72,114,49,45,29,19,14,27,87,14,17
456,127,363,96,200,266,77,72,114,49,45,29,19,14,27,87,14,17
467,128,365,94,201,266,77,73,114,49,45,29,19,14,27,87,14,17
459,127,362,95,199,267,77,73,114,49,45,29,19,14,27,87,14,17
452,129,371,98,206,275,77,72,114,49,45,29,19,14,27,87,14,17
446,126,367,96,203,270,76,71,114,49,45,29,19,14,27,87,14,17
428,126,365,98,202,275,76,71,114,48,45,29,19,14,27,87,14,17
428,123,365,95,202,266,76,71,114,48,45,29,19,14,27,87,14,17
428,122,363,96,202,263,76,71,114,49,45,29,19,14,27,87,14,17
424,122,355,97,198,265,76,71,114,48,45,29,19,14,27,87,14,17
431,126,362,101,206,275,76,71,114,48,45,29,19,14,27,87,14,17
438,124,357,96,200,265,75,71,114,48,45,28,19,14,27,87,14,17
444,126,365,98,203,269,76,71,114,48,45,28,19,14,27,87,14,17
429,125,362,97,201,267,76,71,113,48,45,28,19,14,27,87,14,17
432,117,342,90,189,253,76,71,113,48,45,28,19,14,27,87,14,17
436,118,341,88,188,254,76,71,113,48,45,29,19,14,27,87,14,17
430,120,350,87,189,253,76,71,113,48,45,29,19,14,27,87,14,17
429,120,348,89,190,259,76,71,113,48,45,29,19,14,27,87,14,17
437,120,350,90,193,260,76,71,113,48,45,29,19,14,27,87,14,17
431,126,356,96,195,273,76,71,113,48,45,29,19,14,27,87,14,17
438,120,364,92,202,258,75,70,113,48,45,29,19,14,27,87,14,17
433,125,362,95,199,266,75,70,113,48,45,28,19,14,27,87,14,17
430,123,355,97,199,272,76,71,114,48,45,29,19,14,27,87,14,17
418,120,352,93,193,262,77,72,114,49,45,29,19,14,27,87,14,17
413,119,343,93,191,259,76,71,113,49,45,29,19,14,27,87,14,17
424,115,333,90,184,250,76,71,113,48,45,29,19,14,27,87,14,17
420,121,351,93,196,257,77,72,113,49,45,29,19,14,27,87,14,17
427,120,350,94,197,259,77,72,113,49,45,29,19,14,27,87,14,17
433,120,345,93,191,257,77,72,113,49,45,29,19,14,27,87,14,17
438,121,349,94,194,258,77,72,113,49,45,29,19,14,27,87,14,17
438,121,351,94,194,259,77,72,113,49,45,29,19,14,27,87,14,17
440,121,350,95,194,259,77,72,113,49,45,29,19,14,27,87,14,17
438,120,342,95,191,260,77,72,113,49,45,29,19,14,27,87,14,17
453,125,350,96,198,264,77,73,113,49,45,29,19,14,27,87,14,17
462,126,357,95,198,264,77,73,113,49,45,29,19,14,27,87,14,17
447,130,378,101,208,278,77,73,113,49,45,29,19,14,27,87,14,17
455,128,372,100,207,272,77,72,113,49,45,29,19,14,27,87,14,17
449,128,364,97,203,273,76,72,113,49,45,29,19,14,27,87,14,17
449,127,371,97,203,271,75,71,113,48,45,29,19,15,27,87,14,17
447,127,366,97,203,270,75,70,113,48,45,29,19,14,27,87,14,17
433,127,365,95,201,271,75,70,112,48,45,29,19,14,27,88,14,17
422,122,357,93,195,267,74,69,112,47,45,29,19,14,27,88,14,17
419,123,362,92,200,270,74,69,112,47,45,29,19,14,27,88,14,17
420,125,365,92,202,271,74,69,112,47,45,28,19,14,27,88,14,17
414,124,365,94,201,271,74,69,113,47,45,29,19,14,27,88,14,17
423,124,361,93,199,267,75,69,113,48,45,28,19,14,27,88,14,17
413,123,366,95,203,272,75,70,113,48,45,29,19,14,27,87,14,17
426,120,347,90,191,259,75,70,112,48,45,29,19,14,27,88,14,17
416,122,363,92,200,267,76,71,112,48,45,29,19,14,27,88,14,17
435,124,363,94,199,266,76,71,112,48,45,29,19,14,27,88,14,17
435,125,368,96,203,271,76,71,112,48,45,29,19,14,27,88,14,17
424,127,370,98,205,275,75,70,112,48,45,29,19,14,27,88,14,17
432,121,357,94,198,260,76,71,112,48,45,29,19,14,27,88,14,17
434,126,368,96,200,270,76,71,112,48,45,29,19,14,27,88,14,17
439,126,368,96,201,268,76,71,112,48,45,29,19,14,27,88,14,17
425,126,373,96,205,271,75,70,112,48,45,29,19,14,27,88,14,17
414,123,366,96,202,266,75,70,112,48,45,29,19,14,27,88,14,17
416,122,360,95,197,266,75,70,112,48,45,29,19,14,27,88,14,17
424,122,357,94,199,266,75,70,112,48,45,29,19,14,27,88,14,17
407,124,365,94,203,267,74,69,111,47,45,29,19,14,27,88,14,17
416,121,353,96,194,262,74,69,111,47,45,29,19,14,27,88,14,17
421,124,357,91,196,270,74,68,111,47,45,28,19,14,27,88,14,17
414,126,376,93,206,276,74,69,111,47,46,28,19,14,27,88,14,17
422,125,368,93,201,273,75,69,111,47,45,29,19,14,27,88,14,17
423,122,359,88,195,264,75,70,111,47,45,29,19,14,27,88,14,17
428,124,363,89,197,270,76,70,111,48,45,29,19,14,27,88,14,17
423,126,368,91,202,277,74,69,111,47,45,29,19,14,27,88,14,17
417,124,367,91,201,275,74,69,111,47,45,29,19,14,27,88,14,17
418,125,364,92,200,273,75,69,111,47,46,29,19,15,27,88,14,17
419,122,357,92,195,268,75,70,111,48,46,29,19,14,27,88,14,17
408,123,366,92,199,271,75,70,111,48,46,29,19,14,27,88,14,17
411,122,361,94,199,268,75,70,111,48,45,29,19,14,27,88,14,17
410,125,366,95,201,273,75,70,111,48,46,29,19,15,27,88,14,17
406,124,367,95,202,272,75,70,111,48,46,29,19,14,27,88,14,17
404,123,362,97,204,276,74,69,111,47,45,28,19,14,27,88,14,17
408,127,361,98,200,278,74,69,111,47,46,28,19,14,27,88,14,17
404,123,365,96,201,273,74,68,111,47,46,28,19,14,27,88,14,17
398,121,360,95,197,269,74,68,111,46,45,28,19,14,27,88,14,17
400,119,353,89,192,260,74,69,111,47,46,28,19,14,27,88,14,17
402,116,346,87,188,258,76,70,111,48,45,28,19,14,27,88,14,17
394,117,346,86,188,259,74,69,111,48,45,29,19,14,27,88,14,17
399,115,341,85,184,256,74,68,111,47,45,29,19,14,27,88,14,17
398,114,337,83,183,253,73,67,110,46,46,28,19,14,27,89,14,17
419,117,340,86,186,255,73,67,111,46,45,28,19,14,27,88,14,17
414,122,343,88,191,263,73,68,111,47,45,28,19,14,27,88,14,17
397,120,355,89,191,266,73,68,111,47,46,28,19,14,27,88,14,17
396,116,344,84,186,256,74,68,111,47,46,28,19,14,27,88,14,17
394,117,349,87,189,260,73,68,111,47,45,29,19,15,27,88,14,17
404,117,347,89,190,258,73,68,111,46,45,28,19,15,27,88,14,17
413,121,356,90,195,266,74,68,110,46,45,28,19,14,27,88,14,17
400,119,349,88,191,261,74,68,111,47,45,28,19,14,27,88,14,17
398,115,343,87,186,256,74,68,111,47,45,28,19,14,27,88,14,17
402,118,347,90,192,261,74,68,111,47,45,28,19,14,27,89,14,17
398,114,339,89,188,259,74,69,110,47,45,28,19,14,27,88,14,17
403,114,334,88,185,251,75,69,111,47,45,29,19,14,27,88,14,17
414,118,349,90,191,260,75,70,111,47,45,29,19,14,27,88,14,17
416,120,350,91,193,262,75,70,111,47,46,29,19,14,27,88,14,17
421,119,352,89,194,257,74,69,111,47,46,28,19,14,27,88,14,17
421,125,364,92,199,271,74,68,111,47,45,28,19,14,27,88,14,17
429,126,365,89,197,268,73,67,110,47,45,28,19,14,27,88,14,17
418,125,362,87,196,270,73,67,111,46,45,28,19,14,27,88,14,17
399,124,370,89,201,274,73,67,111,47,45,29,19,14,27,88,14,17
393,124,366,91,199,274,74,68,111,47,45,29,19,14,27,88,14,17
404,124,366,94,201,276,74,69,111,47,46,29,19,14,27,89,14,17
406,124,362,95,203,275,75,70,111,47,45,29,19,14,27,88,14,17
424,122,361,94,195,266,75,70,110,48,45,29,19,14,27,88,14,17
418,124,365,95,203,271,75,70,111,48,46,29,19,14,27,88,14,17
433,125,366,97,201,270,75,70,111,48,46,29,19,14,27,88,14,17
421,125,367,97,204,275,75,70,110,47,46,29,19,14,27,88,14,17
429,120,349,90,190,260,74,70,110,48,45,28,19,14,27,88,14,17
412,121,352,89,192,265,74,69,111,47,46,29,19,14,27,89,14,17
403,120,354,88,193,267,74,68,110,47,46,28,19,14,27,89,14,17
403,122,362,87,197,265,74,69,110,47,46,29,19,14,27,89,14,17
400,122,360,90,196,271,74,69,110,47,46,29,19,14,27,89,14,17
407,118,356,88,194,262,74,68,110,47,46,29,19,14,27,89,14,17
395,122,363,93,203,274,74,68,110,47,46,29,19,14,27,89,14,17
400,121,356,95,196,267,73,68,110,47,46,29,19,14,27,89,14,17
404,118,350,91,193,261,73,67,110,47,46,28,19,14,27,89,14,17
402,124,357,95,203,276,73,67,110,47,46,28,19,14,27,89,14,17
392,117,346,90,190,268,72,66,110,46,46,28,19,15,27,89,14,17
386,121,358,91,198,272,72,66,110,46,46,28,19,14,27,89,14,17
388,116,344,85,188,261,73,67,109,46,46,28,19,14,27,89,14,17
405,123,359,86,196,264,74,69,110,47,46,29,19,14,27,89,14,17
411,126,372,86,201,264,74,68,110,47,46,29,19,14,27,89,14,17
421,122,360,86,195,266,74,69,110,47,46,29,19,14,27,89,14,17
416,123,357,88,193,269,74,69,110,47,46,29,19,14,27,89,14,17
426,121,350,89,192,260,75,70,111,48,45,29,19,14,27,89,14,17
418,125,370,92,202,272,76,71,111,48,46,29,19,14,27,88,14,17
408,121,361,92,197,270,77,72,111,48,46,29,19,14,27,88,14,17
407,118,348,89,191,262,74,69,111,48,46,29,19,14,27,88,14,17
408,122,358,92,199,268,74,68,111,47,46,29,19,14,27,88,14,17
404,124,367,95,206,273,74,68,111,47,45,29,19,14,27,89,14,17
396,124,370,91,200,274,74,68,111,47,46,29,19,14,27,89,14,17
395,124,365,96,199,278,73,67,110,47,46,29,19,15,27,89,14,17
402,121,355,93,198,269,73,68,110,47,45,29,19,14,27,89,14,17
405,123,364,92,199,269,73,68,110,47,46,28,19,14,27,89,14,17
407,119,356,88,196,259,74,68,111,47,46,28,19,14,27,89,14,17
410,125,366,92,200,269,74,68,110,47,46,28,19,14,27,88,14,17
424,121,352,90,193,265,75,69,112,47,46,29,19,14,27,88,14,17
421,124,363,89,199,271,74,68,111,47,45,29,19,14,27,89,14,17
414,118,344,83,186,259,73,68,110,46,46,29,19,15,27,89,14,17
409,120,352,88,191,265,73,67,110,46,46,29,19,14,27,89,14,17
402,120,356,88,195,268,73,67,110,46,46,28,19,14,27,89,14,17
399,118,351,88,192,265,73,67,110,46,46,28,19,14,27,89,14,17
397,116,342,85,186,258,73,67,110,47,46,29,19,14,27,89,14,17
399,116,345,88,191,261,74,69,111,47,45,28,19,14,27,88,14,17
401,122,359,95,198,274,74,69,112,47,45,28,19,14,27,88,14,17
405,119,353,92,195,263,75,69,111,47,46,29,19,14,27,88,14,17
440,122,354,93,199,264,80,76,117,51,44,29,19,14,27,86,14,17
454,125,357,104,202,270,79,76,117,50,44,29,19,14,27,86,14,17
478,130,365,104,207,271,79,75,116,50,44,29,19,14,27,86,14,17
469,129,367,102,206,271,79,75,116,50,45,29,19,14,27,86,14,17
464,130,367,103,205,271,79,74,117,50,45,29,19,14,27,85,14,17
436,125,363,100,204,267,80,76,117,51,44,29,19,14,27,86,14,17
432,121,348,95,196,256,79,75,116,51,44,29,19,14,27,86,14,17
446,119,340,94,190,250,79,76,117,51,44,29,19,14,27,85,14,17
508,128,357,107,199,260,81,78,122,52,44,29,19,14,27,83,14,17
487,132,361,105,204,268,81,78,120,52,44,29,20,14,27,84,14,17
504,133,367,106,209,269,81,79,120,53,43,29,20,14,27,84,14,17
495,130,361,103,203,264,81,78,121,52,43,29,20,14,27,83,14,17
478,125,360,101,204,256,81,78,121,52,43,29,19,14,27,83,14,17
479,126,349,102,199,258,80,76,120,51,43,29,19,14,27,84,14,17
475,125,352,99,196,257,80,77,119,51,44,29,20,14,27,84,14,17
448,120,350,98,196,253,80,76,119,51,44,29,19,14,27,84,14,17
446,121,344,100,196,255,81,77,119,51,44,29,19,14,27,84,14,17
442,120,342,97,193,251,80,76,119,51,44,29,19,14,27,85,14,17
429,119,343,94,189,249,80,76,117,51,44,29,19,14,27,85,14,17
431,116,336,93,188,247,80,76,117,51,44,29,19,14,27,86,14,17
432,119,341,96,193,255,80,76,117,51,44,29,19,14,27,86,14,17
431,118,339,96,191,250,80,76,117,51,44,29,19,14,27,86,14,17
455,120,341,93,187,248,79,75,116,50,44,29,19,14,27,86,14,17
449,127,366,102,204,268,79,75,116,50,45,29,19,14,27,86,14,17
451,128,367,105,208,272,79,75,116,50,45,29,19,14,27,86,14,17
450,127,367,100,206,268,78,74,115,49,45,29,19,14,27,86,14,17
450,128,369,100,206,271,77,72,114,49,45,29,19,14,27,87,14,17
505,137,380,100,217,277,80,76,117,53,43,29,19,14,27,85,15,17
465,136,389,106,219,277,78,74,116,50,44,29,19,14,27,86,14,17
451,131,375,107,213,280,77,73,116,49,44,29,19,14,27,86,14,17
453,131,376,101,208,276,77,72,115,49,45,29,19,14,27,87,14,17
482,133,375,104,208,278,79,74,116,50,44,29,19,14,27,86,14,17
467,128,376,99,210,267,78,74,116,50,45,29,19,14,27,86,14,17
459,132,369,102,210,279,78,73,115,49,45,29,19,14,27,86,14,17
449,127,363,101,203,277,78,74,115,50,45,29,19,14,27,86,14,17
438,125,365,98,202,269,77,73,114,49,45,29,19,14,27,87,14,17
435,126,368,101,203,271,77,72,115,49,45,29,19,14,27,87,14,17
437,126,369,102,205,269,78,73,115,50,45,29,19,14,27,87,14,17
433,129,374,105,211,274,78,73,116,49,45,29,19,14,27,86,14,17
439,123,360,96,202,262,76,71,114,48,45,28,19,14,27,87,14,17
433,127,368,98,204,274,76,70,114,48,45,29,19,14,27,87,14,17
423,121,363,91,199,265,76,70,114,48,45,29,19,14,27,87,14,17
426,118,346,89,189,256,76,71,114,48,45,29,19,14,27,87,14,17
470,128,361,101,204,270,79,75,117,51,44,29,19,14,27,85,14,17
506,129,353,104,203,266,82,79,119,53,43,29,19,14,27,85,14,17
479,131,357,106,202,271,80,77,119,52,44,29,19,14,27,85,14,17
464,129,368,102,208,264,81,77,118,52,44,29,19,14,27,85,14,17
477,134,372,112,212,282,80,77,118,51,44,29,19,14,27,85,14,17
483,135,379,108,215,277,80,76,116,51,44,29,19,14,27,86,14,17
486,134,377,109,214,279,80,77,117,51,44,29,19,14,27,86,14,17
512,138,380,113,216,280,80,77,119,52,44,29,19,14,27,85,14,17
480,133,376,105,212,274,79,75,116,51,44,29,19,14,27,85,14,17
466,130,368,99,206,264,78,73,116,49,44,29,19,14,27,86,14,17
439,123,356,97,196,263,76,71,116,48,45,29,19,14,27,86,14,17
460,124,352,89,194,256,76,71,114,50,44,29,19,14,27,87,14,17
446,128,357,95,196,269,77,72,115,48,45,29,19,14,27,86,14,17
427,125,366,98,201,269,76,71,116,49,45,29,19,14,27,87,14,17
424,125,366,98,205,271,76,71,114,49,45,29,19,14,27,87,14,17
427,123,354,97,200,264,76,71,114,48,45,29,19,14,27,87,14,17
446,124,356,97,198,263,77,73,113,49,45,29,19,14,27,87,14,17
455,124,354,97,197,259,77,74,114,50,45,29,19,14,27,87,14,17
501,133,353,109,196,272,79,76,117,51,44,29,19,14,27,85,14,17
489,131,366,106,208,273,79,75,115,51,44,29,19,14,27,86,14,17
548,144,380,117,217,283,84,82,122,53,44,29,19,14,27,83,14,17
480,136,376,112,211,279,83,80,121,51,44,29,20,14,27,84,14,17
463,132,366,107,208,274,82,79,119,52,44,29,19,14,27,85,15,17
475,132,370,103,212,266,84,82,118,55,43,29,20,14,27,84,15,17
483,138,380,118,219,283,83,80,120,53,44,29,20,14,27,84,15,17
466,129,379,110,204,264,81,77,120,52,44,29,20,14,27,84,14,17
467,129,359,107,208,265,79,75,119,51,44,29,20,14,27,85,14,17
472,128,355,102,202,261,78,73,118,51,44,29,19,14,27,85,14,17
472,129,360,99,201,266,78,74,117,49,44,29,19,14,27,85,14,17
496,133,371,99,205,270,80,76,117,51,44,29,19,14,27,85,14,17
489,133,380,99,210,273,81,77,117,52,44,29,19,14,27,85,14,17
500,132,369,103,206,271,82,79,118,53,44,29,19,14,27,85,15,17
494,131,364,104,205,269,82,78,119,52,44,29,19,14,27,85,14,17
463,129,365,107,207,273,80,76,119,52,44,29,19,14,27,85,14,17
445,124,357,105,203,266,79,76,119,51,44,29,19,14,27,85,14,17
462,126,357,103,202,263,80,76,118,51,44,29,19,14,27,85,14,17
473,126,360,100,199,260,80,77,118,51,44,29,19,14,27,85,14,17
473,130,364,101,203,266,81,78,118,52,44,29,19,14,27,85,14,17
476,128,360,99,201,260,81,78,119,52,44,29,19,14,27,85,14,17
479,131,370,105,207,268,82,79,119,52,44,29,19,14,27,85,14,17
470,131,365,114,211,268,82,79,122,53,43,29,20,14,27,83,14,17
466,126,352,104,201,258,82,78,121,52,43,29,20,14,27,84,14,17
450,122,346,106,196,263,82,78,120,52,44,29,20,14,27,84,14,17
448,132,352,113,202,276,81,78,120,52,44,29,19,14,27,84,14,17
433,123,350,106,201,261,81,77,120,52,44,29,19,14,27,84,14,17
455,124,341,103,195,256,81,78,120,51,44,29,19,14,27,84,14,17
448,126,361,104,203,261,82,79,120,52,44,29,20,14,27,85,14,17
462,125,355,101,200,259,82,79,120,52,44,29,19,14,27,84,14,17
451,126,355,105,206,263,82,79,120,53,44,29,19,14,27,84,14,17
454,125,354,101,202,258,83,80,120,53,44,29,20,14,27,84,14,17
452,130,371,104,211,261,83,80,120,53,44,29,19,14,27,84,14,17
464,130,363,109,208,270,83,80,120,53,44,30,20,14,27,84,14,17
461,131,365,112,209,275,82,79,120,53,44,29,20,14,27,84,14,17
447,128,363,109,210,269,82,79,120,53,44,29,20,14,27,84,14,17
460,129,361,106,206,266,82,79,120,52,44,29,20,14,27,84,14,17
440,125,366,104,209,261,81,78,120,52,44,29,20,14,28,84,14,17
457,127,357,108,208,269,81,77,120,51,44,29,19,14,27,84,14,17
445,129,367,106,210,268,81,77,120,51,44,29,19,14,27,84,14,17
446,129,364,107,208,270,80,76,119,51,44,29,19,14,27,85,14,17
446,127,364,105,204,266,80,76,119,51,44,29,19,14,27,85,14,17
452,125,363,102,205,263,80,76,119,51,44,29,19,14,27,85,14,17
443,126,362,104,206,268,80,77,119,51,44,29,19,14,27,85,14,17
454,124,348,98,197,259,80,76,118,51,44,29,19,14,27,85,14,17
468,124,350,99,198,258,80,76,118,51,44,29,19,14,27,85,14,17
463,130,372,105,209,271,81,77,119,51,44,29,19,14,27,85,14,17
456,129,368,105,209,268,81,77,119,51,44,29,19,14,27,85,14,17
435,122,354,101,202,258,81,77,118,52,44,29,19,14,27,85,14,17
458,127,363,103,207,263,81,77,119,52,44,29,19,14,27,85,14,17
460,131,371,106,212,269,81,77,119,52,44,29,19,14,27,85,14,17
448,128,366,110,210,273,81,77,118,52,44,29,19,14,27,85,14,17
450,129,364,107,209,270,81,78,119,52,44,29,19,14,27,85,14,17
453,128,363,104,208,268,81,77,119,52,44,29,19,14,27,85,14,17
439,126,363,105,205,270,80,76,118,51,44,29,19,14,27,85,14,17
433,128,365,104,208,270,80,76,119,51,44,29,19,14,27,85,14,17
429,129,372,102,208,268,80,76,118,51,44,29,19,14,27,85,14,17
434,122,354,98,200,258,80,77,119,51,44,29,19,14,27,85,14,17
432,121,351,97,199,256,80,77,118,51,44,29,19,14,27,85,14,17
430,122,352,100,199,260,81,77,119,51,44,29,19,14,27,85,14,17
440,121,345,97,195,253,81,77,118,51,44,29,19,14,27,85,14,17
439,126,362,100,207,260,81,78,118,52,44,29,19,14,27,85,14,17
459,129,363,106,205,270,81,78,118,52,44,29,19,14,27,85,14,17
454,126,358,105,206,267,81,77,118,52,44,29,19,14,27,85,14,17
447,127,361,106,207,263,81,78,119,52,44,29,20,14,27,85,14,17
466,136,358,116,205,283,81,77,119,52,44,29,19,14,27,85,14,17
462,131,370,115,211,281,81,77,119,52,44,29,19,14,27,85,14,17
463,132,372,108,212,275,81,77,119,52,44,29,19,14,27,85,14,17
462,129,376,104,205,267,80,76,119,51,44,29,19,14,27,85,14,17
473,126,352,103,202,265,80,76,119,51,44,29,19,14,27,85,14,17
458,132,377,106,214,272,81,77,119,51,44,29,19,14,27,85,14,17
468,129,363,105,207,268,81,77,119,52,44,29,19,14,27,85,14,17
446,127,366,105,209,269,81,76,119,50,44,29,19,14,27,85,14,17
437,127,366,104,209,272,81,77,118,52,44,29,19,14,27,86,14,17
447,129,371,106,211,273,81,77,118,51,44,29,19,14,27,85,14,17
439,126,370,106,209,272,81,77,118,51,44,29,19,14,27,86,14,17
438,125,359,106,205,266,80,76,118,50,44,29,19,14,27,86,14,17
449,125,357,100,202,264,80,75,118,50,44,29,19,14,27,86,14,17
453,127,365,101,206,268,80,75,118,50,44,29,19,14,27,86,14,17
447,128,368,102,208,275,79,74,118,50,44,29,19,14,27,86,14,17
441,127,367,101,207,270,79,74,118,50,44,29,19,14,27,86,14,17
429,130,380,100,215,271,80,75,118,50,44,29,19,14,27,86,14,17
447,126,380,103,216,269,80,76,118,50,44,29,19,14,27,86,14,17
453,123,352,102,198,269,80,76,118,51,44,29,19,14,27,86,14,17
450,119,347,95,194,250,80,75,118,51,44,29,19,14,27,86,14,17
443,116,330,95,186,250,80,76,118,51,44,29,19,14,27,86,14,17
439,116,333,93,187,243,80,75,118,50,44,29,19,14,27,86,14,17
442,117,333,93,187,243,80,75,118,50,44,29,19,14,27,86,14,17
437,114,323,92,183,242,80,75,117,50,44,29,19,14,27,86,14,17
449,116,329,92,183,242,80,76,117,50,44,29,19,14,27,86,14,17
444,119,330,93,183,249,80,76,118,51,44,29,19,14,27,86,14,17
467,118,328,92,183,244,81,77,118,51,44,29,19,14,27,86,14,17
438,120,341,102,194,254,80,76,118,51,44,29,19,14,27,86,14,17
420,120,340,103,194,253,80,76,118,51,44,29,19,14,27,86,14,17
419,117,340,101,196,248,78,74,118,49,44,29,19,14,27,86,14,17
434,118,339,100,193,248,78,73,117,49,44,29,19,14,27,86,14,17
457,121,342,98,189,251,78,73,117,49,44,29,19,14,27,86,14,17
464,119,340,86,188,243,78,73,117,49,44,29,19,14,27,86,14,17
457,121,342,91,188,253,79,74,118,50,44,29,19,15,27,86,14,17
449,116,326,92,182,250,79,75,117,50,44,29,19,14,27,86,14,17
453,122,345,97,194,254,79,75,117,50,44,29,19,14,27,86,14,17
456,124,343,100,193,259,79,75,117,50,44,29,19,14,27,86,14,17
456,126,347,101,197,263,81,76,117,51,44,29,19,14,27,86,14,17
462,133,378,105,213,268,81,77,118,52,44,29,19,14,27,86,14,17
462,132,372,105,211,269,81,77,117,52,44,29,19,14,27,86,14,17
464,133,374,109,214,280,81,77,117,52,44,29,19,14,27,86,15,17
458,134,387,110,218,279,80,76,117,51,44,29,19,14,27,86,14,17
461,139,388,117,221,295,80,75,118,51,44,29,19,14,27,86,14,17
445,131,374,114,216,284,79,74,117,50,44,29,19,14,27,86,14,17
433,134,385,112,221,287,79,74,117,50,44,29,19,14,27,86,14,17
438,136,394,111,224,285,79,74,117,50,44,29,19,14,27,86,14,17
453,138,397,112,228,290,80,76,118,51,44,29,19,14,27,86,15,17
457,143,404,117,229,303,82,78,118,52,44,29,19,14,27,86,15,17
457,143,412,119,236,302,81,78,118,52,44,29,19,14,27,86,15,17
433,143,404,121,231,304,81,77,117,52,44,29,19,14,27,86,15,17
448,142,407,119,233,299,80,76,117,51,44,29,19,14,27,86,15,17
451,141,405,118,233,298,79,75,117,51,44,29,19,14,27,86,15,17
448,139,407,115,229,296,79,75,117,50,44,29,19,14,27,86,14,17
454,142,404,113,228,301,80,75,118,51,44,29,19,14,27,86,14,17
448,138,399,111,226,291,80,76,118,51,44,29,19,14,27,86,15,17
449,138,400,112,226,294,81,77,118,51,44,29,19,14,27,86,15,17
446,140,403,114,229,298,81,78,118,52,44,29,19,14,27,86,15,17
443,143,417,115,238,307,81,77,117,51,44,29,19,14,27,86,15,17
443,137,401,118,231,298,81,77,118,51,44,29,19,14,27,86,14,17
442,141,401,120,230,300,80,76,118,51,44,29,19,14,27,86,15,17
437,135,387,120,226,299,79,75,117,50,44,29,19,14,27,86,15,17
436,137,394,117,228,295,80,75,117,50,44,29,19,14,27,86,15,17
434,139,404,115,231,300,80,75,117,50,44,29,19,14,27,86,15,17
429,140,414,115,235,305,80,76,117,51,44,29,19,14,27,86,14,17
433,128,371,104,209,273,79,75,117,50,44,29,19,14,27,86,14,17
435,126,365,105,206,274,79,75,117,50,44,29,19,14,27,86,14,17
449,127,366,105,210,272,79,75,117,50,44,29,19,14,27,86,14,17
438,128,369,107,210,274,80,76,117,51,44,29,19,14,27,86,14,17
455,129,370,106,210,274,79,75,117,50,44,29,19,14,27,86,14,17
441,131,379,108,214,282,79,75,117,50,44,29,19,14,27,86,14,17
458,128,381,99,205,268,79,75,117,50,44,29,19,14,27,86,14,17
445,127,364,100,203,272,79,74,117,50,44,29,19,14,27,86,14,17
461,125,363,94,203,264,79,74,117,50,44,29,19,14,27,86,14,17
461,127,357,95,200,266,79,74,117,50,44,29,19,14,27,86,14,17
444,127,365,98,206,271,79,74,117,50,44,29,19,14,27,86,14,17
434,120,346,98,196,268,78,74,117,50,44,29,19,14,27,86,14,17
429,120,349,98,198,261,78,73,117,49,44,29,19,14,27,86,14,17
418,118,342,99,194,256,78,73,117,49,44,29,19,14,27,86,14,17
424,117,346,97,196,254,78,74,117,49,44,29,19,14,27,86,14,17
434,117,338,95,189,252,78,74,117,49,44,29,19,14,27,86,14,17
455,120,336,97,189,256,78,74,117,49,44,29,19,14,27,86,14,17
394,111,328,82,178,246,74,68,112,47,46,28,19,14,27,89,13,17
395,111,326,81,177,246,74,69,112,46,46,29,19,14,27,88,13,17
402,116,332,87,181,255,75,70,113,47,45,29,19,14,27,88,13,17
464,135,386,115,220,280,83,81,121,54,43,29,20,14,27,83,15,17
476,134,375,114,216,275,82,80,121,53,43,29,20,14,27,84,15,17
466,138,382,121,222,279,84,83,122,55,43,29,20,14,27,83,15,17
477,135,373,112,216,271,83,82,122,54,43,29,20,14,27,83,14,17
468,130,361,111,208,268,83,81,122,54,43,29,20,14,27,83,14,17
473,134,373,111,213,272,83,81,121,54,43,29,20,14,27,83,15,17
490,134,371,109,212,271,84,82,121,54,43,29,20,14,27,83,15,17
505,138,384,108,215,276,84,82,121,54,43,29,20,14,27,83,15,17
493,137,381,108,217,274,84,82,121,54,43,29,20,14,27,84,15,17
483,137,381,112,217,279,84,82,120,54,43,29,20,14,27,84,14,17
476,134,377,112,215,275,83,81,120,54,43,29,20,14,27,84,14,17
496,134,374,111,212,271,82,81,120,54,43,29,20,14,27,84,14,17
494,136,375,116,215,278,83,81,120,54,43,29,20,14,27,84,14,17
485,132,374,113,211,270,83,80,120,53,43,29,20,14,27,84,14,17
515,131,358,113,208,265,82,80,120,54,43,29,20,14,27,83,15,17
523,137,375,113,215,274,83,80,120,54,43,29,19,14,27,84,14,17
528,138,377,112,213,274,83,80,120,54,43,29,20,14,27,84,14,17
524,140,383,113,218,279,83,81,120,54,43,29,20,14,27,83,14,17
529,137,380,109,215,275,83,81,119,54,43,29,19,14,27,84,14,17
511,135,373,110,212,271,83,81,120,54,43,29,20,14,27,84,14,17
505,138,380,113,218,275,83,80,120,54,43,29,20,14,27,84,14,17
522,137,374,112,212,274,82,80,120,53,43,29,20,14,27,84,15,17
526,138,376,110,214,273,82,80,120,53,43,29,20,14,27,83,14,17
517,135,370,109,210,268,82,80,120,53,43,29,20,14,27,84,15,17
507,140,380,117,217,281,83,80,121,54,43,29,20,14,27,84,14,17
502,140,389,116,221,278,83,81,120,54,43,29,20,14,27,84,15,17
486,138,382,118,222,279,83,82,121,54,43,29,20,14,27,84,14,17
492,135,374,117,216,274,83,81,121,54,43,29,20,14,27,83,15,17
490,130,356,115,207,273,83,80,121,53,43,29,20,14,27,83,14,17
540,137,370,110,211,273,82,80,121,53,43,29,20,14,27,84,14,17
531,134,363,103,203,263,82,79,120,53,43,29,20,14,27,84,14,17
546,138,373,104,209,267,82,79,120,53,43,29,19,14,27,84,14,17
515,133,368,103,208,266,83,81,120,53,43,29,20,14,27,84,14,17
507,132,362,106,207,271,83,81,120,54,43,29,20,14,27,84,14,17
482,130,364,111,209,268,83,82,120,54,43,29,20,14,27,84,15,17
481,132,368,109,212,267,83,81,120,54,43,29,20,14,27,84,14,17
479,133,374,110,214,275,82,80,120,53,44,29,20,14,27,84,15,17
497,133,372,108,210,272,82,79,120,53,44,29,20,14,27,84,14,17
469,129,364,108,208,274,81,77,119,52,44,29,19,14,27,85,14,17
471,123,346,100,197,255,81,77,120,52,44,29,19,14,27,85,14,17
479,127,359,102,200,262,81,77,119,52,44,29,19,14,27,84,14,17
494,129,357,105,204,267,82,79,120,52,44,29,19,14,27,85,14,17
501,127,354,101,198,263,82,79,119,52,44,29,19,14,27,85,14,17
490,127,353,100,199,260,82,79,119,52,44,29,19,14,27,85,14,17
496,128,358,99,201,259,81,78,119,52,44,29,20,14,27,85,14,17
475,123,343,100,195,260,81,78,119,52,44,29,20,14,27,85,14,17
472,124,348,99,197,251,81,78,120,52,44,29,19,14,27,85,14,17
470,123,348,103,197,254,81,78,120,52,44,29,20,14,27,84,14,17
470,123,344,104,197,254,81,78,120,52,44,29,20,14,27,84,14,17
460,124,349,103,198,255,82,78,120,52,44,29,20,14,27,84,14,17
475,122,339,100,193,251,81,78,120,52,44,29,19,14,27,85,14,17
469,127,340,102,202,263,81,78,119,52,44,29,19,14,27,85,14,17
485,123,339,99,193,251,81,78,119,52,44,29,19,14,27,84,14,17
491,124,341,99,193,252,82,79,120,52,44,29,20,14,27,84,14,17
488,124,342,97,192,250,82,79,119,52,44,29,20,14,27,85,14,17
475,122,342,97,192,250,82,79,119,52,44,29,19,14,27,85,14,17
462,120,335,97,188,245,82,79,119,52,44,29,19,14,27,85,14,17
457,119,330,96,187,243,82,79,119,53,44,29,19,14,27,85,14,17
450,117,330,96,186,242,82,79,120,53,44,29,19,14,27,84,14,17
472,120,327,98,189,245,81,79,119,52,44,29,19,14,27,85,14,17
466,123,342,103,194,253,82,79,119,52,44,29,19,14,27,85,14,17
470,126,352,103,197,252,81,79,119,52,44,29,19,14,27,85,14,17
457,120,336,100,190,248,81,78,119,52,44,29,19,14,27,85,14,17
460,119,335,98,191,245,81,77,119,51,44,29,19,14,27,85,14,17
446,118,335,96,189,245,80,76,119,51,44,29,19,14,27,85,14,17
452,112,310,94,174,241,80,75,119,51,44,29,19,14,27,85,14,17
460,118,325,91,181,241,81,77,119,51,44,29,20,14,27,85,14,17
479,121,335,93,188,244,81,77,119,51,44,29,20,14,27,85,14,17
472,118,333,93,188,242,81,78,119,52,44,29,20,14,27,85,14,17
472,123,325,100,193,250,81,78,119,52,44,29,19,14,27,85,14,17
464,125,342,104,194,255,82,78,119,52,44,29,20,14,27,85,14,17
460,125,351,105,202,256,82,79,119,52,44,29,19,14,27,85,14,17
452,123,344,104,198,254,81,78,119,52,44,29,20,14,27,85,14,17
459,128,358,107,206,261,81,78,119,52,44,29,19,14,27,85,14,17
464,127,353,105,201,260,81,78,119,52,44,29,19,14,27,85,14,17
472,125,347,102,197,253,81,78,119,52,44,29,20,14,27,85,14,17
472,120,340,97,192,247,81,78,119,52,44,29,19,14,27,85,14,17
476,123,337,98,192,251,81,78,119,52,44,29,19,14,27,85,14,17
493,125,340,98,192,251,81,78,119,52,44,29,19,14,27,85,14,17
481,126,350,98,196,251,81,78,118,52,44,29,19,14,27,85,14,17
486,125,344,98,193,254,81,77,119,52,44,29,19,14,27,85,14,17
463,124,346,98,197,252,80,77,119,52,44,29,19,14,27,85,14,17
455,122,344,102,195,257,80,76,119,51,44,29,19,14,27,85,14,17
437,120,340,101,195,251,80,76,119,51,44,29,19,14,27,85,14,17
441,120,342,101,194,249,80,75,118,51,44,29,19,14,27,85,14,17
451,120,338,97,192,246,79,75,118,50,44,29,19,14,27,85,14,17
456,123,347,102,198,253,79,75,118,50,44,29,19,14,27,85,14,17
462,124,344,99,195,255,80,76,118,51,44,29,19,14,27,85,14,17
471,120,343,93,193,245,80,76,118,50,44,29,19,14,27,85,14,17
470,125,338,98,189,253,81,77,118,51,44,29,19,14,27,85,14,17
481,127,347,96,197,250,81,78,118,52,44,29,19,14,27,85,14,17
478,128,357,104,200,268,82,79,118,52,44,29,19,14,27,85,14,17
487,135,370,110,209,278,82,80,118,53,44,30,19,14,27,85,14,17
482,137,378,113,216,283,83,81,118,54,44,30,19,14,27,85,15,17
469,135,382,113,218,280,82,81,117,54,44,30,19,14,27,85,15,17
479,133,376,116,218,279,82,80,118,53,44,30,19,14,27,85,15,17
470,130,374,112,216,269,81,79,118,53,44,29,19,14,27,85,14,17
466,132,370,114,214,277,80,77,118,51,44,29,19,14,27,85,14,17
458,131,370,111,213,273,79,75,118,50,44,29,19,14,27,85,14,17
441,123,350,103,197,260,79,74,118,49,44,29,19,14,27,85,14,17
441,117,329,98,185,252,78,74,118,50,44,28,19,14,27,85,14,17
432,115,326,90,179,239,78,74,118,50,44,29,19,14,27,85,14,17
432,125,331,96,183,263,79,74,118,50,44,29,19,14,27,85,14,17
433,125,361,97,203,267,79,75,118,50,44,29,19,14,27,85,14,17
428,128,375,101,211,275,80,76,118,51,44,29,19,14,27,85,15,17
434,133,381,106,216,286,80,77,117,51,44,29,19,14,27,85,14,17
429,133,388,105,218,286,81,77,117,51,44,29,19,14,27,86,14,17
443,131,394,103,223,282,81,78,117,52,44,29,19,14,27,86,14,17
459,125,355,101,199,274,81,77,117,51,44,29,19,14,27,86,14,17
471,123,350,97,196,257,81,77,117,52,44,29,19,14,27,86,14,17
471,127,348,101,195,265,81,77,117,52,44,29,19,14,27,86,14,17
494,130,358,104,202,268,80,77,117,51,44,29,19,14,27,86,14,17
480,128,359,101,202,263,80,77,117,51,44,29,19,14,27,86,14,17
458,122,349,97,196,254,80,76,117,51,44,29,19,14,27,86,14,17
464,122,347,95,194,253,79,75,117,50,44,29,19,14,27,85,14,17
456,129,360,103,201,268,79,75,117,50,44,29,19,14,27,86,14,17
452,128,371,103,208,269,78,74,117,50,44,29,19,14,27,86,14,17
443,128,365,106,209,271,79,75,117,51,44,29,19,14,27,86,14,17
456,129,368,106,208,270,80,77,117,51,44,29,19,14,27,86,14,17
473,128,368,103,208,265,82,79,117,52,44,29,19,14,27,86,14,17
496,133,372,102,207,267,82,81,117,53,44,29,19,14,27,86,14,17
479,127,355,102,198,258,83,81,117,54,44,30,19,14,27,85,14,17
456,127,355,106,198,268,81,79,117,53,44,29,19,14,27,85,14,17
435,121,350,104,201,257,79,74,117,51,44,29,19,14,27,85,14,17
449,122,347,100,194,257,78,73,117,49,44,29,19,14,27,85,14,17
460,122,344,93,190,258,78,74,117,50,44,29,19,14,27,86,14,17
461,129,348,95,192,267,78,74,117,50,44,29,19,14,27,86,14,17
447,127,367,102,206,275,79,75,117,50,44,29,19,14,27,86,14,17
445,125,363,101,203,270,79,75,117,50,44,29,19,14,27,86,14,17
460,129,365,101,205,268,80,77,117,52,44,29,19,14,27,86,14,17
456,122,347,97,194,255,80,77,117,52,44,29,19,14,27,86,14,17
465,132,376,98,212,258,81,78,117,52,44,29,19,14,27,86,14,17
476,130,369,108,206,279,80,77,117,52,44,29,19,14,27,86,14,17
471,129,369,105,208,271,80,76,117,51,44,29,19,14,27,86,14,17
477,135,367,107,207,276,80,76,117,51,44,29,19,14,27,86,14,17
477,134,379,107,213,275,80,76,117,51,44,29,19,14,27,86,14,17
468,131,367,108,208,274,80,76,117,51,44,29,19,14,27,86,14,17
456,130,373,108,211,276,80,76,117,51,44,29,19,14,27,85,14,17
455,131,373,108,211,275,80,76,117,51,44,29,19,14,27,86,14,17
481,131,374,106,209,272,80,76,117,51,44,29,19,14,27,86,14,17
482,135,380,104,213,269,79,76,116,51,44,29,19,14,27,86,14,17
467,133,378,104,213,278,81,77,117,51,44,29,19,14,27,85,14,17
459,132,378,104,211,276,80,77,117,52,44,29,19,14,27,86,14,17
463,134,384,104,218,273,80,76,117,51,44,29,19,14,27,86,14,17
452,133,379,111,216,277,80,76,117,51,44,29,19,14,27,86,14,17
451,132,376,110,214,278,79,75,117,51,44,29,19,14,27,86,14,17
436,130,376,106,213,272,78,74,117,50,44,29,19,14,27,86,14,17
438,126,366,100,205,266,78,74,117,50,44,29,19,14,27,86,14,17
434,124,356,99,199,264,79,75,117,50,44,29,19,14,27,86,14,17
442,126,353,97,197,263,80,76,117,50,44,29,19,14,27,86,14,17
446,123,353,98,197,261,80,77,117,51,44,29,19,14,27,86,14,17
447,129,369,100,209,264,80,77,117,51,44,29,19,14,27,86,14,17
428,128,370,106,209,273,80,76,117,51,44,29,19,14,27,86,14,17
433,131,375,108,213,274,80,76,117,51,44,29,19,14,27,86,14,17
435,129,374,106,210,272,79,75,117,50,44,29,19,14,27,86,14,17
431,126,368,105,208,268,79,76,117,50,44,29,19,14,27,85,14,17
423,124,361,103,204,265,80,76,117,51,44,29,19,14,27,85,14,17
432,128,369,102,207,264,80,76,117,51,44,29,19,14,27,85,14,17
441,125,358,101,202,262,80,77,117,51,44,29,19,14,27,86,14,17
443,128,355,103,200,267,80,76,117,51,44,29,19,14,27,86,14,17
448,129,367,105,206,273,80,77,117,51,44,29,19,14,27,85,14,17
438,129,375,105,213,275,79,75,116,51,44,29,19,14,27,86,14,17
437,127,370,108,209,271,79,75,116,51,44,29,19,14,27,86,14,17
440,129,372,107,211,269,79,75,116,50,44,29,19,14,27,86,14,17
456,129,367,104,207,271,79,75,116,50,44,29,19,14,27,86,14,17
481,127,356,97,195,258,79,75,116,51,44,29,19,14,27,86,14,17
482,126,353,95,195,259,80,76,116,51,44,29,19,14,27,86,14,17
444,124,350,95,193,263,80,76,116,51,44,29,19,14,27,86,14,17
446,120,356,93,197,251,79,76,116,51,44,29,19,14,27,86,14,17
430,119,351,96,196,255,79,75,117,50,44,29,19,14,27,86,14,17
421,120,349,99,197,258,78,74,116,50,44,29,19,14,27,86,14,17
418,124,356,105,203,268,77,73,117,50,44,28,19,14,27,86,14,17
435,123,358,102,203,264,78,74,117,50,44,29,19,14,27,86,14,17
442,123,352,104,200,265,79,76,117,50,44,29,19,14,27,86,14,17
482,126,353,103,198,262,81,78,116,52,44,29,19,14,27,86,14,17
488,130,361,100,202,266,82,80,117,52,44,29,19,14,27,86,14,17
485,130,363,98,199,263,81,79,116,52,44,30,19,14,27,86,14,17
458,126,356,94,197,260,80,77,117,51,44,29,19,14,27,86,14,17
445,119,339,93,189,258,78,74,116,50,44,29,19,14,27,86,14,17
424,110,317,87,175,232,77,73,116,50,44,28,19,14,27,86,14,17
412,128,348,112,218,282,78,73,116,49,44,28,19,14,27,86,14,17
441,130,376,106,210,277,79,75,116,50,44,29,19,14,27,86,14,17
453,130,376,101,209,273,79,75,117,50,44,29,19,14,27,86,15,17
448,134,387,101,215,276,80,76,116,51,44,29,19,14,27,86,15,17
465,132,374,103,212,277,80,77,116,51,44,29,19,14,27,86,15,17
463,130,371,103,209,272,80,77,117,51,44,29,19,14,27,86,14,17
450,139,401,106,226,278,80,77,116,51,44,29,19,14,27,86,14,17
430,144,407,119,232,311,80,77,116,51,44,29,19,14,27,86,15,17
431,140,409,117,234,302,80,77,116,51,44,29,19,14,27,86,15,17
450,127,366,116,205,271,80,78,116,52,44,29,19,14,27,86,14,17
436,134,386,114,218,294,80,78,116,52,44,29,19,14,27,86,14,17
442,143,404,120,230,307,80,78,116,52,44,29,19,14,27,86,14,17
453,142,405,119,233,305,80,77,116,51,44,29,19,14,27,86,15,17
460,138,398,108,225,290,79,76,116,51,44,29,19,14,27,86,14,17
467,139,391,104,220,290,79,74,117,50,44,29,19,14,27,86,14,17
446,134,387,102,214,286,78,74,116,50,44,29,19,14,27,86,14,17
446,133,381,103,212,284,79,75,117,50,44,29,19,14,27,86,14,17
432,136,397,110,224,292,80,76,117,51,44,29,19,14,27,86,15,17
428,142,417,119,241,299,80,77,117,52,44,29,19,14,27,86,15,17
419,142,418,133,245,312,80,77,116,51,44,29,19,14,27,86,15,17
434,144,415,130,244,308,79,76,116,51,44,29,19,14,27,86,15,17
460,143,406,129,232,301,80,77,116,51,44,29,19,14,27,86,15,17
488,141,406,104,228,290,80,76,116,51,44,29,19,14,27,86,15,17
450,139,409,103,225,291,80,76,116,51,44,29,19,14,27,86,15,17
443,141,408,108,229,291,80,76,116,51,44,29,19,14,27,86,14,17
452,133,378,108,215,284,80,76,116,51,44,29,19,14,27,86,14,17
448,135,397,107,225,285,80,76,116,51,44,29,19,14,27,86,14,17
455,133,382,106,214,279,79,76,116,51,44,29,19,14,27,86,14,17
448,137,395,110,222,285,79,76,116,51,44,29,19,14,27,86,15,17
458,138,399,114,228,293,79,75,116,51,44,29,19,14,27,86,14,17
456,139,402,117,228,295,79,76,116,51,44,29,19,14,27,86,15,17
459,135,384,114,220,289,79,76,116,51,44,29,19,14,27,86,14,17
480,134,377,111,213,248,79,76,116,51,44,29,19,14,27,86,14,17
489,124,335,96,187,251,79,75,116,50,44,29,19,14,27,86,14,17
472,120,336,93,187,251,80,76,116,51,44,29,19,14,27,86,14,17
455,115,337,90,187,240,80,77,116,51,44,29,19,14,27,86,14,17
455,119,337,93,188,244,80,77,116,51,44,29,19,14,27,86,14,17
459,119,336,94,188,247,79,76,116,51,44,29,19,14,27,86,14,17
451,118,344,96,193,248,78,75,116,50,44,29,19,14,27,86,14,17
447,128,366,104,207,269,78,74,117,49,44,29,19,14,27,86,14,17
437,126,366,103,204,268,78,73,116,49,44,28,19,14,27,86,14,17
445,122,364,92,202,258,78,74,116,50,44,29,19,14,27,86,14,17
437,123,354,93,197,260,79,76,116,51,44,29,19,14,27,86,14,17
442,119,350,92,195,248,79,76,116,51,44,29,19,14,27,86,14,17
435,125,360,101,203,262,80,76,117,51,44,29,19,14,27,86,14,17
448,125,358,101,201,259,80,76,117,51,44,29,19,14,27,86,14,17
457,127,357,101,200,265,79,76,117,51,44,29,19,14,27,86,14,17
450,125,357,100,201,262,79,76,117,51,44,29,19,14,27,86,14,17
453,127,356,101,200,266,79,76,116,51,44,29,19,14,27,86,14,17
458,126,365,99,204,263,79,76,117,51,44,29,19,14,27,86,14,17
465,127,364,99,203,262,80,76,116,51,44,29,19,14,27,86,14,17
490,131,367,104,207,270,80,76,117,51,44,29,19,15,27,86,14,17
481,130,367,107,207,271,79,76,117,51,44,29,19,14,27,85,14,17
456,127,360,106,206,270,80,76,117,51,44,29,19,14,27,86,14,17
463,125,352,104,200,265,79,75,117,51,44,29,19,14,27,86,14,17
475,131,371,105,209,270,78,74,117,50,44,29,19,14,27,85,14,17
484,128,356,104,202,268,78,74,117,50,44,29,19,14,27,86,14,17
482,127,357,100,197,260,78,74,117,50,44,29,19,14,27,86,14,17
469,121,350,92,194,247,79,75,117,50,44,29,19,14,27,86,14,17
450,124,345,96,190,256,79,75,117,50,44,29,19,14,27,86,14,17
446,112,314,93,173,249,79,76,117,51,44,29,19,14,27,86,14,17
462,119,328,94,182,244,79,76,117,51,44,29,19,14,27,86,14,17
451,126,359,96,201,249,79,75,117,50,44,29,19,14,27,86,14,17
450,122,349,99,197,252,80,76,117,51,44,29,19,14,27,86,14,17
461,122,344,97,193,248,79,75,117,51,44,29,19,14,27,86,14,17
457,124,349,99,200,251,79,76,117,51,44,29,19,14,27,85,14,17
454,115,331,93,186,236,80,77,117,51,44,29,19,14,27,86,14,17
454,119,341,95,190,243,80,77,117,51,44,29,19,14,27,86,14,17
464,119,333,91,185,243,78,75,117,51,44,29,19,14,27,86,14,17
479,120,333,87,183,242,77,72,117,50,44,28,19,14,27,86,14,17
448,120,340,88,185,249,77,72,116,49,44,28,19,14,27,86,14,17
436,116,333,85,181,245,78,73,117,49,44,29,19,14,27,86,14,17
449,117,337,89,185,245,79,75,117,50,44,29,19,14,27,86,14,17
477,120,338,96,186,246,80,78,117,52,44,29,19,14,27,86,14,17
471,126,358,103,201,262,80,78,117,52,44,29,19,14,27,86,14,17
477,131,367,110,211,275,80,76,117,51,44,29,19,14,27,86,14,17
460,126,361,106,204,270,79,75,117,51,44,29,19,14,27,86,14,17
476,128,361,104,201,266,79,76,117,51,44,29,19,14,27,85,14,17
462,125,350,99,198,259,80,76,117,51,44,29,19,14,27,85,14,17
449,120,346,97,191,255,80,76,117,51,44,29,19,14,27,85,14,17
437,122,349,98,194,257,80,77,117,51,44,29,19,14,27,85,14,17
428,119,348,97,190,252,80,77,117,52,44,29,19,14,27,85,14,17
425,120,342,95,195,248,80,76,117,51,44,29,19,14,27,85,14,17
428,119,342,99,195,252,79,75,117,50,44,29,19,14,27,86,14,17
425,116,334,96,186,250,79,75,117,50,44,29,19,14,27,86,14,17
430,112,332,87,185,235,78,74,117,50,44,28,19,14,27,86,14,17
460,123,344,93,191,251,77,73,117,49,44,29,19,14,27,86,14,17
447,123,353,86,192,252,77,72,117,49,44,29,19,14,27,86,14,17
436,117,335,86,180,250,77,72,117,49,44,28,19,14,27,86,14,17
440,124,367,93,202,260,77,72,117,49,44,28,19,14,27,86,14,17
443,118,334,94,185,250,79,75,117,50,44,29,19,14,27,86,14,17
441,122,348,98,195,256,80,76,117,51,44,29,19,14,27,86,14,17
460,122,347,101,195,253,80,77,117,51,44,29,19,14,27,86,14,17
443,118,337,97,189,252,81,78,117,52,44,29,19,14,27,86,14,17
456,122,348,97,193,253,80,77,117,51,44,29,19,14,27,86,14,17
460,123,349,97,195,254,80,76,117,51,44,29,19,14,27,86,14,17
452,125,354,99,199,260,80,76,117,51,44,29,19,14,27,86,14,17
455,125,355,100,198,260,79,76,116,51,44,29,19,14,27,86,14,17
450,126,356,104,204,262,80,76,117,51,44,29,19,14,27,86,14,17
462,128,359,105,206,266,81,78,117,52,44,29,19,14,27,86,14,17
474,127,361,101,204,263,81,79,117,53,44,29,19,14,27,86,14,17
460,123,350,93,195,258,80,76,117,51,44,29,19,14,27,85,14,17
439,119,342,91,190,254,78,73,117,50,44,29,19,14,27,85,14,17
430,122,355,96,197,260,77,72,117,50,44,28,19,14,27,85,14,17
453,127,364,102,203,266,79,75,117,51,44,29,19,14,27,85,14,17
478,127,358,101,201,259,81,78,117,52,44,29,19,14,27,85,14,17
473,127,357,103,202,262,81,79,117,52,44,29,19,14,27,85,14,17
441,125,355,105,202,262,81,78,117,52,44,29,19,14,27,85,14,17
466,127,357,105,203,263,80,77,117,51,44,29,19,14,27,86,14,17
445,120,342,99,194,253,81,78,117,52,44,29,19,14,27,86,14,17
449,125,356,101,201,262,80,77,117,51,44,29,19,14,27,86,14,17
433,118,348,92,195,249,80,76,117,51,44,29,19,14,27,86,14,17
447,121,348,95,193,256,79,75,117,50,44,29,19,14,27,85,14,17
458,119,332,92,185,243,79,75,117,50,44,29,19,14,27,85,14,17
438,122,349,101,199,256,79,76,117,50,44,29,19,14,27,86,14,17
430,121,350,101,197,256,80,76,117,51,44,29,19,14,27,86,14,17
452,126,362,102,202,264,80,77,117,51,44,29,19,14,27,86,14,17
451,132,383,108,215,280,80,76,117,51,44,29,19,14,27,85,14,17
432,124,374,100,210,261,80,77,118,51,44,29,19,14,27,85,14,17
440,124,351,100,199,261,80,77,117,51,44,29,19,14,27,85,14,17
448,127,361,103,207,265,80,77,117,51,44,29,19,14,27,86,14,17
460,127,363,105,204,270,80,77,117,51,44,29,19,14,27,86,14,17
444,119,338,93,189,251,80,76,117,51,44,29,19,14,27,85,14,17
446,121,345,93,191,252,79,75,117,50,44,29,19,14,27,85,14,17
436,122,349,97,194,254,78,73,117,49,44,28,19,14,27,86,14,17
455,131,371,109,211,275,79,75,117,50,44,29,19,14,27,86,14,17
439,131,371,110,211,277,81,78,117,51,44,29,19,14,27,86,15,17
458,132,378,104,213,270,81,78,117,52,44,29,19,14,27,86,14,17
488,133,373,105,210,273,80,77,118,51,44,29,19,14,27,86,14,17
458,127,367,102,207,264,80,76,117,51,44,29,19,14,27,85,14,17
452,129,368,106,211,269,79,76,117,51,44,29,19,14,27,85,14,17
463,124,350,104,197,257,80,76,117,51,44,29,19,14,27,85,14,17
462,127,355,103,202,266,79,76,117,51,44,29,19,14,27,85,14,17
485,125,349,100,197,260,80,77,117,51,44,29,19,14,27,85,14,17
473,126,358,100,201,259,80,77,117,51,44,29,19,14,27,85,14,17
471,125,354,95,198,259,81,77,117,51,44,29,19,14,27,85,14,17
460,123,347,96,194,254,79,75,117,50,44,29,19,14,27,86,14,17
427,125,361,110,210,271,78,73,117,49,44,28,19,14,27,86,14,17
427,123,355,100,200,264,79,74,116,49,44,29,19,14,27,87,14,17
438,121,350,91,193,257,79,74,115,50,45,29,19,14,27,86,14,17
460,127,359,92,198,262,78,73,116,49,44,29,19,14,27,86,14,17
432,124,357,101,200,266,79,75,117,50,44,29,19,14,27,86,14,17
416,121,356,99,200,265,78,74,114,49,45,29,19,14,27,87,14,17
422,121,352,102,200,263,78,74,115,49,45,29,19,14,27,87,14,17
420,122,358,97,199,264,78,74,115,49,45,29,19,14,27,87,14,17
431,120,349,94,192,257,78,74,114,50,45,29,19,14,27,87,14,17
419,118,341,93,190,253,78,73,115,49,45,29,19,14,27,87,14,17
416,117,344,93,191,254,77,73,116,49,44,28,19,14,27,86,14,17
419,119,346,96,196,258,78,73,116,50,44,29,19,14,27,86,14,17
464,119,333,89,183,246,79,75,115,50,45,29,19,14,27,87,14,17
472,123,341,95,189,256,80,77,115,51,45,29,19,14,27,87,14,17
434,122,353,97,195,258,79,75,115,50,45,29,19,14,27,87,14,17
399,120,358,100,203,266,76,71,115,49,45,29,19,14,27,87,14,17
414,115,326,93,180,250,77,72,115,49,45,29,19,14,27,87,13,17
468,122,345,88,189,253,79,74,116,50,44,29,19,14,27,86,14,17
442,116,330,89,183,250,77,72,115,49,45,29,19,14,27,87,14,17
410,120,352,100,199,264,77,72,115,49,45,29,19,14,27,87,14,17
411,125,364,103,206,273,78,73,115,49,45,29,19,14,27,87,14,17
421,122,355,95,199,265,78,73,114,49,45,29,19,15,27,87,14,17
398,119,354,94,197,262,77,72,114,48,45,29,19,14,27,87,14,17
399,121,357,98,200,265,76,71,114,48,45,29,19,14,27,87,14,17
402,124,366,100,205,270,77,73,114,49,45,29,19,14,27,87,14,17
412,118,353,90,196,257,78,73,114,49,45,29,19,14,27,87,14,17
411,119,351,90,193,261,76,71,114,48,45,29,19,14,27,87,14,17
408,120,356,91,198,264,75,70,113,48,45,28,19,14,27,87,14,17
412,121,357,100,200,264,76,71,114,48,45,29,19,14,27,88,14,17
413,120,350,97,193,267,77,71,113,48,45,29,19,14,27,88,14,17
414,121,354,93,197,266,77,71,113,48,45,29,19,14,27,88,14,17
432,121,353,94,194,261,77,72,114,48,45,29,19,14,27,88,14,17
406,122,358,99,202,270,76,71,114,48,45,29,19,14,27,88,14,17
408,117,349,92,195,254,77,71,113,48,45,29,19,14,27,88,14,17
421,120,352,97,198,263,77,71,114,48,45,29,19,14,27,88,14,17
419,124,361,98,201,270,78,73,114,49,45,29,19,14,27,88,14,17
411,116,338,91,188,254,77,72,113,49,45,29,19,14,27,88,14,17
407,118,346,93,194,260,76,71,114,48,45,29,19,14,27,88,14,17
396,119,349,91,194,262,76,70,113,47,45,29,19,14,27,88,14,17
399,114,334,80,181,250,74,69,113,47,45,29,19,14,27,88,14,17
384,115,339,88,189,258,74,68,113,47,45,28,19,14,27,88,14,17
404,122,359,100,202,270,78,73,114,50,45,29,19,14,27,88,14,17
420,119,349,87,193,260,79,75,113,50,45,29,19,14,27,88,14,17
398,120,350,97,195,267,77,72,114,48,45,29,19,14,27,88,14,17
396,121,355,94,199,268,75,69,114,48,45,29,19,14,27,88,14,17
391,116,344,89,190,257,76,70,114,48,45,29,19,14,27,88,14,17
406,117,346,91,192,258,77,71,114,48,45,29,19,14,27,88,14,17
405,118,349,94,194,260,77,73,114,49,45,29,19,14,27,88,14,17
433,125,358,103,205,268,80,76,117,51,45,29,19,14,27,86,14,17
408,115,347,89,187,252,77,71,115,48,45,29,19,14,27,87,14,17
411,113,327,79,177,245,75,69,114,47,45,28,19,14,27,87,14,17
415,122,355,88,197,254,75,70,114,47,45,28,19,14,27,87,13,17
413,119,348,100,197,259,78,74,114,49,45,29,19,14,27,87,14,17
421,124,361,102,204,270,79,75,114,50,45,29,19,14,27,87,14,17
439,119,342,97,189,254,78,73,114,49,45,29,19,14,27,87,14,17
398,121,348,95,192,270,76,70,114,48,45,29,19,14,27,87,14,17
414,122,360,97,202,267,77,72,115,49,45,29,19,14,27,87,14,17
430,124,361,95,199,265,78,73,115,49,45,29,19,14,27,87,14,17
408,120,353,95,196,260,78,73,114,49,45,29,19,14,27,87,14,17
416,118,345,92,193,255,77,72,114,49,45,29,19,14,27,87,14,17
419,124,363,98,205,268,77,73,114,49,45,29,19,14,27,87,14,17
431,124,360,89,198,266,77,72,115,49,45,29,19,14,27,87,14,17
400,113,330,87,182,248,76,70,114,48,45,29,19,14,27,87,14,17
415,114,332,89,184,247,76,71,114,48,45,29,19,14,27,87,14,17
417,113,327,91,182,243,78,73,115,48,45,29,19,14,27,87,13,17
416,113,325,89,189,241,78,73,115,49,45,29,19,14,27,87,14,17
417,120,353,93,194,261,78,72,115,49,45,29,19,14,27,87,14,17
408,124,366,102,206,272,77,72,115,49,45,29,19,14,27,87,14,17
435,127,368,98,206,275,78,73,115,49,45,29,19,14,27,87,14,17
429,123,368,94,196,261,77,72,114,49,45,29,19,14,27,87,14,17
408,115,336,91,187,259,76,71,114,48,45,29,19,14,27,87,14,17
427,123,358,94,202,263,77,73,115,49,45,29,19,14,27,87,14,17
410,118,346,98,196,261,78,73,114,49,45,29,19,14,27,87,14,17
438,123,353,88,194,263,77,71,114,49,45,29,19,14,27,87,14,17
418,121,353,97,197,263,77,72,114,48,45,29,19,14,27,87,14,17
413,126,371,105,209,277,78,73,114,49,45,29,19,14,27,87,14,17
414,124,364,97,204,268,77,72,115,49,45,29,19,14,27,87,14,17
426,124,362,95,201,267,77,71,114,48,45,29,19,14,27,87,14,17
426,126,370,98,206,274,77,72,115,49,45,29,19,14,27,87,14,17
433,126,366,97,203,270,77,72,114,49,45,29,19,14,27,87,14,17
401,120,358,98,199,267,77,73,115,49,45,29,19,15,27,87,14,17
415,121,353,92,195,262,78,73,115,49,45,29,19,14,27,87,14,17
425,122,359,89,194,263,77,72,114,48,45,29,19,14,27,87,14,17
404,115,335,86,185,252,75,70,114,47,45,28,19,14,27,88,14,17
411,119,341,94,189,258,76,71,114,48,45,29,19,14,27,87,14,17
417,119,350,94,194,261,77,72,114,49,45,29,19,14,27,88,14,17
432,122,357,93,195,263,77,72,114,48,45,29,19,14,27,87,14,17
397,117,349,92,194,260,76,71,114,48,45,29,19,14,27,88,14,17
404,115,338,91,189,255,76,70,114,48,45,29,19,14,27,88,14,17
429,122,358,91,197,267,76,71,114,48,45,29,19,14,27,88,14,17
424,125,367,91,200,266,77,72,114,48,45,29,19,14,27,87,14,17
423,126,368,97,204,271,77,72,114,48,45,29,19,14,27,88,14,17
418,127,375,103,211,280,77,72,114,49,45,29,19,14,27,87,14,17
410,121,352,94,198,265,77,72,114,48,45,29,19,14,27,87,14,17
407,123,368,95,203,273,76,71,114,48,45,29,19,14,27,87,14,17
408,126,372,99,205,274,76,70,114,48,45,28,19,14,27,87,14,17
412,123,362,99,203,268,77,72,115,49,45,29,19,14,27,87,14,17
417,122,356,98,200,266,78,73,115,49,45,29,19,14,27,87,14,17
428,121,354,92,194,262,77,72,115,48,45,29,19,14,27,87,14,17
428,120,354,90,183,258,76,71,115,48,45,29,19,14,27,87,13,17
422,127,368,97,210,261,78,74,115,50,45,29,19,14,27,87,14,17
411,130,391,103,221,292,79,75,115,50,45,29,19,14,27,87,14,17
413,119,368,93,208,266,77,71,114,48,45,29,19,14,27,88,14,17
412,120,350,93,195,262,77,71,114,48,45,29,19,14,27,87,14,17
422,122,350,99,200,266,76,71,115,48,45,29,19,14,27,87,14,17
463,119,334,92,187,262,77,72,114,49,45,29,19,14,27,88,14,17
413,111,323,80,175,246,75,70,112,47,46,29,19,14,27,88,13,17
393,113,326,84,179,252,75,70,112,47,45,29,19,14,27,88,13,17
405,124,363,95,201,278,76,70,113,48,45,29,19,14,27,88,14,17
408,118,346,82,189,253,74,68,112,47,45,28,19,14,27,88,14,17
383,129,387,111,224,291,76,71,112,48,45,29,19,14,27,88,14,17
399,129,393,97,221,291,77,71,112,48,45,29,19,14,27,89,14,17
398,122,359,95,200,273,76,71,112,48,46,29,19,14,27,88,14,17
396,131,392,103,219,292,76,71,112,48,46,29,19,14,27,88,14,17
384,125,375,97,210,283,75,69,111,47,46,29,19,14,27,89,14,17
394,129,382,99,214,288,75,69,112,47,46,29,19,14,27,89,14,17
