412,115,345,83,184,252,72,68,110,46,44,27,19,14,27,88,14,17
386,99,299,70,158,221,69,64,107,45,45,27,18,14,27,90,13,17
401,107,321,81,170,239,70,66,108,46,44,27,19,14,27,88,14,17
405,104,308,78,165,227,71,67,110,46,44,27,19,14,27,88,14,17
388,99,297,72,158,219,71,67,110,46,45,27,19,14,27,88,13,17
386,103,306,76,164,229,70,66,110,46,44,27,19,15,27,88,14,17
410,102,303,71,157,225,68,63,109,44,45,27,19,14,27,89,13,16
427,100,293,67,149,215,68,62,109,44,45,27,19,14,27,89,13,16
424,100,294,67,152,215,69,63,109,45,45,27,19,14,27,89,13,16
396,104,291,73,151,231,69,64,108,45,45,27,19,14,27,89,13,16
392,105,313,80,168,233,70,65,108,45,45,27,19,14,27,89,13,16
392,104,312,75,167,229,70,65,108,45,45,27,19,14,27,89,13,16
389,100,301,72,159,224,69,65,108,45,45,27,19,14,27,89,13,17
433,102,305,69,158,219,69,64,108,45,45,27,19,14,27,89,13,16
439,102,295,72,158,213,73,69,113,47,44,27,19,14,27,87,13,17
420,98,298,69,157,212,70,66,110,45,45,27,19,14,27,88,13,17
418,96,283,63,143,209,66,61,105,44,45,27,18,14,27,90,13,16
393,102,310,70,162,234,66,60,105,44,45,27,18,14,27,90,13,16
392,108,316,73,165,245,67,61,105,43,45,26,18,14,27,90,13,16
382,109,327,79,173,252,67,61,106,44,45,26,18,14,27,90,13,16
397,109,333,73,172,239,67,62,106,44,45,27,18,14,27,89,14,17
402,116,343,78,180,262,68,62,107,44,45,27,18,14,27,89,14,16
398,109,330,79,178,256,68,62,107,44,45,27,19,14,27,89,14,16
396,111,337,77,179,247,67,62,107,44,45,27,19,14,27,89,13,16
400,109,353,75,187,246,69,63,107,45,45,27,19,14,27,89,14,16
391,110,335,80,179,260,68,63,107,44,45,27,19,14,27,89,13,16
396,106,318,75,168,236,69,63,107,44,45,27,19,14,27,89,13,16
395,107,325,78,175,240,69,64,108,45,45,27,18,14,27,89,13,16
390,111,335,80,180,245,69,63,107,44,45,27,19,14,27,89,13,16
386,107,320,77,171,237,68,62,107,44,45,27,19,14,27,89,13,16
388,104,312,73,168,229,67,62,107,44,45,27,19,14,27,89,13,16
385,105,321,75,171,238,68,63,108,44,45,27,19,14,27,89,13,16
388,106,321,74,171,240,68,63,107,44,45,27,18,14,27,89,13,16
385,106,324,76,175,243,68,63,107,44,45,27,19,14,27,89,13,16
388,102,309,73,163,227,68,62,107,44,45,27,19,14,27,89,13,16
387,102,302,73,161,230,68,63,107,44,45,27,19,15,27,89,13,17
390,101,304,70,160,224,68,62,107,44,45,27,19,14,27,89,13,16
392,101,304,72,160,225,68,63,107,44,45,27,19,14,27,89,13,16
397,100,298,71,157,223,68,63,107,44,45,27,19,14,27,89,13,16
392,98,297,69,157,220,68,63,107,44,45,27,19,14,27,89,13,16
386,99,301,68,158,219,68,62,107,44,45,27,19,14,27,89,13,16
392,99,297,70,156,224,68,62,107,44,45,27,19,14,27,89,13,16
394,100,301,70,159,224,68,62,107,44,45,27,19,14,27,89,13,16
392,99,299,68,158,220,67,61,107,44,45,26,18,14,27,89,13,16
390,99,299,67,154,219,67,61,107,44,45,26,19,14,27,89,13,16
387,100,306,65,158,221,67,62,107,44,45,27,18,14,27,89,13,16
390,102,311,67,162,229,67,61,106,44,45,27,18,14,27,89,13,17
393,102,308,70,163,233,67,61,107,44,45,27,19,14,27,89,13,16
396,102,305,74,164,233,68,63,107,44,45,27,19,14,27,89,13,16
390,101,305,72,162,229,69,63,107,44,45,27,18,14,27,89,13,16
388,102,307,71,162,230,68,63,106,44,45,27,18,14,27,89,13,16
382,98,306,68,162,222,67,61,106,44,45,27,19,14,27,89,13,16
388,100,308,67,157,226,67,61,106,44,45,27,19,15,27,89,13,16
394,98,296,68,155,228,67,61,106,44,45,26,18,14,27,89,13,16
402,101,302,67,156,222,67,61,106,44,45,27,18,14,27,89,13,16
394,98,298,66,155,221,68,62,106,44,45,27,18,14,27,89,13,16
388,100,296,69,154,226,67,62,106,44,45,27,18,14,27,89,13,16
392,101,303,70,159,228,67,62,106,44,45,27,18,14,27,89,13,16
399,98,300,68,158,221,67,62,106,44,45,27,19,14,27,89,13,16
402,99,298,69,157,224,68,62,106,44,45,27,18,14,27,89,13,16
392,102,303,70,159,228,67,62,106,44,45,27,18,14,27,89,13,16
390,98,305,66,160,222,67,61,106,44,45,26,18,14,27,89,13,16
382,101,299,70,156,229,67,61,106,43,45,26,18,14,27,89,13,16
384,100,305,68,161,227,67,61,106,43,45,26,18,14,27,89,13,16
388,100,302,69,158,228,67,61,106,44,45,26,18,14,27,89,13,16
384,101,309,69,163,227,67,61,106,43,45,26,18,14,27,89,13,16
390,102,310,71,162,230,67,62,106,44,45,27,18,14,27,89,13,16
388,104,317,69,166,230,68,62,106,44,45,27,18,14,27,89,13,16
383,102,312,71,164,231,68,62,106,44,45,27,18,14,27,89,13,16
377,100,304,69,161,225,67,61,106,44,45,27,18,14,27,89,13,16
379,101,306,69,163,227,67,61,106,44,45,27,19,14,27,89,13,16
377,99,303,70,158,230,66,60,106,43,45,27,18,14,27,89,13,16
378,105,312,72,163,238,67,62,106,43,45,27,18,14,27,89,13,16
369,101,313,72,168,232,68,62,106,44,45,27,19,14,27,89,13,16
371,100,305,71,161,227,68,62,106,44,45,27,18,14,27,89,13,16
368,98,302,70,160,227,67,62,106,44,45,27,19,15,27,89,13,16
370,96,292,70,153,225,67,62,106,44,45,26,18,14,27,89,13,16
370,95,289,66,150,217,67,61,106,44,45,27,18,14,27,89,13,16
372,95,290,67,152,217,67,61,106,44,45,27,18,14,27,89,13,16
375,95,289,66,152,215,67,61,106,44,45,26,18,14,27,89,13,16
372,96,290,66,153,216,67,61,106,44,45,27,18,14,27,89,13,16
376,96,292,68,153,222,67,61,106,43,45,27,18,14,27,90,13,16
400,98,293,65,153,217,66,60,106,43,45,27,18,14,27,89,13,16
410,104,295,67,151,229,65,59,106,43,45,26,18,14,27,90,13,16
417,103,303,68,157,229,66,60,106,43,45,26,18,14,27,90,13,16
395,102,309,66,157,227,67,60,105,43,45,27,18,14,27,90,13,16
379,101,309,66,158,232,67,61,105,44,45,27,18,14,27,90,13,16
373,99,305,68,159,230,67,61,106,44,45,27,18,14,27,90,13,16
379,100,306,68,163,229,66,61,106,44,45,27,18,14,27,90,13,16
377,101,306,75,164,232,67,62,105,43,45,27,18,14,27,89,13,16
383,103,309,74,166,236,67,62,105,43,45,27,18,14,27,89,13,16
385,103,311,73,165,235,68,62,105,44,45,27,18,14,27,89,13,16
385,102,310,72,162,230,68,63,106,44,45,27,18,14,27,89,13,16
366,97,305,71,161,224,67,61,105,44,45,27,18,14,27,90,13,16
377,97,291,67,154,221,66,61,105,44,45,27,18,14,27,90,13,16
372,98,296,66,154,224,66,60,105,43,45,26,18,14,27,90,13,16
368,98,299,67,156,225,66,60,105,43,46,26,18,14,27,90,13,16
373,97,297,65,154,221,66,60,105,43,45,26,18,14,27,90,13,16
377,96,293,62,150,217,66,59,105,43,46,26,18,14,27,90,13,16
372,98,290,67,148,222,66,60,105,43,45,26,18,14,27,90,13,16
373,101,298,69,162,230,66,61,105,43,45,26,18,14,27,90,13,16
366,101,311,70,164,232,67,61,105,44,45,27,18,14,27,90,13,16
374,99,301,68,159,224,67,61,105,44,45,27,18,15,27,90,13,16
370,101,309,71,164,230,67,61,105,43,45,27,18,14,27,90,13,16
378,101,307,71,162,229,66,60,105,43,46,27,18,14,27,90,13,16
374,101,308,70,160,231,66,60,104,43,46,27,18,14,27,90,13,16
373,102,312,70,164,232,65,59,104,43,46,26,18,15,27,90,13,16
369,102,309,71,164,233,65,59,104,43,46,26,18,14,27,90,13,16
372,104,316,71,169,241,66,60,104,43,46,26,18,14,27,90,13,16
373,106,316,73,168,243,66,61,104,43,46,27,18,14,27,90,13,16
371,107,327,73,175,243,66,60,105,44,45,27,18,14,27,90,14,16
374,99,298,68,157,227,66,60,105,43,46,26,18,15,27,90,13,16
376,98,301,67,156,225,66,60,105,43,46,26,18,14,27,90,13,16
369,98,304,68,157,227,67,61,105,43,46,26,18,14,27,90,13,16
369,94,288,67,150,224,67,61,105,43,46,27,18,14,27,90,13,16
375,96,293,65,153,221,67,62,105,43,46,27,18,14,27,90,13,16
365,95,292,67,152,221,67,60,105,43,46,27,18,14,27,90,13,16
369,92,277,64,146,213,66,60,105,43,46,26,18,14,27,90,13,16
369,95,287,64,150,212,65,59,105,43,46,26,18,14,27,90,13,16
372,93,283,64,145,216,65,59,105,43,46,26,18,14,27,90,13,16
372,95,289,65,151,217,65,59,105,43,46,26,18,14,27,90,13,16
379,96,290,64,150,219,65,59,105,43,46,26,18,15,27,90,13,16
377,93,286,62,148,214,65,59,105,43,46,26,18,14,27,90,13,16
378,96,293,63,149,217,65,59,105,43,46,26,18,14,27,90,13,16
385,99,296,68,153,225,66,60,105,43,46,26,18,14,27,90,13,16
390,99,296,65,154,224,67,61,105,43,46,27,18,14,27,90,13,16
369,93,283,66,148,225,66,60,105,43,46,26,18,15,27,90,13,16
375,95,282,65,151,218,66,60,104,43,46,27,18,14,27,90,13,16
372,96,292,65,151,218,66,60,105,43,45,27,18,14,27,90,13,16
370,93,284,64,148,215,66,60,105,43,46,26,18,14,27,90,13,16
364,93,286,64,150,215,66,59,105,43,46,26,18,14,27,90,13,16
362,95,292,63,151,219,66,60,104,43,45,26,18,14,27,90,13,16
360,94,297,64,155,222,65,59,104,43,46,26,18,14,27,90,13,16
362,98,308,67,161,228,66,60,105,43,45,26,18,15,27,90,13,16
361,98,303,70,161,230,67,62,106,44,45,27,18,14,27,90,13,16
370,102,316,72,169,239,68,62,106,44,45,27,18,14,27,90,13,16
370,109,335,75,180,246,67,61,106,44,45,27,18,14,27,89,14,17
368,103,329,72,176,240,66,60,105,44,46,27,18,15,27,90,13,16
365,104,319,70,168,240,65,59,104,43,46,27,18,14,27,90,13,16
368,104,322,69,167,239,65,59,104,43,46,26,18,14,27,90,13,16
367,105,322,69,166,239,65,59,103,43,46,26,18,14,27,90,13,16
373,102,310,66,160,233,65,58,103,43,46,26,18,14,27,90,13,16
376,103,312,65,160,233,65,59,103,43,46,26,18,14,27,91,13,16
364,96,295,63,151,221,66,60,104,43,46,26,18,14,27,90,13,16
362,100,305,65,163,222,66,60,103,43,46,26,18,14,27,90,13,16
386,113,342,73,191,232,68,63,107,45,44,27,19,14,27,89,13,16
370,101,313,76,167,236,69,63,107,44,45,27,19,14,27,89,13,16
366,105,323,77,175,244,68,63,106,44,45,27,18,14,27,89,13,16
393,103,316,76,165,235,69,64,110,44,45,27,19,14,27,87,13,17
388,104,317,74,168,236,69,64,107,45,45,27,19,14,27,88,14,16
378,102,313,73,166,234,69,63,107,44,45,27,19,14,27,89,14,16
396,109,332,80,182,244,71,66,109,46,44,27,19,14,27,88,14,17
412,110,328,79,176,243,70,65,109,46,44,27,19,14,27,88,14,17
399,114,345,83,184,256,70,65,109,45,45,27,19,14,27,88,14,16
391,111,344,82,184,255,69,64,108,45,45,27,19,14,27,88,13,16
416,113,346,85,181,247,72,68,113,47,44,27,19,14,27,86,14,17
425,112,333,82,179,246,72,68,111,47,44,27,19,14,27,86,14,17
412,110,330,80,175,241,71,66,111,46,44,27,19,14,27,87,14,17
401,102,314,74,168,225,71,66,110,46,44,27,19,14,27,87,14,17
399,106,319,74,169,231,70,65,110,45,45,27,19,14,27,88,14,17
401,106,324,78,174,240,70,65,110,45,44,27,19,14,27,87,14,17
423,118,347,86,189,251,73,68,112,47,44,27,19,14,27,86,14,17
416,120,354,92,195,262,73,69,112,47,44,28,19,14,27,86,14,17
405,112,340,84,185,250,72,68,111,46,44,27,19,14,27,87,14,17
400,111,333,84,181,248,71,66,111,46,44,27,19,14,27,87,14,17
407,111,336,82,183,246,71,66,111,46,44,27,19,14,27,87,14,17
398,112,340,83,185,251,70,65,111,45,44,27,19,14,27,87,14,17
396,115,351,86,191,256,71,66,110,46,44,27,19,14,27,87,14,17
392,117,358,86,192,261,70,65,110,45,44,27,19,14,27,87,14,17
400,112,339,84,184,258,70,65,109,45,44,27,19,14,27,87,14,16
398,114,344,83,186,251,71,66,110,46,44,27,19,14,27,87,14,17
397,109,328,81,177,244,71,67,110,46,44,27,19,14,27,87,14,17
386,108,326,80,177,241,71,67,110,46,45,27,19,14,27,87,14,17
400,100,296,72,157,219,71,66,109,46,45,27,19,14,27,88,13,16
397,99,296,72,156,219,70,66,109,46,45,27,19,14,27,88,13,16
397,101,301,74,161,223,70,66,109,46,45,27,19,14,27,88,13,17
392,102,305,75,165,225,70,65,109,45,45,27,19,14,27,88,14,17
391,101,300,74,160,224,70,65,109,45,45,27,19,14,27,88,13,17
388,103,300,74,160,228,70,64,109,45,45,27,19,14,27,88,13,16
387,105,317,76,171,233,69,64,109,45,45,27,19,14,27,88,14,16
394,101,298,71,159,222,69,64,109,45,45,27,19,14,27,88,13,17
392,103,303,74,162,227,69,64,109,45,45,27,19,14,27,88,13,17
388,104,311,76,167,231,70,64,109,45,45,27,19,14,27,88,14,16
390,105,316,76,170,232,70,65,109,45,45,27,19,14,27,88,13,16
418,100,293,70,155,217,70,64,109,45,45,27,19,14,27,88,13,16
405,102,299,73,160,222,69,64,109,45,45,27,19,14,27,88,13,17
406,98,289,69,154,215,69,64,108,45,45,27,19,14,27,88,13,16
406,96,282,68,149,213,69,64,108,45,45,27,18,14,27,88,13,16
397,96,281,67,149,211,69,64,108,45,45,27,19,14,27,88,13,16
401,94,280,66,146,209,68,63,107,44,45,27,19,14,27,89,13,16
394,96,289,67,151,214,68,63,108,44,45,27,19,14,27,89,13,16
395,97,289,67,151,216,68,63,107,44,45,27,19,14,27,89,13,16
388,99,297,69,156,222,68,62,107,44,45,27,19,14,27,89,13,16
390,102,298,71,162,230,68,62,107,44,45,27,18,14,27,89,13,16
393,101,303,70,160,227,68,62,107,44,45,27,19,15,27,89,13,16
392,101,303,70,159,226,68,62,107,44,45,27,19,14,27,89,13,16
396,99,301,67,157,222,67,62,106,44,45,27,18,14,27,89,13,16
393,98,294,67,153,220,67,62,107,44,45,27,18,14,27,89,13,16
400,99,295,67,153,220,68,62,107,44,45,27,18,14,27,89,13,16
400,101,305,68,157,225,68,63,107,44,45,27,18,14,27,89,13,17
390,100,305,68,158,227,68,63,107,45,45,27,18,14,27,89,13,17
386,103,318,69,163,235,68,63,107,45,45,27,18,14,27,89,13,16
387,102,314,70,162,232,68,63,107,45,45,27,18,14,27,89,13,17
378,99,306,71,161,227,68,63,107,45,45,27,18,14,27,89,14,16
374,98,300,73,163,229,68,63,107,45,45,27,18,14,27,89,14,16
382,101,309,75,167,231,68,62,107,45,45,27,18,14,27,89,14,17
392,105,317,77,171,240,68,62,107,45,45,27,19,14,27,89,14,16
390,108,329,77,177,248,68,62,107,44,45,27,19,14,27,89,13,16
390,104,318,74,168,241,67,61,106,44,45,27,18,14,27,89,13,16
387,102,310,71,162,236,67,61,106,44,45,27,18,14,27,89,13,16
384,97,308,66,160,220,67,61,106,44,45,27,18,14,27,89,13,16
386,97,294,67,152,220,67,61,106,44,45,27,18,14,27,89,13,16
385,100,297,69,158,227,67,62,106,44,45,27,19,14,27,89,14,17
384,100,304,69,158,227,67,62,107,44,45,27,19,14,27,89,13,16
388,104,319,72,168,237,67,62,107,44,45,27,19,14,27,89,14,16
384,108,331,75,175,247,68,62,107,44,45,27,18,14,27,89,13,16
384,106,332,73,171,242,68,62,106,44,45,27,18,14,27,89,13,16
381,103,316,71,166,236,68,62,106,44,45,27,18,14,27,89,13,16
379,100,314,69,161,231,68,62,106,44,45,27,19,14,27,89,13,16
382,101,309,69,161,231,67,62,106,44,45,27,18,14,27,89,13,16
380,100,305,69,158,230,68,62,106,44,45,27,18,14,27,89,13,16
379,99,303,70,158,228,68,62,106,44,45,27,18,14,27,89,13,16
380,98,303,70,160,229,68,62,107,44,45,27,19,14,27,89,13,16
379,99,303,70,159,228,68,62,107,44,45,27,19,14,27,89,13,16
381,99,302,70,160,227,68,62,107,44,45,27,19,14,27,89,13,17
385,100,303,70,159,227,68,62,107,44,45,27,18,14,27,89,13,16
385,101,308,70,162,227,68,62,107,44,45,27,19,14,27,89,13,17
390,101,308,71,162,228,68,62,107,44,45,27,18,14,27,89,13,16
392,105,316,71,168,230,68,63,107,44,45,27,19,14,27,89,13,17
393,101,313,71,165,230,67,62,107,44,45,27,18,14,27,89,13,17
393,102,306,72,165,234,68,62,107,44,45,27,19,14,27,89,13,16
389,98,296,69,156,227,68,62,107,44,45,27,18,14,27,89,13,16
380,98,299,68,156,224,67,61,107,44,45,27,18,14,27,89,13,16
381,102,303,71,158,234,68,62,107,44,45,27,19,14,27,89,13,16
382,98,298,69,156,229,67,61,107,44,45,27,19,14,27,89,13,16
385,100,304,68,159,227,68,62,107,44,45,27,18,14,27,89,13,16
389,100,303,69,159,226,68,62,107,44,45,27,18,14,27,89,13,16
390,101,304,70,158,230,67,62,107,44,45,27,19,14,27,89,13,16
385,99,300,69,158,227,67,61,107,44,45,27,19,15,27,89,13,16
393,101,303,69,158,228,68,62,107,44,45,27,19,14,27,89,13,16
391,100,303,67,158,226,67,62,106,44,45,27,18,14,27,89,13,16
386,99,302,68,158,226,68,62,106,44,45,27,19,15,27,89,13,17
387,100,301,70,158,228,68,63,106,44,45,27,19,14,27,89,13,16
388,100,304,70,160,228,68,63,106,44,45,27,18,14,27,89,13,16
380,99,304,70,161,228,68,63,106,44,45,27,18,14,27,89,13,16
384,99,303,70,159,226,68,62,106,44,45,27,18,14,27,89,13,16
382,98,299,70,158,227,67,62,106,44,45,27,18,14,27,89,13,16
387,100,301,69,159,226,67,62,106,44,45,27,18,14,27,89,13,16
386,99,300,68,157,225,67,61,106,44,45,27,18,14,27,90,13,16
385,100,303,68,158,225,67,61,105,44,45,27,18,14,27,89,13,16
385,99,301,68,157,227,66,61,106,44,45,27,18,14,27,89,13,16
384,99,298,68,156,225,66,61,106,44,45,27,18,14,27,90,13,16
386,98,296,67,154,224,67,61,106,44,46,27,18,14,27,89,13,16
384,99,298,68,157,225,67,61,105,44,45,27,18,14,27,90,13,16
384,99,300,68,156,226,67,61,106,44,46,27,18,14,27,90,13,16
384,99,300,68,156,227,67,61,106,44,45,27,18,14,27,89,13,16
381,99,301,67,157,225,66,61,105,44,46,27,18,15,27,90,13,16
387,100,302,68,158,225,67,61,106,44,45,27,18,15,27,90,13,17
397,100,300,69,158,226,68,62,106,44,45,27,18,14,27,89,13,16
392,100,300,69,157,225,68,62,106,44,45,27,18,14,27,89,13,16
383,102,300,71,164,233,67,62,106,44,45,27,18,14,27,90,13,16
383,98,297,69,156,228,67,61,105,44,45,27,18,14,27,90,13,16
382,98,303,68,159,225,67,61,106,44,46,27,18,14,27,90,13,16
381,97,295,68,154,223,67,61,105,44,46,27,18,14,27,90,13,16
375,96,288,65,149,219,66,60,105,43,46,26,18,14,27,90,13,16
375,96,290,66,149,221,67,61,105,43,45,27,18,14,27,90,13,16
390,98,293,66,152,221,67,61,105,44,46,27,18,14,27,90,13,16
394,101,303,71,159,227,67,62,107,44,45,27,18,14,27,89,13,16
376,99,301,69,158,226,67,61,106,44,45,27,18,14,27,89,13,16
383,99,297,71,158,225,67,62,106,44,45,27,18,14,27,89,13,16
390,101,305,70,163,227,68,63,107,45,45,27,19,14,27,89,13,16
389,101,306,72,163,228,69,63,107,45,45,27,19,14,27,89,13,16
389,101,306,71,161,230,69,63,107,45,45,27,18,14,27,89,13,16
382,101,306,71,162,230,68,62,107,44,45,27,18,14,27,89,13,16
387,99,304,69,160,226,68,62,106,44,45,27,18,14,27,89,13,16
386,98,296,67,154,222,67,62,106,44,45,27,18,14,27,89,13,16
393,98,294,66,152,220,67,61,106,44,45,27,18,14,27,90,13,16
381,97,293,65,149,220,67,61,106,44,45,27,18,14,27,89,13,16
380,94,288,62,147,212,67,62,106,44,45,27,18,14,27,89,13,16
376,94,286,64,146,216,68,62,106,44,46,27,18,14,27,89,13,16
370,94,286,66,153,219,68,63,105,44,45,27,18,14,27,89,13,16
371,97,295,72,158,227,67,62,105,44,46,27,18,14,27,90,13,16
369,97,298,71,159,227,67,62,105,44,46,27,18,14,27,90,13,16
369,97,299,69,158,226,67,62,105,44,45,27,18,14,27,90,13,16
370,96,296,68,155,222,68,62,106,44,46,27,18,14,27,90,13,16
376,97,295,68,154,222,67,62,106,44,45,27,18,14,27,90,13,16
377,98,299,67,156,224,68,62,105,44,45,27,18,14,27,89,13,16
375,99,300,69,156,227,68,62,105,44,46,27,18,14,27,90,13,16
376,98,299,68,156,227,67,62,106,44,45,27,18,14,27,90,13,16
374,98,299,68,158,226,67,62,105,44,45,27,18,14,27,90,13,16
382,98,298,69,156,224,67,61,106,44,45,27,18,14,27,90,13,16
375,98,302,68,157,226,67,61,105,44,45,27,18,14,27,90,13,16
375,97,295,66,153,222,66,60,105,44,46,27,18,14,27,90,13,16
382,99,302,67,158,226,67,61,105,44,46,27,18,14,27,90,13,16
388,99,300,68,156,227,68,62,106,44,45,27,18,15,27,89,13,16
373,96,293,65,152,222,67,61,105,43,46,27,18,14,27,90,13,16
368,95,291,64,151,221,66,60,104,44,46,27,18,15,27,90,13,16
366,94,288,63,150,220,66,60,104,44,46,27,18,14,27,90,13,16
371,95,289,65,151,220,66,61,105,44,46,27,18,14,27,90,13,16
371,95,292,66,153,222,66,61,105,43,46,27,18,14,27,90,13,17
372,98,296,68,155,227,67,61,104,43,46,27,18,14,27,90,13,16
373,99,303,68,158,227,67,61,105,44,46,27,18,14,27,90,13,16
379,102,313,71,165,234,69,63,106,44,45,27,18,14,27,89,13,17
374,96,301,67,158,223,67,62,105,44,46,27,18,14,27,90,13,17
378,94,286,67,149,222,67,62,105,44,45,27,18,14,27,90,13,16
372,92,285,64,146,213,67,61,105,43,46,27,18,14,27,90,13,16
375,91,277,61,144,207,66,60,104,43,46,27,18,14,27,90,13,16
380,91,274,60,140,206,65,59,104,43,46,27,18,14,27,90,13,16
378,92,275,61,141,208,65,59,104,43,46,26,18,14,27,90,13,16
377,93,280,62,144,212,65,59,104,43,46,26,18,14,27,90,13,16
378,93,278,62,143,211,66,60,104,43,45,27,18,14,27,90,13,16
378,92,276,61,142,210,65,59,104,43,46,27,18,15,27,90,13,16
406,97,279,67,146,213,68,62,107,44,45,27,19,14,27,89,13,16
403,101,299,73,159,221,69,64,110,45,45,27,19,14,27,88,13,16
402,99,292,70,155,218,69,63,108,45,45,27,19,14,27,88,13,16
397,98,289,67,152,216,67,61,105,44,45,27,18,14,27,89,13,16
376,100,302,66,158,225,68,62,106,44,45,27,18,15,27,89,13,16
372,100,304,68,159,226,68,62,106,44,45,27,18,14,27,89,13,16
378,101,307,68,164,225,70,64,107,45,45,27,18,14,27,89,13,16
373,100,306,71,163,229,69,63,106,45,45,27,18,14,27,89,13,16
371,101,309,73,166,230,69,63,106,45,45,27,18,14,27,89,13,16
366,100,306,72,163,232,68,63,107,44,45,27,18,14,27,89,13,16
356,100,306,72,165,235,67,61,105,43,46,27,18,14,27,90,13,16
352,98,305,69,161,234,66,60,104,43,46,26,18,14,27,90,13,16
355,97,305,68,161,231,66,60,104,43,46,26,18,14,27,90,13,16
365,103,310,73,167,237,67,62,107,44,45,27,18,14,27,89,13,16
363,99,311,72,165,236,68,62,106,44,45,27,18,14,27,90,13,16
359,96,299,69,158,226,67,61,106,44,45,27,18,14,27,90,13,16
360,96,295,67,155,223,67,60,105,43,46,26,18,15,27,90,13,16
361,93,288,65,150,218,67,61,105,43,46,27,18,14,27,90,13,16
360,92,282,62,145,213,67,61,105,43,46,26,18,14,27,90,13,16
363,92,281,64,147,213,67,61,106,44,46,26,18,14,27,90,13,16
359,95,290,66,151,224,67,61,105,43,46,27,18,14,27,90,13,16
356,95,292,66,154,223,66,59,105,43,46,26,18,15,27,90,13,16
356,91,289,64,148,216,65,59,105,43,46,26,18,14,27,90,13,16
355,95,294,66,154,220,65,59,105,43,46,26,18,15,27,90,13,16
376,100,292,70,154,232,68,62,106,44,46,27,18,14,27,89,13,16
377,104,317,72,167,237,67,62,105,44,46,27,18,14,27,90,13,17
368,96,300,67,157,223,66,60,104,43,46,27,18,14,27,90,13,16
378,97,294,70,156,221,68,62,106,44,45,27,18,14,27,89,13,16
353,90,275,62,143,213,65,59,103,43,46,27,18,14,27,91,13,16
359,92,283,63,147,216,66,60,104,43,46,27,18,14,27,91,13,16
352,94,288,66,152,221,65,59,103,43,46,27,18,14,27,91,13,16
362,95,290,67,152,223,66,60,104,43,46,27,18,15,27,91,13,16
362,94,289,64,150,221,66,60,104,43,46,27,18,14,27,91,13,16
360,93,284,63,148,219,65,59,104,43,46,26,18,14,27,91,13,16
360,95,287,63,150,220,65,59,103,43,46,27,18,14,27,91,13,16
345,88,272,56,138,212,63,57,101,42,47,26,18,14,27,92,13,16
337,87,268,55,136,211,63,56,100,42,47,27,18,14,27,92,13,16
338,86,267,56,138,211,64,58,101,42,47,27,18,14,27,92,13,16
339,88,269,61,140,214,65,57,101,42,47,27,18,14,27,92,13,16
345,90,279,63,146,217,65,59,102,42,47,27,18,14,27,92,13,16
340,91,281,63,147,220,64,58,101,42,47,27,18,14,27,92,13,16
344,91,280,63,146,219,64,58,101,42,47,26,18,14,27,92,13,16
345,91,282,63,148,220,64,58,101,42,47,26,18,15,27,92,13,16
338,89,277,61,145,217,63,57,101,42,47,26,18,14,27,92,13,16
339,89,274,59,143,215,63,57,101,42,47,26,18,14,27,92,13,16
335,86,264,56,137,210,63,57,101,42,47,27,18,14,27,93,13,16
343,87,264,57,136,211,63,57,101,42,47,27,18,14,27,92,13,16
344,91,281,58,145,213,64,58,102,42,47,27,18,14,27,92,13,16
346,91,281,62,146,220,64,58,102,42,47,27,18,14,27,92,13,16
347,91,281,62,146,220,65,58,102,42,47,27,18,14,27,91,13,16
351,91,281,63,147,220,64,58,102,42,46,27,18,14,27,92,13,16
358,93,288,65,151,222,65,59,104,43,46,27,18,14,27,91,13,16
353,92,284,62,148,218,65,59,103,43,46,27,18,14,27,91,13,16
352,91,279,61,145,216,64,58,103,43,46,27,18,14,27,91,13,16
350,89,275,60,143,212,64,58,103,42,46,27,18,15,27,91,13,16
352,89,273,60,142,212,65,58,104,43,46,26,18,14,27,91,13,16
349,89,275,60,142,213,65,58,103,43,46,27,18,14,27,91,13,16
352,90,277,61,144,214,65,59,104,43,46,27,18,14,27,91,13,16
353,90,274,61,143,212,66,59,105,43,46,27,18,14,27,91,13,16
356,91,276,61,143,214,66,59,104,43,46,27,18,14,27,91,13,16
354,90,276,61,144,215,65,59,104,43,46,27,18,14,27,91,13,16
350,90,277,62,144,215,65,58,103,43,46,27,18,14,27,91,13,16
351,90,277,61,144,214,65,59,103,43,46,27,18,14,27,91,13,16
353,90,275,61,143,212,65,58,104,43,46,27,18,14,27,91,13,16
353,90,276,61,143,213,65,58,103,43,46,27,18,14,27,91,13,16
355,90,276,61,143,212,65,59,103,43,46,26,18,14,27,91,13,16
350,90,274,61,142,213,65,59,103,42,46,27,18,14,27,91,13,16
349,88,273,61,141,211,65,59,103,43,46,27,18,14,27,91,13,16
348,88,270,60,140,209,65,59,103,43,46,27,18,14,27,91,13,16
350,91,275,62,142,217,64,58,103,43,46,27,18,14,27,91,13,16
345,89,274,61,143,214,64,58,103,42,46,26,18,14,27,92,13,16
345,87,269,59,140,209,64,58,102,42,47,26,18,14,27,92,13,16
344,86,266,59,138,208,64,58,102,42,47,27,18,14,27,92,13,16
347,87,267,60,138,209,65,58,103,42,47,27,18,14,27,92,13,16
346,88,272,60,142,210,65,58,102,42,46,27,18,14,27,92,13,16
344,88,271,60,141,212,64,58,102,42,46,26,18,14,27,92,13,16
345,88,270,60,140,211,64,58,102,42,47,26,18,14,27,92,13,16
346,87,267,59,140,210,65,58,103,42,47,27,18,14,27,92,13,16
346,87,268,59,139,210,65,58,103,42,46,27,18,15,27,91,13,16
346,87,266,59,137,207,64,58,103,42,46,27,18,15,27,91,13,16
348,88,268,58,138,209,64,57,102,42,47,26,18,14,27,92,13,16
345,87,268,59,139,210,64,57,103,42,47,26,18,14,27,91,13,16
344,87,268,59,139,209,64,57,103,42,47,26,18,15,27,92,13,16
342,86,264,58,137,208,63,57,102,42,46,27,18,14,27,92,13,16
346,88,268,60,140,211,64,57,103,43,47,27,18,14,27,92,13,16
347,88,267,58,138,209,64,57,102,42,46,26,18,14,27,92,13,16
347,88,268,59,139,210,64,57,103,42,46,26,18,14,27,92,13,16
389,95,289,68,155,214,69,64,109,45,45,27,19,14,27,88,13,16
380,93,281,66,147,214,68,62,107,44,46,27,18,14,27,89,13,16
372,92,279,65,147,212,68,62,107,44,46,27,18,14,27,90,13,16
378,95,283,65,149,217,67,61,106,44,46,27,18,14,27,90,13,16
362,92,281,63,147,216,67,61,104,43,46,27,18,14,27,91,13,16
364,92,280,64,148,216,67,61,104,43,46,27,18,14,27,91,13,16
362,92,280,64,147,215,66,60,104,43,46,27,18,14,27,91,13,16
363,91,280,63,146,215,65,59,104,43,46,27,18,14,27,91,13,16
361,92,280,63,147,215,65,59,104,43,46,27,18,14,27,91,13,16
363,93,281,62,146,215,65,59,104,43,46,27,18,14,27,91,13,16
365,93,283,63,147,218,65,59,104,43,46,27,18,14,27,91,13,16
361,93,283,63,147,217,64,58,104,43,46,26,18,14,27,91,13,16
359,94,286,65,151,220,65,58,104,43,46,26,18,14,27,91,13,16
365,93,280,66,148,220,66,59,104,43,46,26,18,14,27,91,13,16
364,93,282,63,146,217,65,59,104,43,46,27,18,14,27,91,13,16
366,93,283,64,147,217,67,61,105,43,46,27,18,14,27,90,13,16
389,97,292,64,155,217,70,65,106,45,45,27,18,14,27,90,13,17
383,95,288,67,152,218,68,62,106,44,46,27,18,14,27,90,13,16
375,95,287,67,151,218,67,61,105,44,46,27,18,14,27,90,13,16
369,93,285,66,150,216,66,60,105,44,46,27,18,14,27,90,13,16
381,95,286,66,151,215,66,60,105,44,45,27,18,14,27,90,13,16
393,99,290,70,153,221,67,61,107,44,46,27,18,14,27,89,13,16
371,97,295,68,156,223,67,62,106,44,46,27,18,14,27,90,13,16
369,96,293,67,154,222,67,61,106,44,46,27,18,15,27,90,13,16
359,94,291,66,153,219,66,60,105,43,46,27,18,15,27,90,13,16
355,93,287,65,149,218,66,60,104,43,46,27,18,14,27,90,13,16
354,92,286,65,150,219,65,59,104,43,46,27,18,14,27,91,13,16
357,97,289,69,151,227,67,61,106,44,46,27,18,14,27,90,13,16
373,98,298,68,158,226,66,61,105,44,46,27,18,14,27,90,13,16
367,98,302,70,159,229,66,60,106,43,46,27,18,15,27,90,13,16
376,96,289,66,150,220,66,60,106,43,46,27,18,14,27,90,13,16
369,91,275,64,140,217,64,58,104,43,46,26,18,14,27,91,13,16
367,89,270,58,137,205,64,58,104,43,46,26,18,14,27,90,13,16
357,90,270,58,137,210,64,58,103,43,46,26,18,14,27,91,13,16
354,91,280,58,143,212,65,59,104,43,46,27,18,14,27,91,13,16
351,91,284,60,145,217,65,59,103,43,46,27,18,14,27,91,13,16
356,93,287,61,151,221,67,61,105,44,46,27,18,15,27,90,13,16
380,97,288,72,152,222,69,64,109,45,45,27,19,14,27,88,13,16
390,98,289,75,157,219,71,66,110,45,45,28,19,14,27,88,14,17
383,99,298,73,162,225,70,64,108,45,45,27,19,14,27,89,13,16
387,100,302,75,162,227,69,63,108,44,45,27,19,14,27,89,13,16
383,99,300,70,158,224,68,62,108,44,45,27,18,14,27,89,13,16
386,98,296,68,156,220,68,62,108,44,45,27,19,14,27,89,13,16
380,95,287,66,148,217,67,61,107,44,45,27,19,14,27,89,13,16
375,92,279,64,144,211,67,61,107,44,45,27,18,14,27,90,13,16
384,94,279,66,147,214,69,63,108,44,45,27,18,14,27,89,13,16
374,96,297,68,154,220,69,63,107,45,45,27,19,14,27,89,13,16
370,95,287,68,153,222,67,61,106,44,45,27,18,14,27,89,13,16
369,94,289,67,152,219,67,61,106,44,46,27,18,14,27,89,13,16
370,93,284,64,149,215,67,61,106,44,45,27,18,14,27,89,13,16
371,93,282,63,146,213,67,61,106,44,45,27,18,14,27,89,13,16
372,93,284,64,147,215,69,62,106,44,45,27,18,14,27,89,13,16
374,92,279,64,145,211,72,67,106,47,45,28,18,14,27,89,13,16
371,92,277,63,145,210,67,63,106,45,46,27,18,14,27,89,13,16
378,93,280,64,146,212,67,60,106,43,45,27,18,14,27,90,13,16
371,94,285,67,156,215,67,60,105,43,46,27,18,14,27,90,13,16
395,102,301,69,155,224,69,63,108,44,45,27,18,14,27,89,13,17
381,97,303,68,154,220,69,63,107,44,45,27,19,15,27,89,13,16
366,98,299,70,158,227,68,63,107,44,45,27,18,14,27,89,13,16
369,96,301,69,160,223,68,62,106,44,45,27,18,14,27,89,13,16
375,95,292,67,155,220,68,62,106,44,45,27,18,15,27,90,13,16
368,97,299,69,157,225,67,61,106,44,46,27,18,14,27,90,13,16
374,95,290,67,153,219,67,61,106,43,46,27,18,14,27,90,13,16
362,94,289,66,151,220,67,61,105,43,46,27,18,14,27,90,13,16
384,98,298,71,157,222,69,64,110,45,45,27,19,14,27,88,13,16
373,96,295,69,155,220,68,62,107,44,45,27,18,14,27,89,13,16
395,99,297,77,161,223,71,66,113,46,44,27,19,14,27,87,14,17
385,98,296,72,160,221,70,65,110,45,45,27,19,14,27,88,14,16
379,97,291,71,156,221,69,63,110,44,45,27,19,14,27,88,13,16
382,98,298,72,160,222,70,65,110,45,45,27,19,14,27,88,14,16
374,98,300,71,158,224,68,63,109,44,45,27,19,14,27,89,13,16
374,97,298,69,157,223,69,63,108,44,45,27,19,14,27,89,13,16
372,97,299,70,157,223,69,63,107,44,45,27,18,14,27,89,13,16
363,97,300,69,158,225,69,63,107,44,45,27,18,14,27,89,13,16
369,96,294,68,154,221,69,63,107,44,45,27,18,14,27,89,13,16
368,95,292,67,153,219,69,63,106,44,45,27,18,14,27,89,13,16
366,94,294,67,154,219,68,63,106,44,45,27,18,14,27,89,13,16
359,95,294,69,155,222,68,62,106,44,46,27,18,14,27,89,13,16
360,95,295,69,155,222,68,62,106,44,45,27,18,14,27,89,13,16
359,96,299,69,158,225,67,62,106,44,45,27,18,14,27,90,13,16
357,96,298,68,158,225,67,61,106,44,45,27,18,14,27,90,13,16
358,98,302,69,161,227,67,61,105,44,45,27,18,14,27,90,13,16
357,98,304,71,162,231,67,61,106,44,46,27,18,14,27,90,13,16
356,99,310,71,164,235,67,61,106,44,45,27,18,14,27,89,14,16
358,98,304,70,161,232,67,61,105,44,46,26,18,14,27,90,13,16
359,98,304,70,161,231,68,62,106,44,45,27,18,14,27,90,13,16
361,100,310,71,164,234,68,63,106,44,45,27,18,14,27,89,13,16
363,101,316,72,167,236,69,63,107,44,45,27,19,14,27,89,14,16
364,102,316,72,168,239,69,63,107,44,45,27,18,14,27,89,14,16
360,100,316,71,166,236,68,63,106,44,45,27,18,14,27,89,14,16
357,100,316,73,166,238,68,62,106,44,46,27,18,14,27,90,14,16
357,101,317,71,167,239,67,62,106,44,46,27,18,14,27,90,13,16
361,102,322,72,168,245,67,61,105,44,46,27,18,14,27,90,13,17
359,99,315,70,163,234,66,61,105,43,46,27,18,14,27,90,13,16
365,100,312,72,166,234,68,62,107,44,45,27,18,14,27,89,13,16
390,99,300,73,163,224,71,66,110,46,44,27,19,14,27,88,13,16
379,98,301,71,160,227,69,64,108,45,45,27,19,14,27,88,13,16
379,102,312,72,166,238,67,61,105,44,46,27,18,14,27,90,14,16
398,100,299,69,157,225,67,61,106,44,46,27,18,14,27,90,13,16
375,96,292,68,153,221,67,61,106,43,46,27,18,14,27,90,13,16
369,98,298,71,160,228,68,61,106,43,46,27,18,14,27,90,13,16
364,98,303,70,160,229,68,62,106,44,46,27,18,14,27,90,13,16
367,99,307,71,164,233,67,61,106,44,46,27,18,15,27,90,13,16
389,110,327,86,180,253,71,66,110,46,45,27,19,14,27,88,14,17
380,107,329,82,182,242,69,64,110,45,45,27,19,14,27,88,14,17
396,111,330,82,180,242,70,65,111,45,44,27,19,14,27,87,14,17
394,107,325,77,177,236,70,64,111,45,45,27,19,14,27,87,14,16
403,110,329,79,176,241,70,64,111,45,44,27,19,14,27,87,13,17
403,109,329,75,173,238,71,65,111,46,44,27,19,14,27,87,14,16
401,111,336,77,178,244,71,66,111,46,44,27,19,14,27,87,14,16
394,107,324,78,174,239,71,65,111,46,44,27,19,14,27,87,14,16
388,107,326,79,179,232,72,67,111,46,44,27,19,14,27,87,14,17
388,106,321,84,176,239,72,67,111,46,44,28,19,14,27,87,13,17
403,113,338,89,189,256,72,67,111,46,45,27,19,14,27,88,13,17
394,111,337,87,185,251,72,67,111,46,45,28,19,14,27,87,13,17
394,105,314,86,174,243,72,67,111,46,45,27,19,14,27,87,14,17
407,102,301,78,166,228,72,67,111,46,45,27,19,14,27,87,14,17
398,102,306,77,166,231,71,66,111,46,44,27,19,14,27,87,14,17
392,101,304,75,165,228,71,65,111,46,44,27,19,14,27,87,14,17
394,108,309,78,176,243,71,65,111,45,45,27,19,14,27,87,14,17
392,104,321,78,175,234,71,66,111,46,44,27,19,14,27,88,14,16
399,107,318,80,174,238,71,66,111,46,44,27,19,14,27,87,14,16
393,105,317,78,171,235,72,66,111,46,45,27,19,14,27,87,14,17
390,106,319,78,173,236,71,66,110,46,44,27,19,14,27,88,13,17
395,104,310,76,166,229,71,65,110,45,45,27,19,14,27,88,13,17
386,105,316,78,172,235,70,64,109,45,45,27,19,14,27,88,14,17
385,103,312,74,167,233,70,64,109,45,45,27,19,14,27,88,13,17
382,103,314,73,165,231,69,64,108,45,45,27,19,14,27,88,13,16
383,104,317,73,170,232,70,64,109,45,45,27,19,15,27,88,13,16
389,102,307,75,165,231,70,64,109,45,45,27,19,14,27,88,13,16
388,102,306,75,164,231,69,64,109,45,45,27,19,14,27,88,13,16
380,100,306,75,165,231,69,63,109,45,45,27,19,14,27,88,13,17
385,101,305,74,164,228,69,63,109,44,45,27,19,14,27,88,13,17
377,100,301,74,162,227,69,64,109,44,45,27,19,14,27,88,13,16
388,104,317,75,168,236,69,64,109,45,45,27,19,14,27,88,13,16
391,107,325,77,173,239,70,65,109,45,45,27,19,14,27,88,13,16
384,106,320,77,171,236,70,64,109,45,45,27,19,14,27,88,13,16
377,102,309,75,167,232,70,64,108,45,45,27,19,14,27,89,13,16
385,101,303,73,163,226,70,64,108,45,45,27,19,14,27,88,13,17
381,99,301,73,161,225,70,64,108,45,45,27,19,15,27,89,13,16
370,95,289,70,154,220,69,64,108,45,45,27,18,14,27,88,13,16
375,96,290,70,155,218,69,64,108,45,45,27,19,14,27,89,13,16
381,95,289,67,153,215,68,63,108,44,45,27,18,14,27,89,13,16
376,96,290,67,153,218,68,62,108,44,45,27,18,14,27,89,13,16
383,97,290,68,152,217,68,62,108,44,45,27,19,14,27,89,13,16
381,94,285,67,152,215,68,63,108,45,45,27,19,14,27,89,13,17
393,96,285,67,151,216,71,65,108,44,45,27,19,14,27,89,13,17
380,95,286,66,150,216,71,65,107,46,45,27,19,14,27,89,13,16
391,97,289,67,153,217,69,65,109,45,45,28,19,14,27,88,13,17
391,99,296,71,159,223,69,63,109,45,45,27,19,14,27,89,13,16
395,99,294,72,160,223,70,64,109,45,45,27,19,14,27,88,13,16
403,100,295,69,157,221,70,64,109,45,45,27,19,14,27,89,13,16
397,97,295,70,155,220,70,64,108,45,45,27,19,14,27,88,13,17
388,98,292,70,157,222,70,64,108,45,45,27,19,14,27,89,13,16
392,98,294,71,158,223,70,64,108,45,45,27,19,14,27,89,13,16
399,99,295,71,157,222,70,64,108,45,45,27,19,14,27,88,13,16
394,98,294,70,157,222,70,65,108,45,45,27,19,14,27,89,13,17
399,102,301,76,162,228,71,66,110,46,45,27,19,14,27,88,14,17
407,103,305,76,165,228,71,66,110,46,45,27,19,14,27,88,13,16
405,102,305,76,166,229,70,65,110,45,45,27,19,14,27,88,14,17
394,99,301,73,160,223,70,64,110,45,45,27,19,14,27,88,13,16
393,99,297,73,160,223,70,65,110,45,45,27,19,14,27,88,13,16
400,100,298,72,159,223,70,65,110,45,45,27,19,14,27,88,13,16
393,103,308,75,164,233,69,64,110,45,45,27,19,14,27,88,13,16
389,103,315,75,169,235,69,64,109,45,45,27,19,14,27,88,14,16
388,101,307,73,167,230,69,64,110,45,45,27,19,14,27,88,13,16
392,103,311,75,168,234,70,65,110,45,45,27,19,14,27,88,13,16
392,108,315,78,175,243,70,64,110,45,45,27,19,14,27,88,14,16
399,106,321,77,173,241,70,65,110,45,45,27,19,14,27,88,14,17
409,110,332,80,180,246,71,66,110,46,45,27,19,14,27,88,14,17
406,113,340,83,184,252,71,65,110,46,45,27,19,14,27,88,14,16
375,93,277,66,149,214,68,62,107,44,45,27,19,14,27,89,13,17
379,95,287,68,153,215,70,64,108,45,45,27,18,14,27,89,13,16
377,95,288,68,152,217,69,63,108,44,45,27,19,14,27,89,13,16
370,93,282,67,150,215,69,63,108,44,45,27,19,14,27,89,13,16
380,94,284,68,152,214,70,65,109,45,45,27,19,14,27,88,13,16
377,94,283,68,152,215,70,64,109,45,45,27,19,14,27,88,13,16
372,94,282,68,151,214,69,64,109,45,45,27,19,14,27,89,13,16
374,92,280,67,149,212,69,63,108,44,45,27,19,14,27,89,13,16
373,93,282,67,150,214,69,63,108,44,45,27,19,14,27,89,13,16
381,95,284,68,152,214,70,64,110,45,45,27,19,14,27,88,13,16
382,94,282,67,150,212,70,64,109,45,45,27,19,14,27,88,13,16
386,95,283,67,149,214,69,63,109,44,45,27,19,14,27,88,13,16
376,96,291,69,154,219,68,63,108,44,45,27,19,14,27,89,13,16
380,97,291,70,155,218,70,64,109,45,45,27,19,14,27,88,13,16
384,99,295,71,159,220,70,64,109,45,45,27,19,14,27,88,13,16
388,98,295,71,158,223,69,64,108,45,45,27,19,14,27,88,14,16
384,98,297,72,158,222,69,63,108,45,45,27,19,14,27,89,14,16
390,98,295,71,157,221,69,63,108,45,45,27,19,15,27,89,13,16
394,101,303,71,161,227,69,63,108,44,45,27,19,14,27,89,13,16
393,101,304,70,160,228,68,62,108,45,45,27,19,14,27,88,13,16
385,102,308,70,162,229,69,63,109,45,45,27,19,14,27,88,13,16
383,99,300,68,156,225,68,62,108,44,45,27,19,14,27,89,13,16
379,99,302,70,157,226,69,63,107,44,45,27,18,14,27,89,13,16
380,99,302,70,160,227,69,64,107,45,45,27,19,14,27,89,13,16
381,101,307,74,165,231,70,65,107,45,45,27,18,14,27,89,13,16
380,103,313,78,170,235,73,67,107,46,45,28,19,14,27,89,13,16
375,101,309,78,169,234,74,68,107,47,45,28,19,14,27,89,14,17
380,97,300,73,163,224,69,64,107,47,45,27,19,14,27,89,14,17
378,95,289,72,156,220,69,63,107,44,45,27,18,14,27,89,13,16
458,109,303,85,172,229,74,70,114,48,44,28,19,14,27,86,14,17
416,105,313,73,160,227,70,65,109,45,45,27,19,14,27,88,13,16
430,105,308,76,164,227,72,67,113,46,44,27,19,14,27,87,14,17
405,103,303,75,164,226,71,66,111,46,44,27,19,14,27,87,14,17
428,104,300,82,167,224,75,71,117,48,43,28,19,14,27,86,14,17
372,94,286,66,151,218,67,60,106,43,45,27,18,14,27,89,13,17
372,96,294,68,156,223,67,61,107,44,45,27,18,14,27,89,13,16
382,98,297,69,157,224,67,61,106,44,46,27,18,14,27,89,13,16
399,102,308,71,164,227,71,66,109,46,45,27,19,14,27,88,13,16
409,106,317,77,169,234,71,66,110,46,45,27,19,14,27,88,14,16
405,104,306,75,166,229,71,66,110,46,45,27,19,14,27,88,13,16
400,101,301,74,162,225,71,66,110,46,45,27,19,14,27,88,13,17
399,100,300,74,161,224,70,65,110,45,45,27,19,14,27,88,13,17
397,100,299,74,162,225,71,65,110,45,45,27,19,14,27,88,13,17
395,100,300,73,161,224,70,65,110,45,44,27,19,14,27,88,13,16
399,102,304,74,162,228,71,66,109,45,45,27,19,14,27,88,13,17
396,100,302,71,160,226,70,65,109,45,45,27,19,14,27,88,13,16
393,100,300,73,160,225,70,64,109,45,45,27,19,14,27,88,13,16
390,99,296,72,160,224,70,65,109,45,45,27,19,14,27,88,13,16
388,99,299,73,160,225,70,65,109,45,45,27,19,14,27,88,13,16
394,100,301,72,162,224,71,66,110,46,45,27,19,14,27,88,13,17
395,100,299,76,161,225,72,66,110,46,45,27,19,14,27,88,14,17
398,99,294,73,159,221,71,66,110,46,45,27,19,14,27,88,13,17
398,99,295,72,158,221,70,65,110,45,45,27,19,14,27,88,13,16
400,102,305,78,165,226,72,67,113,46,44,27,19,14,27,87,14,17
409,101,303,78,165,223,73,67,113,46,44,27,19,14,27,87,13,17
406,101,297,75,161,223,70,65,110,46,44,27,19,14,27,88,14,17
416,102,299,75,161,224,71,66,111,46,44,27,19,14,27,87,13,17
414,103,306,76,165,226,70,65,111,45,45,27,19,14,27,88,14,17
403,104,311,76,168,232,70,64,111,45,45,27,19,14,27,88,14,17
403,102,303,75,164,227,70,64,111,45,45,27,19,14,27,88,13,16
389,103,304,76,166,231,70,64,110,45,45,27,19,14,27,88,13,16
392,105,310,75,169,235,70,64,110,45,45,27,19,14,27,88,14,16
386,105,320,77,172,239,70,65,109,45,45,27,19,14,27,88,13,16
390,102,308,76,166,231,71,66,109,45,45,27,19,14,27,88,14,16
384,106,321,77,173,239,71,65,109,45,45,27,19,15,27,88,14,16
377,103,316,77,170,237,70,65,109,45,45,27,19,14,27,88,13,16
377,100,306,75,165,230,70,65,109,45,45,27,19,14,27,88,13,17
382,101,307,76,166,230,71,65,109,45,45,27,19,14,27,88,13,17
374,100,304,74,163,230,69,64,108,45,45,27,19,14,27,89,13,16
400,105,314,80,170,233,72,67,111,46,44,28,19,14,27,87,14,17
394,107,320,81,174,236,72,67,111,47,44,28,19,14,27,87,14,17
394,104,313,78,170,231,72,67,111,46,45,28,19,14,27,87,14,17
398,109,325,79,176,236,71,67,110,46,44,27,19,14,27,88,14,17
398,108,322,80,175,240,72,67,111,46,44,27,19,14,27,88,14,17
393,106,318,80,173,237,71,66,110,46,45,27,19,14,27,87,14,17
399,105,317,79,171,234,71,66,111,46,45,27,19,14,27,87,14,17
394,104,310,77,168,231,71,66,110,46,45,27,19,14,27,87,14,17
395,103,309,77,167,230,71,66,110,46,45,27,19,14,27,87,14,17
395,103,308,77,166,229,71,66,110,46,45,27,19,14,27,87,14,16
393,102,303,77,164,225,71,66,110,46,44,27,19,14,27,88,13,16
389,99,294,74,160,221,71,66,110,46,45,27,19,14,27,88,13,16
389,100,298,75,160,222,72,67,111,46,44,27,19,14,27,87,14,17
393,99,294,75,160,218,73,68,112,46,44,28,19,14,27,87,13,17
387,97,289,73,156,216,73,69,112,47,44,27,19,14,27,87,14,17
397,100,293,75,159,218,72,68,112,46,44,28,19,14,27,87,13,17
405,102,300,78,163,220,73,69,113,47,44,28,19,14,27,87,14,17
388,100,299,77,163,223,73,68,112,46,44,28,19,14,27,87,14,17
384,97,291,74,157,219,72,67,111,46,44,27,19,14,27,87,14,16
379,97,291,72,157,219,71,66,110,46,45,27,19,14,27,88,14,17
394,99,294,72,161,217,73,69,113,47,44,28,19,14,27,86,14,17
388,98,295,75,159,220,72,68,112,46,44,27,19,14,27,87,14,17
390,99,298,75,160,221,72,67,112,46,44,27,19,14,27,87,14,17
395,101,303,73,161,225,71,66,110,46,45,27,19,14,27,88,14,17
402,103,305,76,163,228,71,66,110,46,45,27,19,14,27,88,13,17
421,101,295,73,156,223,70,65,110,45,45,27,19,14,27,88,13,17
422,102,301,72,159,223,70,65,110,45,45,27,19,14,27,88,13,17
415,100,295,71,155,220,71,65,110,46,45,27,19,14,27,88,13,17
416,98,287,68,151,215,70,64,109,45,45,27,19,14,27,88,13,17
394,95,284,68,151,213,69,64,109,45,45,27,19,14,27,88,13,16
402,94,279,68,150,213,70,64,109,45,45,27,19,14,27,88,13,16
396,94,280,68,149,211,69,64,108,45,45,27,19,15,27,88,13,16
403,95,282,68,151,212,70,64,109,45,45,27,19,14,27,88,13,16
398,96,285,69,151,213,69,63,109,44,45,27,19,14,27,88,13,16
403,96,285,68,151,213,70,64,110,45,45,27,19,14,27,88,13,16
397,99,298,67,155,222,69,63,109,45,45,27,19,14,27,88,13,16
395,105,326,73,171,243,71,64,108,44,45,27,19,14,27,88,13,16
394,112,340,81,185,255,75,70,109,47,45,28,19,14,27,88,13,17
408,116,344,87,191,255,74,72,112,49,44,28,19,14,27,87,14,17
403,115,341,92,192,256,73,68,113,47,44,27,19,14,27,86,13,17
396,110,327,87,187,247,72,67,111,46,45,27,19,14,27,88,13,17
402,111,328,82,178,246,71,66,111,45,45,27,19,14,27,87,14,17
390,109,331,85,183,248,70,65,110,45,45,27,19,14,27,88,14,16
403,109,329,82,176,247,70,65,110,45,45,27,19,14,27,88,13,16
413,110,325,80,175,240,71,65,111,46,44,27,19,14,27,87,14,17
421,104,306,75,165,229,71,66,111,46,44,27,19,14,27,87,13,17
406,109,321,83,180,240,73,68,114,47,44,27,19,14,27,86,14,17
402,110,328,86,182,242,73,68,113,47,44,27,19,14,27,86,14,17
413,114,339,86,188,248,75,70,115,48,44,28,19,14,27,86,14,17
401,110,333,84,182,248,73,68,113,47,44,27,19,14,27,87,14,17
399,108,336,83,179,244,73,67,113,46,44,28,19,14,27,87,14,17
390,108,325,84,183,247,73,67,112,46,44,27,19,14,27,87,14,17
400,115,343,87,190,252,72,67,112,46,44,27,19,14,27,87,14,17
407,113,339,85,187,252,73,68,113,46,44,27,19,14,27,86,14,17
429,121,358,92,196,263,75,70,115,48,44,28,19,14,27,86,14,17
415,122,355,96,199,265,75,71,115,48,44,28,19,14,27,85,14,17
403,113,352,91,198,248,75,71,116,48,44,28,19,14,27,85,14,17
415,119,354,93,197,252,75,71,115,48,43,28,19,14,27,85,14,17
388,109,332,83,182,248,70,65,110,46,45,27,19,14,27,88,14,17
425,124,364,102,205,268,76,72,118,48,43,28,19,14,27,84,14,17
387,113,346,90,189,258,71,65,110,45,45,27,19,14,27,88,14,16
386,107,324,80,176,240,70,64,110,45,45,27,19,14,27,88,13,16
391,114,345,85,188,254,71,66,111,46,45,27,19,14,27,88,13,16
424,118,345,96,193,258,75,72,117,48,44,28,19,14,27,85,14,17
394,107,321,83,178,242,73,68,112,46,44,27,19,14,27,87,14,17
405,104,306,81,169,227,75,70,114,48,44,28,19,14,27,86,14,17
403,99,292,76,160,220,74,68,113,47,44,27,19,14,27,87,13,17
422,108,310,76,175,230,76,72,116,49,43,28,19,14,27,85,14,17
405,107,316,86,175,233,75,71,116,48,44,28,19,14,27,86,14,17
422,106,306,86,174,227,77,73,117,50,43,28,19,14,27,84,14,17
422,108,303,85,168,231,75,71,116,48,43,28,19,14,27,85,14,17
414,105,306,82,169,227,75,71,115,48,44,28,19,14,27,85,14,17
403,100,295,76,160,221,73,68,113,46,44,27,19,14,27,87,14,17
409,103,298,78,162,227,73,68,113,46,44,27,19,14,27,87,13,17
411,102,298,79,163,226,73,68,113,47,44,27,19,14,27,87,14,17
410,103,301,77,165,227,72,67,113,46,44,27,19,14,27,87,14,17
404,101,297,76,162,223,71,66,113,46,44,27,19,14,27,87,13,17
409,102,299,77,165,224,72,66,113,46,44,27,19,14,27,87,14,17
421,102,300,77,164,223,73,67,114,46,44,27,19,14,27,86,14,17
416,104,305,77,167,226,72,66,113,46,44,27,19,14,27,87,13,17
410,105,311,78,169,231,72,67,113,46,44,28,19,14,27,87,14,17
426,105,305,79,169,230,73,68,114,46,44,27,19,14,27,87,14,17
425,105,305,78,169,228,73,68,114,46,44,28,19,14,27,87,14,17
444,110,317,84,176,235,74,70,115,47,44,28,19,14,27,86,14,17
430,110,321,86,179,240,73,68,114,47,44,28,19,14,27,86,14,17
440,108,312,82,174,230,75,70,116,48,44,28,19,14,27,85,14,17
420,106,313,80,174,229,73,68,114,46,44,28,19,14,27,86,14,17
417,108,311,82,173,238,73,67,114,46,44,27,19,14,27,87,14,17
364,104,316,73,171,238,68,61,107,44,45,27,18,14,27,89,13,16
365,105,325,76,174,250,67,61,107,43,46,27,18,14,27,90,13,16
353,100,313,68,166,240,66,59,105,43,46,27,18,15,27,91,13,16
362,104,320,73,172,244,67,61,107,44,46,27,18,14,27,90,13,16
354,98,311,67,163,235,66,60,106,43,46,27,18,14,27,90,13,16
362,100,309,70,164,235,67,61,107,43,46,27,18,14,27,90,13,16
356,93,291,64,154,221,66,59,105,43,46,27,18,14,27,91,13,16
352,101,310,73,167,240,67,61,106,43,46,27,18,15,27,90,13,16
363,97,303,71,162,233,68,61,107,43,46,27,18,15,27,90,13,16
362,96,299,68,159,230,67,61,106,43,46,27,18,14,27,90,13,16
366,97,300,70,161,230,68,61,107,43,46,27,18,14,27,90,13,17
364,93,284,65,150,217,68,61,107,43,46,27,18,14,27,90,13,16
354,92,276,62,146,216,66,59,104,43,46,27,18,14,27,91,13,16
357,93,282,61,147,217,65,59,104,43,46,27,18,14,27,91,13,16
359,96,296,66,158,228,66,59,105,43,46,27,18,14,27,91,13,16
367,104,320,72,170,242,67,61,106,43,46,27,18,14,27,90,13,16
366,101,308,70,164,235,66,60,105,43,46,27,18,14,27,90,13,16
365,98,304,69,161,232,67,60,106,43,46,27,18,14,27,90,13,16
352,100,312,69,166,236,66,60,105,43,46,27,18,15,27,91,13,16
344,94,288,66,151,226,67,60,105,43,46,27,18,14,27,91,13,16
349,94,294,64,154,222,66,59,105,42,46,27,18,14,27,91,13,16
349,95,296,66,156,228,67,60,105,43,46,27,18,14,27,91,13,16
341,94,296,63,153,227,65,59,103,43,46,27,18,14,27,91,13,16
348,93,292,64,153,225,66,59,104,43,46,27,18,14,27,91,13,16
345,94,291,64,153,226,65,59,104,42,46,27,18,14,27,91,13,16
343,96,301,69,161,235,66,59,105,43,46,27,18,14,27,91,13,16
355,92,280,63,148,218,66,59,105,43,46,27,18,14,27,91,13,16
360,93,282,61,148,219,65,59,104,42,46,27,18,14,27,91,13,16
366,94,285,62,147,217,66,59,105,43,46,27,18,14,27,91,13,16
363,93,282,63,147,217,66,59,104,42,46,27,18,15,27,91,13,16
353,91,283,63,147,217,66,59,104,42,46,27,18,14,27,91,13,16
355,94,290,67,153,222,67,61,106,43,46,27,18,15,27,90,13,16
353,91,281,64,147,216,66,59,105,43,46,27,18,14,27,91,13,16
361,92,280,65,149,219,67,60,106,43,46,27,18,14,27,90,13,16
374,97,292,69,157,223,68,62,106,43,46,27,18,14,27,90,13,16
355,96,296,68,157,227,67,60,104,43,46,27,18,14,27,91,13,16
352,99,309,69,164,237,66,59,104,42,46,27,18,14,27,91,13,16
366,100,306,66,161,235,66,60,105,43,46,27,18,14,27,91,13,16
367,93,278,60,145,214,65,59,105,43,46,27,18,15,27,91,13,16
370,93,282,63,148,216,66,60,105,43,46,27,18,14,27,91,13,16
368,95,288,67,153,220,67,61,106,43,46,27,18,14,27,90,13,16
365,99,299,72,163,230,68,61,106,43,46,27,18,14,27,90,13,16
370,99,301,69,159,229,68,61,106,44,46,27,18,14,27,90,13,16
375,94,284,65,147,216,68,61,107,43,46,27,18,14,27,90,13,16
368,94,286,66,152,216,67,61,106,43,46,27,18,14,27,90,13,16
367,91,278,64,146,213,67,61,107,43,46,27,18,14,27,90,13,16
364,96,291,68,155,223,67,61,107,43,46,27,18,14,27,90,13,16
365,96,294,67,157,225,68,62,106,44,46,27,18,14,27,90,13,16
366,99,301,70,161,230,68,62,107,44,46,27,18,14,27,90,13,16
361,99,307,68,162,233,67,60,106,43,46,27,18,14,27,90,13,16
356,102,317,71,167,240,67,60,106,43,46,27,18,14,27,90,13,16
357,97,299,67,158,230,67,61,106,43,46,27,18,14,27,90,13,16
361,99,303,71,163,231,68,62,107,44,46,27,18,14,27,90,13,16
354,96,297,71,160,228,68,62,107,43,46,27,18,14,27,90,13,16
358,97,299,70,159,227,68,62,107,44,46,27,18,14,27,90,13,16
363,96,292,70,157,224,69,62,107,44,46,27,18,14,27,90,13,16
363,98,298,70,161,229,69,62,106,44,46,27,18,14,27,90,13,16
376,100,305,70,162,232,69,62,107,44,46,27,18,14,27,90,13,16
379,100,303,70,162,231,68,62,107,44,46,27,18,14,27,90,13,16
376,99,301,69,159,230,68,61,107,44,46,27,18,14,27,90,13,16
374,97,293,68,154,225,67,61,106,44,46,27,18,14,27,90,13,16
378,96,289,67,152,221,68,62,107,44,46,27,18,14,27,90,13,16
401,102,303,75,165,228,72,66,111,46,45,28,19,14,27,88,14,17
395,102,305,74,163,229,71,65,109,45,45,28,19,14,27,88,14,17
403,104,309,77,168,230,74,69,111,47,44,28,19,14,27,87,14,17
396,103,310,76,170,231,72,66,110,46,45,28,19,14,27,88,14,17
384,99,302,72,161,228,70,64,108,45,45,27,19,15,27,89,13,16
374,97,296,68,155,225,68,62,107,44,46,27,18,14,27,90,13,16
381,95,287,66,150,219,68,62,107,44,46,27,18,14,27,90,13,17
377,97,294,66,154,221,67,61,106,43,46,27,18,14,27,90,13,16
380,95,288,65,150,218,68,62,107,44,46,27,18,14,27,90,13,16
370,96,291,68,157,223,68,62,107,44,45,27,18,14,27,89,13,16
388,103,308,73,166,232,70,64,108,44,45,27,18,14,27,89,13,16
381,100,301,70,159,227,69,63,108,44,45,27,18,14,27,89,13,16
377,98,299,70,158,227,68,61,107,44,46,27,18,14,27,90,14,16
364,98,300,70,160,229,67,61,106,43,46,27,18,14,27,90,13,16
370,97,297,70,158,228,68,61,107,44,46,27,18,14,27,90,13,16
366,95,293,69,156,222,68,62,106,44,46,27,18,15,27,90,13,16
378,95,287,65,151,219,68,61,106,43,46,27,18,14,27,90,13,16
367,96,292,68,156,224,67,61,106,43,46,27,18,14,27,90,13,16
353,98,302,71,164,236,66,60,105,43,46,27,18,14,27,91,13,16
354,96,294,68,158,229,67,60,105,43,46,27,18,14,27,91,13,16
361,94,290,67,155,225,67,61,105,43,46,27,18,14,27,90,13,17
355,95,288,62,151,227,67,60,105,43,46,27,18,14,27,91,13,16
361,93,283,61,147,218,67,60,105,43,46,27,18,14,27,91,13,16
367,95,287,65,152,221,67,60,106,43,46,27,18,14,27,90,13,16
355,98,297,71,162,230,66,60,106,43,46,27,18,14,27,90,13,16
358,99,301,73,166,236,66,60,106,43,46,27,18,15,27,90,13,16
360,97,298,71,161,229,67,61,106,44,46,27,18,14,27,90,13,16
372,97,291,69,156,224,68,62,107,44,46,27,18,14,27,90,13,16
368,99,301,72,164,233,69,63,108,44,46,27,18,14,27,90,13,17
372,97,295,68,156,225,69,63,108,44,46,28,18,14,27,90,13,17
366,95,290,69,156,224,69,62,108,44,46,27,18,14,27,89,13,16
358,95,290,67,154,224,67,60,106,43,46,27,18,14,27,90,13,16
354,96,296,68,158,228,67,60,106,43,46,27,18,14,27,91,13,16
359,97,298,69,160,232,66,60,106,43,46,27,18,14,27,90,13,16
363,101,306,71,166,239,68,61,107,43,46,27,18,14,27,90,13,16
367,100,306,70,163,235,67,61,106,43,46,27,18,14,27,90,13,16
369,101,310,71,166,235,68,61,107,43,46,27,18,14,27,90,13,16
381,104,314,74,170,241,69,63,108,44,46,27,19,14,27,89,13,16
381,105,319,77,175,245,69,63,108,44,45,27,19,14,27,89,14,16
385,106,324,76,174,240,70,64,109,45,45,28,19,14,27,89,14,16
364,99,303,74,164,236,68,62,106,44,46,27,18,14,27,90,13,16
358,97,299,68,158,230,67,61,105,43,46,27,18,14,27,91,13,16
345,92,286,63,150,222,66,59,104,43,47,27,18,14,27,91,13,16
341,91,281,62,148,221,65,58,104,42,46,27,18,14,27,91,13,16
342,90,277,62,147,219,66,59,104,43,46,27,18,14,27,91,13,16
357,94,288,65,152,221,68,61,106,43,46,27,18,14,27,90,13,16
351,94,289,66,154,225,67,60,105,43,46,27,18,14,27,91,13,16
345,93,287,64,152,224,66,59,104,43,46,27,18,14,27,91,13,16
344,90,280,61,146,219,66,59,104,43,46,27,18,14,27,91,13,16
358,93,284,66,151,221,67,61,106,43,46,27,18,14,27,90,13,16
360,94,289,67,153,222,67,61,106,43,46,27,18,14,27,90,13,16
348,93,286,65,152,222,66,59,104,43,46,27,18,14,27,91,13,16
347,92,281,63,151,220,67,60,103,43,46,27,18,14,27,91,13,16
351,94,286,66,153,223,67,61,105,43,46,27,18,14,27,91,13,16
350,95,289,66,154,228,66,61,105,44,46,27,18,14,27,91,13,16
359,96,292,66,155,227,67,61,106,43,46,27,18,14,27,90,13,16
357,93,283,63,149,220,66,60,105,43,46,27,18,14,27,91,13,16
354,92,280,63,149,218,66,60,105,43,46,27,18,14,27,91,13,16
348,93,286,65,152,224,66,59,104,43,46,27,18,14,27,91,13,16
354,95,290,67,154,227,67,61,106,44,46,27,18,14,27,91,13,16
361,96,295,67,156,227,67,61,105,43,46,27,18,15,27,91,13,17
362,97,295,69,159,227,68,62,107,44,46,27,18,14,27,90,13,16
364,97,294,70,159,227,69,62,107,44,46,27,18,14,27,90,13,16
365,97,296,70,158,228,69,63,108,44,46,27,18,14,27,90,13,16
370,98,302,72,164,232,70,64,108,45,46,27,19,14,27,89,13,16
369,97,293,68,158,225,70,63,108,44,46,27,18,14,27,89,13,16
374,96,289,70,154,222,70,63,108,44,46,27,18,14,27,89,13,17
361,94,288,69,156,222,68,62,107,44,46,27,18,14,27,90,13,16
360,93,287,69,155,222,69,63,107,44,46,27,18,14,27,90,13,16
364,95,288,68,154,222,70,64,108,45,46,28,18,14,27,89,13,16
371,95,290,65,153,220,71,64,107,45,46,27,18,14,27,90,13,16
364,94,289,62,150,220,69,62,106,44,46,27,18,14,27,90,13,16
370,93,282,63,148,216,68,62,107,44,46,27,18,14,27,90,13,16
363,91,275,62,144,214,68,61,106,43,46,27,18,14,27,90,13,16
356,92,281,66,152,219,67,60,106,43,46,27,18,14,27,90,13,16
350,94,288,68,157,226,66,60,106,43,46,27,18,14,27,90,13,16
355,95,291,69,156,226,67,60,106,43,46,27,18,14,27,90,13,16
355,95,292,68,157,226,67,61,107,43,46,27,18,14,27,90,13,16
363,94,289,67,154,222,67,61,106,43,46,27,18,14,27,90,13,16
366,94,284,66,151,219,69,63,107,44,46,27,18,14,27,90,13,16
372,98,297,69,159,227,70,63,108,44,45,28,18,14,27,89,13,16
372,99,304,69,161,229,70,63,108,44,45,27,18,14,27,89,13,16
363,95,291,69,155,228,69,62,108,44,46,27,18,14,27,89,13,17
365,96,293,69,158,226,69,62,108,44,45,27,18,14,27,89,13,16
368,99,299,72,162,231,70,63,108,44,46,27,18,14,27,89,13,16
368,99,299,72,163,229,70,65,109,45,45,28,19,14,27,89,13,16
366,98,302,71,162,230,69,63,108,44,46,27,18,14,27,90,13,16
354,91,278,68,148,218,68,61,107,43,46,27,18,15,27,90,13,16
364,93,278,65,147,216,69,62,108,43,46,27,18,14,27,90,13,16
365,92,276,66,148,215,69,62,109,44,46,27,19,14,27,89,13,16
365,91,275,64,146,211,68,62,107,44,46,27,18,14,27,90,13,16
366,91,274,65,147,211,70,63,108,44,46,27,18,14,27,89,13,16
366,91,275,66,148,211,70,63,108,44,46,27,18,14,27,89,13,16
365,92,277,67,149,212,70,63,108,44,46,27,18,14,27,89,13,16
360,91,273,67,146,213,69,63,107,43,46,27,18,14,27,90,13,16
375,96,288,71,157,217,72,67,110,46,45,28,19,14,27,88,13,16
383,97,292,72,159,217,73,67,111,46,45,28,19,14,27,88,13,16
376,103,299,78,173,235,72,67,111,46,45,28,19,14,27,88,13,17
378,103,312,77,172,236,71,66,110,45,45,27,19,14,27,88,14,16
387,106,319,80,176,241,73,67,112,46,45,28,19,14,27,87,14,17
383,108,325,82,182,248,73,67,111,46,45,27,19,14,27,88,14,17
381,111,338,84,186,253,72,66,111,46,45,27,19,14,27,88,13,17
390,113,340,87,190,255,73,68,112,46,45,28,19,14,27,88,14,17
386,114,348,87,190,257,73,68,113,46,45,28,19,14,27,87,14,17
376,106,323,81,178,244,72,66,111,46,45,28,19,14,27,88,14,17
375,104,319,78,175,240,72,66,111,45,45,28,19,14,27,88,14,17
375,102,310,76,169,232,72,66,111,45,45,27,19,14,27,88,14,17
376,105,322,82,178,244,72,68,112,46,45,28,19,14,27,87,14,17
382,108,330,83,183,246,73,68,112,47,44,28,19,14,27,87,14,17
383,110,334,85,184,247,74,68,112,46,44,28,19,14,27,87,14,17
388,116,349,89,192,260,74,68,113,46,45,28,19,14,27,87,14,17
387,110,333,84,183,249,74,69,114,47,44,28,19,14,27,87,14,17
403,114,341,87,189,253,75,69,114,47,44,28,19,14,27,86,14,17
405,112,331,85,183,247,74,68,114,47,44,28,19,14,27,87,14,17
401,107,322,80,174,242,73,67,112,45,45,28,19,14,27,87,14,17
399,105,320,80,176,236,73,69,113,47,44,28,19,14,27,87,14,17
389,103,316,78,174,232,73,68,113,47,44,28,19,14,27,87,14,17
393,106,318,77,172,238,71,64,109,45,45,27,19,15,27,89,14,16
377,99,300,71,162,231,69,63,108,44,46,28,18,14,27,90,13,17
365,100,304,72,165,234,68,62,107,44,46,27,18,14,27,90,13,16
364,100,308,75,167,236,69,62,108,44,46,27,18,14,27,90,13,16
373,98,301,70,161,228,69,63,108,44,45,27,19,14,27,89,13,17
413,103,302,76,165,227,73,67,112,46,44,28,19,14,27,87,14,17
412,103,309,79,168,232,73,67,112,46,45,28,19,14,27,87,14,17
381,97,290,74,160,222,72,66,111,46,45,28,19,14,27,88,13,17
380,98,296,72,161,223,72,66,111,46,45,28,19,14,27,88,13,17
396,98,296,71,159,225,72,66,111,46,45,28,19,14,27,88,13,17
411,101,299,69,159,225,72,65,110,45,45,28,19,14,27,88,13,17
400,102,304,68,160,230,69,62,108,44,46,27,18,14,27,89,13,16
373,100,300,73,163,230,69,63,109,44,46,27,18,14,27,89,13,16
361,98,301,75,166,232,69,62,109,44,46,27,19,15,27,89,13,16
358,98,300,75,166,232,69,62,109,44,46,27,19,14,27,89,13,16
373,96,289,70,157,223,69,62,108,44,46,27,18,14,27,89,13,16
378,95,287,70,155,218,70,64,110,45,45,27,19,14,27,89,13,17
375,94,287,68,155,216,70,63,110,45,45,27,19,14,27,89,13,16
372,96,286,69,157,222,70,63,109,44,45,27,19,14,27,89,13,16
377,97,293,69,158,223,70,63,109,44,45,27,19,14,27,89,13,16
376,99,297,71,160,226,70,63,110,44,45,27,19,15,27,89,13,16
383,101,296,74,159,229,71,65,111,45,45,27,19,14,27,88,13,17
374,99,299,75,162,229,69,63,108,44,45,27,18,14,27,89,13,16
372,100,307,72,167,230,69,62,108,44,45,27,18,14,27,89,13,17
377,101,304,76,165,231,70,64,111,44,45,27,19,14,27,88,13,17
387,107,318,80,174,241,73,67,112,46,45,27,19,14,27,87,14,17
399,104,309,78,169,231,74,68,113,46,44,28,19,14,27,87,14,17
386,103,309,77,169,230,73,67,113,46,44,28,19,14,27,87,13,17
384,107,321,77,177,238,72,66,112,45,45,27,19,14,27,87,13,16
416,114,331,88,185,247,76,72,116,48,43,28,19,14,27,85,14,17
413,114,331,87,186,246,77,73,116,49,43,28,19,14,27,86,14,17
401,112,329,87,185,246,75,71,114,48,44,28,19,14,27,86,14,17
405,115,341,90,191,254,75,71,115,48,44,28,19,14,27,86,14,17
406,108,321,79,177,239,74,69,111,47,44,28,19,14,27,87,14,17
390,110,331,77,183,243,72,67,112,45,45,27,19,14,27,87,14,17
371,103,316,73,169,239,69,62,108,44,45,27,19,14,27,89,13,16
374,100,308,71,167,233,70,63,108,44,45,27,19,14,27,89,13,16
376,98,295,68,158,225,69,62,108,44,46,27,19,15,27,89,13,16
375,99,300,70,160,229,68,62,108,44,46,27,18,14,27,89,13,16
363,96,299,68,158,226,68,61,107,43,46,27,18,14,27,90,13,16
364,95,288,67,155,222,69,62,107,44,46,27,18,14,27,90,13,16
365,95,292,68,156,223,69,62,107,44,46,27,18,14,27,90,13,16
385,100,297,73,161,228,72,66,110,45,45,28,19,14,27,88,13,16
389,102,304,75,166,230,72,66,111,45,45,28,19,14,27,88,13,17
400,103,307,75,167,232,74,68,111,47,44,28,19,14,27,87,14,17
414,104,313,77,168,230,73,68,113,46,44,28,19,14,27,87,13,17
415,107,317,79,173,234,74,69,114,47,44,28,19,14,27,86,14,17
417,109,323,81,174,239,73,67,113,46,44,28,19,14,27,87,14,17
407,111,329,81,183,246,73,68,113,46,44,28,19,14,27,87,14,17
436,121,339,95,190,257,77,73,117,49,43,28,19,14,27,85,14,17
443,126,354,99,198,264,77,73,117,49,43,28,19,14,27,84,14,17
435,116,337,86,188,247,75,71,113,48,44,28,19,14,27,86,14,17
453,119,342,90,193,253,79,77,119,51,43,28,20,14,27,83,14,17
424,112,324,88,181,243,76,72,116,48,44,28,19,14,27,85,14,17
419,106,312,80,171,235,73,68,113,46,44,28,19,14,27,87,14,17
409,108,319,79,174,240,72,66,111,45,44,27,19,14,27,87,14,17
415,109,324,81,177,240,74,69,112,47,44,27,19,14,27,86,14,17
420,106,307,83,172,232,76,71,115,47,44,28,19,14,27,85,14,17
431,104,306,77,169,227,74,69,113,48,44,28,19,14,27,87,14,17
449,108,311,76,168,229,74,70,114,47,44,28,19,14,27,87,14,17
427,106,311,72,165,230,72,66,111,46,45,27,19,15,27,88,13,17
407,105,318,72,166,235,70,64,109,44,45,27,19,14,27,88,13,16
378,106,321,75,175,238,70,64,109,44,45,27,19,14,27,88,13,16
378,103,313,79,173,238,70,65,110,45,45,27,19,14,27,88,13,17
397,101,303,73,163,226,71,66,110,45,45,28,19,14,27,88,14,17
389,101,306,74,164,228,72,66,110,45,45,27,19,14,27,88,14,17
396,99,296,72,160,221,71,66,110,45,45,28,19,14,27,88,14,16
401,104,306,74,165,231,71,65,110,45,45,27,19,14,27,88,13,17
395,101,306,74,165,230,71,65,110,45,45,28,19,14,27,88,13,17
394,103,307,75,167,232,71,65,111,45,45,27,19,14,27,88,13,17
408,102,302,72,162,223,71,65,111,45,45,27,19,14,27,88,13,17
381,99,301,74,163,227,71,65,110,45,45,27,19,14,27,88,13,16
403,102,301,76,165,224,73,68,113,46,44,28,19,14,27,87,14,16
417,107,312,85,176,232,78,73,118,49,43,28,19,14,27,84,14,17
420,109,311,87,178,235,78,73,118,49,43,28,19,14,27,84,14,17
414,111,322,88,181,239,76,72,117,48,43,28,19,14,27,85,14,17
430,114,329,90,186,240,79,76,118,50,43,28,20,14,27,84,14,17
430,115,329,93,186,243,78,74,118,49,43,28,20,14,27,84,14,17
428,119,345,95,196,254,79,76,119,50,43,28,20,14,27,83,14,17
422,115,328,95,186,246,79,75,118,50,43,28,19,14,27,84,14,17
423,107,308,92,173,229,79,76,119,50,43,28,20,14,27,83,14,17
421,108,311,87,175,233,77,73,118,49,43,28,19,14,27,84,14,17
427,111,318,88,179,237,78,75,119,50,43,28,19,14,27,84,14,17
417,113,324,89,183,243,77,72,117,48,43,28,19,14,27,85,14,17
406,110,326,87,183,237,76,72,117,48,44,28,19,14,27,85,14,17
409,117,344,95,193,256,76,72,117,48,44,28,19,14,27,85,14,17
412,111,332,93,185,255,76,72,115,48,44,28,19,14,27,86,14,17
396,107,321,79,177,239,72,67,111,47,44,28,19,14,27,87,14,17
382,105,318,79,175,240,72,66,111,46,45,28,19,14,27,88,14,17
380,100,318,74,174,228,72,65,111,45,45,28,19,14,27,88,13,17
374,97,295,73,160,225,71,65,112,45,45,28,19,14,27,88,13,17
370,103,316,75,171,239,70,64,109,45,45,27,19,14,27,89,14,16
373,91,296,65,159,210,70,64,109,44,45,27,19,14,27,89,13,17
378,96,293,71,157,220,72,66,111,45,45,27,19,14,27,88,13,16
