PC1,PC2,Material
-4.407886683147758,-2.702382857962789,BlackASA
-2.6280380768675458,2.4031707762015357,BlackASA
-3.8804099940784216,-2.3808977505100875,BlackASA
-2.0491466389720494,2.894622388012075,BlackASA
-3.6790527633503185,-1.6780976809908084,BlackASA
-1.687620023171542,4.200486901046696,BlackASA
-3.860522678557312,-1.7166261956196747,BlackASA
-1.9262089153806392,4.241382498388321,BlackASA
-3.343846138290806,-0.4711112701833127,BlackASA
-1.0852717596315444,6.508224926446233,BlackASA
-3.512316606055186,-0.7253738827738344,BlackASA
-1.3678460538537764,6.112539025747177,BlackASA
-3.8838851429470562,-2.127219761036386,BlackASA
-1.9655376587343105,3.4374912631621704,BlackASA
-3.385826969479139,-0.3035019726924145,BlackASA
-1.063623817189207,6.808685374350825,BlackASA
-2.5320867281327626,-0.38103988449227055,BlackASA
-0.34046147664467785,6.749132936304329,BlackASA
-2.819956201120044,-0.41889197366933584,BlackASA
-1.0308926885014111,6.680209523667524,BlackASA
-2.7763196606266747,-0.37638470253708517,BlackASA
-0.40131050315304395,6.7564855816573495,BlackASA
-3.255592122882673,-1.3354045921639828,BlackASA
-1.1799312416779657,4.87576705724564,BlackASA
-2.761967910874443,-0.4051845428252118,BlackASA
-0.3876944470442141,6.646291584222222,BlackASA
-2.2549601135470274,-0.5153625051811411,BlackASA
-0.025793999255777404,6.606811396210792,BlackASA
-2.349739622746906,-0.5695825793155963,BlackASA
-0.10902958723195316,6.413402447890511,BlackASA
-2.4827124061713084,-0.2753332938175869,BlackASA
-0.3268768846806385,6.987340810121473,BlackASA
-3.2800606639874026,-1.3717661118537423,BlackASA
-1.1768329777515703,4.949675815676437,BlackASA
-1.9172067692939023,-0.33056498939715184,BlackASA
0.3443478930318809,6.982095247007421,BlackASA
-1.7539313406022208,0.35354869662428184,BlackASA
0.5330797967989813,8.084238244719405,BlackASA
-3.7056258261985566,-1.553029768119827,BlackASA
-1.6385915667268378,4.589841552232901,BlackASA
-3.7200461360809607,-1.3959971659225268,BlackASA
-1.6548867032358623,4.837250887843997,BlackASA
-3.1772296717417303,-1.3648886828006777,BlackASA
-1.1469190978645873,4.822373664078871,BlackASA
-3.606384609372703,-1.50860518960548,BlackASA
-1.5493229296750284,4.6042309718010115,BlackASA
-2.8848177193374975,-0.3086407232538373,BlackASA
-0.6065422194869198,6.839456812572614,BlackASA
-3.4238681479673265,-0.844474169108225,BlackASA
-1.218648200042729,5.789197598154346,BlackASA
-2.6613422484759073,-0.20860714494737798,BlackASA
-0.45413996716755123,7.060114403170127,BlackASA
-2.472087913737552,-0.27049079975851287,BlackASA
-0.23795653399701994,6.986652796457573,BlackASA
-2.5028616911758697,-0.21908343338683778,BlackASA
-0.27637512170039685,7.071862193125423,BlackASA
-2.568374861634682,-0.18839038480484815,BlackASA
-0.3073473708335791,7.127307761166357,BlackASA
-2.59899495647795,-0.21710413861500708,BlackASA
-0.4055512044685978,7.078154302478269,BlackASA
-2.697565504344647,-0.2487307499949803,BlackASA
-0.5215913035341757,7.025480879875435,BlackASA
-2.5381525312968347,-0.1320786963840113,BlackASA
-0.314034420626515,7.22277494523156,BlackASA
-3.4835137141846597,-0.45919478106682465,BlackASA
-1.2664289450835011,6.576922985304992,BlackASA
-3.477038568698631,-0.47184963050899803,BlackASA
-1.2455631651040715,6.587671225814546,BlackASA
-3.234433692020516,-0.41099431333433767,BlackASA
-0.9625627112492062,6.652804940651807,BlackASA
-3.361411033159358,-0.3449375521559031,BlackASA
-1.1210678920905957,6.830738667251703,BlackASA
-3.2732400967751194,-0.48988798647951276,BlackASA
-1.1116969321224404,6.4661313977601935,BlackASA
-3.7024234265155,-1.5136592198583014,BlackASA
-1.6392123554787978,4.623784477296954,BlackASA
-2.5577800464939706,0.2082892224413923,BlackASA
-0.23414865762022852,7.736766914279053,BlackASA
-2.474134311763553,-0.17174053856381422,BlackASA
-0.5276932780086329,7.157730790841125,BlackASA
-2.379917986724102,-0.2872527039738894,BlackASA
-0.13951892039823785,6.9819418398734765,BlackASA
-2.3359732202654793,-0.08182677106053377,BlackASA
-0.1339672927776002,7.31534350573713,BlackASA
-2.4220697182661586,-0.4234421422928105,BlackASA
-0.22791622297718755,6.724766536032561,BlackASA
-2.7487888443680837,-0.5559835354119655,BlackASA
-0.9662292453071989,6.482570665285625,BlackASA
-3.233724339675952,-0.34012342906351956,BlackASA
-0.8831347156009511,6.7968864102589714,BlackASA
-2.6820613934540254,-0.44288093284286684,BlackASA
-0.5480611941411578,6.689886137248553,BlackASA
-3.7926785573953046,-1.7527606686867683,BlackASA
-1.6975662169847896,4.176142724845419,BlackASA
-4.017152201676678,-2.0330823822310653,BlackASA
-2.10458699128967,3.623475383555404,BlackASA
-3.271914889257774,-0.8110832699285381,BlackASA
-1.080184944287285,5.871959105413332,BlackASA
-2.4886012803024475,-0.24256591225417443,BlackASA
-0.24174042953978542,7.0024077182375875,BlackASA
-2.471265285168355,-0.14236094959456363,BlackASA
-0.21774595585854145,7.122692109527592,BlackASA
-2.6118331271350512,-0.2624959145426012,BlackASA
-0.40276597742044545,6.959498990866016,BlackASA
-2.4686685718756083,-0.22441287073703314,BlackASA
-0.2590192391907245,7.040446573882018,BlackASA
-2.541546286119226,-0.437081404756754,BlackASA
-0.3212474570798818,6.698114871051168,BlackASA
-2.4014116671047048,-0.23063999179674166,BlackASA
-0.19006950174928103,7.0381746237088985,BlackASA
-2.4924089604152573,-0.18470775417941077,BlackASA
-0.26870698324000036,7.120899131275955,BlackASA
-2.7832876003610036,-0.3809884213893024,BlackASA
-0.5976061821617351,6.7977018395307125,BlackASA
-2.514759660269488,-0.22631306022264208,BlackASA
-0.284462126072423,7.045513944562347,BlackASA
-2.483961505966306,-0.16286990034230706,BlackASA
-0.2529247204251573,7.156983508804779,BlackASA
-2.458656440406157,-0.3420494586522389,BlackASA
-0.23222484868704135,6.866660656765991,BlackASA
-2.645279468079476,-0.34215022462420297,BlackASA
-0.47884728441264823,6.873127631680368,BlackASA
-2.4518879623580476,-0.3717215833583943,BlackASA
-0.22549744192243093,6.825303496663979,BlackASA
-2.585507401231934,-0.2678391594331227,BlackASA
-0.40318971371402673,6.998845171912857,BlackASA
-2.3928743143920466,-0.19824355711143288,BlackASA
-0.18663615829454303,7.109853189154458,BlackASA
-2.5162330925213383,-0.15068140781192244,BlackASA
-0.30601716327571,7.188438096847125,BlackASA
-2.945005741553992,-0.12765402764267259,BlackASA
-0.6554647579157022,7.09580590564971,BlackASA
-2.5771636904383275,0.10149416894670635,BlackASA
-0.323192987346191,7.560659517542049,BlackASA
-2.593285658655893,-0.23167575419975767,BlackASA
-0.3795756016952166,7.040580961293817,BlackASA
-2.418466132006142,-0.12998019120181128,BlackASA
-0.21596747263346047,7.233614520767266,BlackASA
-2.9468033522256287,-0.4000842922123821,BlackASA
-0.7953791455186867,6.578083926289784,BlackASA
-2.9229879500237317,-0.23138800680079624,BlackASA
-0.3359081998819762,6.996851444995404,BlackASA
-2.960820170826084,-0.2821015086010241,BlackASA
-0.4237430349606548,6.877701914505852,BlackASA
-2.7217262688252286,-0.19673366339481974,BlackASA
-0.3708865021947529,7.123932430666159,BlackASA
-2.990935087304726,-0.30907886171215204,BlackASA
-0.5647875073324226,6.831433191557819,BlackASA
-3.1627033301202356,-0.9358068232951088,BlackASA
-1.0839427603571268,5.68767508125522,BlackASA
-3.1763008513457414,-0.7317155672560195,BlackASA
-1.0243651906423556,6.0924785148720835,BlackASA
-3.6992108486666906,-1.6084846487194984,BlackASA
-1.6299900410806534,4.4547283974434935,BlackASA
-2.8068217571177154,-0.3377892706763238,BlackASA
-0.09110931508148717,6.822698561870914,BlackASA
-2.822178367310921,-0.1658016183646869,BlackASA
-0.2495162407825851,7.1328614631955585,BlackASA
-2.4090358578322486,-0.16250560407811526,BlackASA
-0.1886192037576217,7.1621645676018195,BlackASA
-2.857622729871931,-1.1256529205413393,BlackASA
-1.044192692167829,5.431217255558046,BlackASA
-3.1499560494343175,-0.4878955279172188,BlackASA
-1.0609885369100867,6.475124654998976,BlackASA
-3.032833889559883,-0.3530546578204367,BlackASA
-0.41432128327394757,6.789760259353222,BlackASA
-2.981739220099423,-0.34503850394613983,BlackASA
-0.3225320689960468,6.800931797021361,BlackASA
-2.622494372223699,-0.3504323309379186,BlackASA
-0.2850015389330796,6.82651384593684,BlackASA
-2.57804321118655,-0.4620646771877191,BlackASA
-0.360836708361781,6.640334477182257,BlackASA
-2.3066522251260597,-0.2355432422306443,BlackASA
-0.084338109052364,7.063141211847976,BlackASA
-2.276554217733104,-0.287728416500299,BlackASA
-0.13597316487163918,6.9743816332562,BlackASA
-3.2766206451973674,-0.6542747014106505,BlackASA
-0.8391592109412449,6.224297273918794,BlackASA
-2.2970002243693335,-0.37213160050896055,BlackASA
-0.05818400648149886,6.854181017946729,BlackASA
-3.6903773715466923,-1.6112085450062326,BlackASA
-1.6613845623702732,4.44745147162174,BlackASA
-2.411565516102805,-0.2196976325464546,BlackASA
-0.4031336870398206,7.10139867788424,BlackASA
-2.127452860263147,-0.025232884693717445,BlackASA
-0.21008730170491452,7.384565274751679,BlackASA
-2.4863216924514093,-0.3723301703259041,BlackASA
-0.33091706449092034,6.849024531471631,BlackASA
-3.6716960023238747,-1.6344692643676215,BlackASA
-1.6320378794603765,4.397541609782576,BlackASA
-2.5027633565652287,-0.3998524752918614,BlackASA
-0.33009056988449387,6.793679082878603,BlackASA
-2.326135354718979,-0.2396564971893026,BlackASA
-0.12464471894575488,7.056231447767414,BlackASA
-1.8090773467380592,0.040118370031203006,BlackASA
0.5001282324006131,7.484232642231589,BlackASA
-2.2241029509280152,-0.2454294180570373,BlackASA
-0.007123085211526988,7.093011677616539,BlackASA
-2.734672660375841,-0.7267049981119554,BlackASA
-0.5719179057358779,6.204380684984646,BlackASA
-0.726984766215845,-1.1889511215650932,BlueASA
-0.4867647527672389,-1.1936133061238445,BlueASA
-0.6692514671263337,-1.1854329741488991,BlueASA
-0.4593151154796827,-1.2993153137093298,BlueASA
-0.8107212280392787,-1.2472709728844031,BlueASA
-0.837119709808702,-1.3435811726685127,BlueASA
-0.5323291080219997,-1.1630574096395219,BlueASA
-0.4938572988708546,-1.214180427788563,BlueASA
-0.5125290044959769,-1.1688264329105995,BlueASA
-0.8379664598928086,-1.3057504617474598,BlueASA
-0.6540819212961927,-1.1636245238416163,BlueASA
-0.649668366822417,-1.1358422072085927,BlueASA
-0.6753396539908253,-1.1955336133107628,BlueASA
-0.9261535985369248,-1.3187061057376606,BlueASA
-0.5653975938214473,-1.1371168717209277,BlueASA
-0.7761869057897341,-1.2785966145211474,BlueASA
-0.5539010396241363,-1.1259880820076125,BlueASA
-0.5612435492815391,-1.1391549556990779,BlueASA
-0.5308209197609032,-1.1736384401979614,BlueASA
-0.66685980405585,-1.2028341268981526,BlueASA
-0.42337750305972793,-1.1427648725716169,BlueASA
-0.5114062668194779,-1.1805403278358058,BlueASA
-0.6124868018050533,-1.2863151824087913,BlueASA
-0.9287399526022151,-1.2368159249021242,BlueASA
-2.1502084994152293,-1.7351491092544484,BlueASA
-2.0339492865491113,-1.6725075686433866,BlueASA
-1.5299286075340344,-1.4246461417216911,BlueASA
-1.784436621170643,-1.468548900711842,BlueASA
-1.8022134657852442,-1.4182389643370286,BlueASA
-1.8129989751983926,-1.4112914456048373,BlueASA
-1.97706018968566,-1.4232126545683528,BlueASA
-1.810006955558001,-1.44819859864344,BlueASA
-2.0659252225790583,-1.395538105700777,BlueASA
-2.0146414754278927,-1.2674835419533828,BlueASA
-1.8248190088581198,-1.2546402159028673,BlueASA
-2.0640773910136576,-1.3799236658194618,BlueASA
-1.8259698961019122,-1.2548307046579377,BlueASA
-1.7882597790191521,-1.2303430941420097,BlueASA
-2.017594169507598,-1.3789952445317166,BlueASA
-1.1949697709572382,-0.9760441930253508,BlueASA
-1.8315387829534173,-1.309530423393472,BlueASA
-2.105957568024095,-1.4415150606239395,BlueASA
-1.7630651735528742,-1.2265815986468382,BlueASA
-1.635583562684911,-1.1625530069345593,BlueASA
-2.1559715946554103,-1.5986911726226096,BlueASA
-1.8242383423106427,-2.0746737871873377,BlueASA
-1.8347115848442943,-2.435916841689335,BlueASA
-1.453063894222756,-1.4871545476137986,BlueASA
-1.0825446303658686,-1.1685681348323338,BlueASA
-1.5588320376080005,-1.3760059557122464,BlueASA
-1.469756569230839,-1.2082033534621501,BlueASA
-2.1404764328633172,-1.5642459149652577,BlueASA
-1.824508130911119,-1.2574114295655323,BlueASA
-1.8895629807035534,-1.2437745751981093,BlueASA
-1.717311177969143,-1.1955506852381947,BlueASA
-1.6869474561294677,-1.2284923710796258,BlueASA
-1.9271399731476795,-1.3703424427865254,BlueASA
-1.7118842769436755,-1.4596523584365408,BlueASA
-1.8345311806054856,-1.2976862380623142,BlueASA
-1.7846334884124957,-1.2525101557553686,BlueASA
-2.019916658302024,-1.3933670649353387,BlueASA
-1.83196941030625,-1.2930101863089687,BlueASA
-1.8271530366582438,-1.3266190958327972,BlueASA
-1.7741811005951194,-1.2287775092789306,BlueASA
-1.9395119673535894,-1.3357324415365746,BlueASA
-1.6943756772878953,-1.3170870815102398,BlueASA
-1.6623188818470898,-1.4739737941971243,BlueASA
-1.76016794813606,-1.4633694302554998,BlueASA
-1.8138706463390883,-1.3779536688158078,BlueASA
-2.040823302570258,-1.4011056532165822,BlueASA
-1.8633913566122398,-1.3900458790657664,BlueASA
-2.0582805652489755,-1.419620288146813,BlueASA
-1.793355017984036,-1.3305806299328964,BlueASA
-1.8444026861420064,-1.4527244747941803,BlueASA
-2.027343241086448,-1.3763590868363478,BlueASA
-1.84135321937639,-1.3326341108352067,BlueASA
-1.8821159023741554,-1.2998091487273815,BlueASA
-1.92106145094677,-1.294783842885801,BlueASA
-1.8456672952862136,-1.3912254916516935,BlueASA
-1.7001385697174078,-1.4063215157751314,BlueASA
-1.918428937491035,-1.5753745841984794,BlueASA
-0.937330524500378,-1.1610073381819976,BlueASA
-0.5713181532976066,-1.1478038124832652,BlueASA
0.11088784385217669,-0.8490201433177865,BlueASA
-0.48132461110464064,-1.081760643489945,BlueASA
-1.5648558087230406,-1.261757311723714,BlueASA
-1.7106759935831797,-1.1502016222566727,BlueASA
-2.048543537530208,-1.8991970483601395,BlueASA
-1.9070805873816004,-2.2749187161586732,BlueASA
-1.9560647332863024,-1.6714540355389604,BlueASA
-2.0195802477720104,-1.5449335403011093,BlueASA
-1.8587328372154723,-1.3683795953981162,BlueASA
-2.4611246526846924,-2.0675435463679324,BlueASA
-2.4751904578143624,-2.25559471480743,BlueASA
-1.8899253630015242,-1.933895621629975,BlueASA
-1.9999881410747444,-1.745629346049799,BlueASA
-2.0639700016954823,-1.5855226148760515,BlueASA
-1.8523384718014106,-1.5184814510140057,BlueASA
-1.8402924536750662,-1.687173028384743,BlueASA
-2.0107473578654584,-1.8260083621037215,BlueASA
1.1101609050241559,-0.7045876418300645,RedASA
0.44332759281480055,-0.6548095444421178,RedASA
0.628462654073309,-0.7031682342665575,RedASA
0.2543151038811774,-0.7228580464334514,RedASA
0.49197180745676045,-1.0366850220597164,RedASA
0.16412255833939543,-1.1476242456472474,RedASA
0.9428202443181262,-0.9536910763371187,RedASA
1.0250956874298651,-0.929924755039836,RedASA
0.8667015765573025,-0.8847419098755765,RedASA
0.4315311131406438,-0.8903993467744834,RedASA
0.7810012991338976,-0.9236150480991587,RedASA
0.23140505228452668,-1.0924044477318138,RedASA
0.5084620778270036,-0.9387257687967302,RedASA
0.6352854032573755,-0.9949086247135606,RedASA
0.8923939426500251,-0.918475131756735,RedASA
1.4525680869110313,-0.9010518611343117,RedASA
2.3469089757712496,-0.8939138119521863,RedASA
1.3850765123743,-0.8362393337907733,RedASA
2.640143595781098,-1.0740058221679862,RedASA
2.566267444362884,-1.0013637308379744,RedASA
3.9243446824506227,-0.9426740236953719,RedASA
3.8503805244445255,-0.7918220374413762,RedASA
1.396206193124067,-0.7239859604829961,RedASA
2.5278528534282083,-0.7135602690403341,RedASA
4.663657198828531,-0.6929388995829892,RedASA
4.640847583485985,-0.6744390544376643,RedASA
4.766125585127705,-0.1537199846540692,RedASA
4.474934064202962,-0.16458519827512072,RedASA
4.861282380931921,-0.30724231942622077,RedASA
5.323869631861859,-0.4575041012309929,RedASA
-0.2979524978182476,-1.5885135372665034,RedASA
0.03478360006856264,-1.0984169574875822,RedASA
0.15399150675136683,-0.8448010190632663,RedASA
-0.010377362282692806,-1.4450245246593043,RedASA
-1.2977477824294033,-2.8250270610566948,RedASA
-0.35183842740885907,-1.3436745954325595,RedASA
-0.13690428484620504,-1.202598742536405,RedASA
-0.06271374463394022,-0.9873499027166038,RedASA
-0.34224929893090605,-1.473757694148728,RedASA
-0.5858028196196748,-1.9134746116561043,RedASA
-0.3350122489742437,-1.2768071478898229,RedASA
0.13486820508216463,-1.0643241689277416,RedASA
-0.02630806895351709,-1.4650734067093334,RedASA
-0.47246245454183444,-2.1158544267429655,RedASA
-0.5791227083358629,-2.186355845081624,RedASA
-0.625175700582053,-2.1200705198577103,RedASA
0.18446552194794644,-1.3882200006186038,RedASA
0.5190631665296799,-1.4501289445356234,RedASA
0.2697595370041708,-1.723451590247576,RedASA
0.3658109792250026,-1.5229589666986718,RedASA
0.8386922133551586,-1.3463858454021544,RedASA
1.3986541501011232,-0.9250683326429975,RedASA
2.021981677481624,-0.6453448609297965,RedASA
3.1477876681968477,-0.8410149650552547,RedASA
4.106714430327016,-0.6874536533118787,RedASA
2.001899058638033,-0.5171723795409702,RedASA
0.5397237797184875,-0.785732381625611,RedASA
-0.07360398728368378,-1.4778744594466064,RedASA
0.45234091485907063,-1.3534658614489594,RedASA
0.04923074909746576,-1.3243986950604019,RedASA
0.6783588353124821,-0.9630984535001103,RedASA
1.1205042848235816,-1.0711714326754636,RedASA
1.1158763303171733,-0.8172911911441952,RedASA
1.261573623993675,-0.8968547160752199,RedASA
3.20206379047187,-0.9716568547413973,RedASA
3.3873019059036817,-1.033574114216768,RedASA
1.6705582032438864,-0.8426371726843659,RedASA
2.9287166037688537,-0.9429388184096362,RedASA
2.2805775025351402,-1.0587531232545648,RedASA
5.29090243174672,-0.910505837958597,RedASA
2.452672014963569,-0.8885357862471613,RedASA
2.7974909620478563,-0.901123694277525,RedASA
3.189731340406313,-0.8535121635840363,RedASA
3.9665188628499113,-0.863908776682106,RedASA
5.051740078209573,-0.9863403116423336,RedASA
4.36730500250268,-0.710857507111196,RedASA
4.917413250212087,-0.08732661932054374,RedASA
4.738505338949408,-0.145960436708047,RedASA
4.623103519015783,-0.1382641568529641,RedASA
4.770879461055925,-0.1276575200913638,RedASA
4.840009521721705,-0.2519291898220933,RedASA
5.142254231103807,-0.1954512537890315,RedASA
4.756193995394367,0.2334016715024893,RedASA
4.4668682597473515,0.4656335917227375,RedASA
4.595863843800283,0.10698512103482495,RedASA
4.713005711771308,-0.4486027458453179,RedASA
4.845320762187045,-0.2921771805604116,RedASA
4.757842362251707,-0.4508908572799043,RedASA
4.75354071883796,0.3308760305352117,RedASA
4.19824342553339,0.3938548104292273,RedASA
4.205060224326179,0.40905228764899143,RedASA
4.488972047610286,0.19813365574539799,RedASA
3.983307833341504,0.25116137072418043,RedASA
4.11816551061499,-0.05201799193609248,RedASA
5.055882977529153,0.25074753399673144,RedASA
4.470829015647163,0.06451997626261986,RedASA
3.8882360860146785,0.1175423305890954,RedASA
4.495140495010686,0.20170272439421053,RedASA
4.26807357403456,0.125594166281894,RedASA
4.175107158480957,0.13339604016376566,RedASA
2.0194164892918867,-0.6375322728857079,WhiteASA
1.9388349031183416,-0.6995946923805069,WhiteASA
2.188805501705757,-0.44785408924956205,WhiteASA
2.5439023178286773,-0.3596002969698814,WhiteASA
2.969800587315338,-0.2251795060787452,WhiteASA
3.6715758167871977,-0.11890837349024384,WhiteASA
4.027836227182429,-0.14435387834687363,WhiteASA
3.825809366207125,-0.12012006651648986,WhiteASA
2.9727776531710095,-0.2619590392662515,WhiteASA
2.3983449984628114,-0.47927537762116756,WhiteASA
2.731486460349878,-0.3017212212330234,WhiteASA
3.4811020461227486,-0.09806574625091796,WhiteASA
3.549205117771287,-0.061614742137132576,WhiteASA
3.641071326485669,0.017701286018933293,WhiteASA
3.40898152347584,-0.12238456464869184,WhiteASA
3.346183993924143,-0.19237172758370197,WhiteASA
3.5134996062583483,-0.10910659315046489,WhiteASA
3.518512149229463,-0.15690520190996785,WhiteASA
2.7400530029392907,-0.17321013909578678,WhiteASA
3.2615918919300566,-0.01310636323758002,WhiteASA
2.8335859790943583,-0.22117474518897517,WhiteASA
2.7569504355464147,-0.2122285313697464,WhiteASA
3.1403476452761536,-0.03145416280931396,WhiteASA
3.7715035165770265,0.0624613819567567,WhiteASA
2.499306302323302,-0.28270437458451403,WhiteASA
1.8642542725897233,-0.43553102878511385,WhiteASA
1.2873291960726436,-0.559414761234024,WhiteASA
1.7262278632548749,-0.4115546501588688,WhiteASA
1.3540482621582495,-0.5202579553337151,WhiteASA
1.5751694383834585,-0.3435724212992971,WhiteASA
1.4987639372262729,-0.3863555720236149,WhiteASA
1.5140124584531471,-0.47816720781250965,WhiteASA
1.558772044017655,-0.6302118935724514,WhiteASA
1.2450609418743375,-0.6967554350954404,WhiteASA
1.4102601453887897,-0.7224325745566744,WhiteASA
1.4854471600888035,-0.7366970921314153,WhiteASA
1.7671233488294258,-0.4721943773202677,WhiteASA
1.5901634750479599,-0.8117730032820459,WhiteASA
3.2383583617742593,-1.0769708276486276,WhiteASA
3.14240252987608,-0.8794151614136114,WhiteASA
3.184269470058283,-0.6607693012923874,WhiteASA
2.9727027242583794,-0.5518565575764929,WhiteASA
3.4750170678719807,-0.8517637189758331,WhiteASA
2.743036711202108,-1.1601984313622986,WhiteASA
1.7060134038214745,-0.894681840520284,WhiteASA
1.634782029740709,-0.8162089502282174,WhiteASA
1.530251668627897,-0.782874796920372,WhiteASA
1.5338842747071328,-0.8424129082815541,WhiteASA
1.9107953814324397,-0.6432299801150768,WhiteASA
2.0092989166261037,-0.5480742373073046,WhiteASA
1.6892506878973752,-0.643753867149361,WhiteASA
1.8814741408466074,-0.5796411385172151,WhiteASA
1.946699059511976,-0.41261104082344235,WhiteASA
2.599729743088834,-0.10272899534160768,WhiteASA
2.0218409196327913,-0.45733036585602077,WhiteASA
1.9854950295295664,-0.4821891534741481,WhiteASA
1.7174328138627506,-0.6247561998204297,WhiteASA
1.9916806932422197,-0.4340679535527802,WhiteASA
1.9912354940635042,-0.38586011794135194,WhiteASA
1.9208177964636453,-0.4025303355178856,WhiteASA
1.9466737269997407,-0.442992022561877,WhiteASA
2.1232096824722033,-0.5087405925335268,WhiteASA
1.938860912659884,-0.73171310804715,WhiteASA
1.6417143742891036,-0.6658498939251832,WhiteASA
1.6014717967512881,-0.7101183786028635,WhiteASA
1.7906776992254065,-0.832216013095735,WhiteASA
2.709640582173085,-0.9856766597434848,WhiteASA
3.274927324645037,-1.0547592922509896,WhiteASA
3.2819948345644607,-0.6500234270844135,WhiteASA
3.1824903941676355,-0.1354810710082414,WhiteASA
3.232860107845018,-0.9219282796706195,WhiteASA
1.4209205404260075,-0.8794916364280435,WhiteASA
1.382009743814671,-0.7375998526865649,WhiteASA
1.6387872035615207,-0.68985585127208,WhiteASA
1.7233203985965855,-0.7319227074878017,WhiteASA
1.9652576999220426,-0.5165203106400839,WhiteASA
1.912430807700186,-0.4332630497486999,WhiteASA
1.9369044921639347,-0.353076410839124,WhiteASA
1.7651151346978016,-0.562317095820304,WhiteASA
2.2103029598425854,-0.46796156183718185,WhiteASA
2.081631209098084,-0.5392207205605629,WhiteASA
2.0208720218298715,-0.401723846710992,WhiteASA
2.0249834170783365,-0.49055472866775507,WhiteASA
1.794261458475564,-0.6024536123207662,WhiteASA
1.367503011425908,-0.8082646975385411,WhiteASA
1.5329791151234513,-0.7400904714484354,WhiteASA
2.396016250727603,-0.9205331510452649,WhiteASA
3.497010170600489,-0.8054982429369372,WhiteASA
2.5751633499722066,-0.4229425862081134,WhiteASA
2.7286258118141853,-0.01820824054652591,WhiteASA
1.64847553646951,-0.3301177762287541,WhiteASA
2.5301569540338367,-0.6993604547783427,WhiteASA
2.5562341073184136,-0.9103357778922404,WhiteASA
2.0168922781692955,-1.0223091174978627,WhiteASA
1.8224142564640133,-0.8182644200702426,WhiteASA
1.3112205918724655,-0.7686610753919897,WhiteASA
1.3821711550255147,-0.7075888235391946,WhiteASA
1.6631033600361451,-0.6257642669990243,WhiteASA
1.8434556311714299,-0.5760153732577614,WhiteASA
1.6944051499688657,-0.7040488301574754,WhiteASA
-3.2368593097561758,-1.0352834108369704,BlackPETG
-1.1319869119858694,5.618673287545042,BlackPETG
-2.8666545330581004,-0.8271559261148503,BlackPETG
-0.7575064918453221,6.020457736497234,BlackPETG
-2.582763310584767,-0.3722131028134145,BlackPETG
-0.44831419056281124,6.799911800539257,BlackPETG
-2.304663909474604,-0.20836759479905304,BlackPETG
-0.10037588729395189,7.097689268488037,BlackPETG
-2.8367102096121246,-0.3068139393393076,BlackPETG
-0.700938243517201,6.891233010114899,BlackPETG
-3.6476615105129033,-1.820915017889349,BlackPETG
-1.688676778965588,4.023137539831404,BlackPETG
-3.4076000680879264,-1.533811851232016,BlackPETG
-1.4800871733573222,4.558173395657868,BlackPETG
-3.0888152012530115,-0.16520608423964742,BlackPETG
-0.9791388622324052,7.119759057945205,BlackPETG
-2.098878252726119,-0.17602596091257844,BlackPETG
0.1111927922328283,7.222381623663368,BlackPETG
-3.4667259335639233,-1.4008237633640808,BlackPETG
-1.4035906209896634,4.811535794201397,BlackPETG
-3.3098652435237432,-0.6428802292945889,BlackPETG
-1.0791742236037356,6.153270982048635,BlackPETG
-2.8140129269117833,-0.6499755497277728,BlackPETG
-0.6270600559172962,6.281481155898825,BlackPETG
-2.5220121638060586,-0.5876831178800375,BlackPETG
-0.35748422364133603,6.427517040304516,BlackPETG
-2.9775762543952005,-1.1142198352538089,BlackPETG
-0.8250483287609939,5.532173707065321,BlackPETG
-2.667889114419116,-0.5186417237077493,BlackPETG
-0.5140853068046666,6.561088823592084,BlackPETG
-3.907031110378991,-1.8938300878562186,BlackPETG
-1.9177202755076501,3.895512322643234,BlackPETG
-3.452597338522192,-1.2461814380721237,BlackPETG
-1.277186716536699,5.229537606328088,BlackPETG
-2.360290996717582,-0.622053479486095,BlackPETG
-0.19114319759451417,6.451787142411452,BlackPETG
-2.8697083124033216,-0.5584316590960237,BlackPETG
-0.6835128604705135,6.4049962139858225,BlackPETG
-2.6992496526351633,-0.6844629602455419,BlackPETG
-0.6746553169165833,6.293365331163668,BlackPETG
-3.4173588980645735,-0.4886560596951152,BlackPETG
-1.2027637125269885,6.459017453489376,BlackPETG
-3.9005740029934377,-1.5258802341853024,BlackPETG
-1.7102232193839402,4.530509243154421,BlackPETG
-3.5340246237462805,-1.0609742253504781,BlackPETG
-1.640389309232196,5.440438196828379,BlackPETG
-3.6119209471755394,-0.5427116312146746,BlackPETG
-1.3762346679919093,6.397901201211875,BlackPETG
-2.347564761117678,-0.41689166095560315,BlackPETG
-0.11026500177792606,6.763648879218768,BlackPETG
-3.026574892828701,-1.0250976598707702,BlackPETG
-1.1192840250640557,5.656959268992183,BlackPETG
-3.5471149672789335,-1.3671903565491788,BlackPETG
-1.4734009098855765,4.853490337133677,BlackPETG
-3.8545078666605157,-1.3890146746592913,BlackPETG
-1.794784242415455,4.808886642065795,BlackPETG
-3.393958231773061,-0.5481544991985263,BlackPETG
-1.1759527402255543,6.3830859532014985,BlackPETG
-3.4415982391040525,-1.06389733700941,BlackPETG
-1.300928675770485,5.444368966294833,BlackPETG
-2.843539043380351,-0.8686409766544843,BlackPETG
-0.6953078514593433,5.704362288355043,BlackPETG
-3.185982284109343,-1.5510609823983683,BlackPETG
-1.1521538518319376,4.60136973228711,BlackPETG
-2.999112492294708,-0.8558762232275451,BlackPETG
-0.805539623540241,5.874249642949655,BlackPETG
-3.0789693558164855,-0.5739132407334194,BlackPETG
-0.8747465037374319,6.343324829809309,BlackPETG
-3.33399219076285,-0.6136723801868006,BlackPETG
-1.1547305335697724,6.244857789057901,BlackPETG
-3.3915537972178145,-1.6731828082045228,BlackPETG
-1.3929643722171825,4.339036650665598,BlackPETG
-3.4566600941706,-0.6651129992506032,BlackPETG
-1.2911140361615006,6.1734116293192205,BlackPETG
-3.3731926170139106,-1.5267919599316206,BlackPETG
-1.3610438803546159,4.55078270324082,BlackPETG
-3.2818742446937996,-1.4353743686247498,BlackPETG
-1.2021772680403209,4.822169631405472,BlackPETG
-3.1888021508210143,-0.4563836760352337,BlackPETG
-1.0179207322915165,6.569746292037303,BlackPETG
-1.768995114638138,-0.05269405425341288,BlackPETG
0.4685292308159178,7.357784347991366,BlackPETG
-2.1590420648653494,-0.14886608056180234,BlackPETG
0.10296215759634808,7.266174112246906,BlackPETG
-2.2192152664550053,-0.09702074467071262,BlackPETG
0.036465332368381016,7.346370084116323,BlackPETG
-2.5710251918802127,-0.19895458352837997,BlackPETG
-0.4097329418092108,7.104129820554744,BlackPETG
-3.1717605235387425,-0.48284805369458234,BlackPETG
-1.0393233955054062,6.537846482953883,BlackPETG
-2.776247459284702,-0.2964899364626003,BlackPETG
-0.636945843429233,6.871387576558846,BlackPETG
-3.4549814255702875,-0.9056679702022434,BlackPETG
-1.2865861819182112,5.718134123353178,BlackPETG
-3.767962613735438,-2.2006037676453607,BlackPETG
-1.7689636801202795,3.4196344553362787,BlackPETG
-3.1720600253692512,-1.5880333148945374,BlackPETG
-1.0900088060492623,4.783791213728787,BlackPETG
-3.5806398913310886,-1.1174552429314386,BlackPETG
-1.5736849276220561,5.371319128824492,BlackPETG
-3.6605358686736165,-0.4171509322699887,BlackPETG
-1.4079822852972215,6.586291758754919,BlackPETG
-4.153373466974727,-0.725119465813476,BlackPETG
-2.026182533991582,5.995389574477482,BlackPETG
-4.305331022643008,-0.816445214174377,BlackPETG
-2.222563238345256,5.779040003931293,BlackPETG
-3.784521552756705,-0.7829856613483714,BlackPETG
-1.650547438336375,5.871711034477972,BlackPETG
-3.6158250733284447,-0.7567816090526647,BlackPETG
-1.4693454000666846,5.954111023010762,BlackPETG
-3.706193298085171,-1.7659103604903537,BlackPETG
-1.699812101086486,4.232277199394983,BlackPETG
-2.6454162532221956,-0.41621198347393706,BlackPETG
-0.43509656042040945,6.702208184721166,BlackPETG
-2.2409206751720143,-0.46037781777727377,BlackPETG
-0.03190241112385878,6.703904668052864,BlackPETG
-2.367832159099892,-0.4022985241861347,BlackPETG
-0.1521783513963442,6.75761127586228,BlackPETG
-2.225534870137503,-0.24229400596581757,BlackPETG
0.04251375633078895,7.092077924883898,BlackPETG
-2.9064136764379986,-0.21043699723235604,BlackPETG
-0.7283962575013156,7.01007450000123,BlackPETG
-2.5651913326877995,-0.348065536422185,BlackPETG
-0.3538091873247309,6.767053713877849,BlackPETG
-2.6857260174030633,-0.33164272291922164,BlackPETG
-0.5122211328997415,6.842860793302085,BlackPETG
-2.6683290605386816,-0.37174513408633375,BlackPETG
-0.509435403537072,6.7842895233987734,BlackPETG
-2.6416137607895056,-0.3261419997125117,BlackPETG
-0.47362440006064727,6.871855884651584,BlackPETG
-2.141695398569733,0.05003331315089985,BlackPETG
0.11464584140216863,7.479113069768591,BlackPETG
-2.444443603965312,-0.3585076943002682,BlackPETG
-0.23678671571087306,6.82503586377968,BlackPETG
-2.6393236107173563,-0.4373848523279704,BlackPETG
-0.49736697791476175,6.695143223729882,BlackPETG
-2.4063376643719514,-0.2909216633425335,BlackPETG
-0.2248431935701204,6.933181356104967,BlackPETG
-2.4231029840164355,-0.4380159470686867,BlackPETG
-0.2649796667709542,6.702570960446531,BlackPETG
-2.821465572319613,-0.33502943520805384,BlackPETG
-0.6575852504947141,6.8687046258276,BlackPETG
-2.914043444350872,-0.028014419839624057,BlackPETG
-0.7145495198784976,7.294099128078757,BlackPETG
-3.1908225257945517,-0.2666503600857118,BlackPETG
-1.0482893955972215,6.9014382678516215,BlackPETG
-3.1574688311575985,-0.2691698592089394,BlackPETG
-0.939130647793338,6.853946562682257,BlackPETG
-3.8896780224348375,-0.40863202100712803,BlackPETG
-1.7522266035300589,6.51353916744391,BlackPETG
-3.407467953290279,-0.216303011203245,BlackPETG
-0.997915374863425,6.92918951431629,BlackPETG
-3.163944889998669,-0.21218266399443864,BlackPETG
-1.0365891114217225,6.972440863017902,BlackPETG
-4.378862070352881,-1.55595373025253,BlackPETG
-2.391905831221434,4.461416747095052,BlackPETG
-4.2020196008019335,-1.5202653301409284,BlackPETG
-2.2449226702497946,4.468133819161894,BlackPETG
-3.5977167566820225,-0.20420149840970364,BlackPETG
-1.1813953073531411,6.926874138765823,BlackPETG
-3.244696678130167,-0.2096562727555891,BlackPETG
-1.1120045867422588,6.94520445304404,BlackPETG
-2.9467838228863643,-0.32304923662089247,BlackPETG
-0.7588592316036067,6.787862557734845,BlackPETG
-4.0929856434114305,-1.6208064890761482,BlackPETG
-2.1338449514013997,4.20143478340171,BlackPETG
-4.191093241804454,-1.6766647682787668,BlackPETG
-2.249123339022325,4.183578673629255,BlackPETG
-3.441716059570636,-1.2768131024850216,BlackPETG
-1.2895811283950915,5.13798006994159,BlackPETG
-2.6433779723569195,-0.8092397649402043,BlackPETG
-0.7480724968635447,6.020621783826667,BlackPETG
-3.31534317507139,-1.223322328802915,BlackPETG
-1.2435940442322388,5.248675580571477,BlackPETG
-3.3378408777278494,-0.5141568255716954,BlackPETG
-0.6544684045660732,6.4193886409850665,BlackPETG
-2.570820444533795,-0.5803377078006093,BlackPETG
-0.39213195982851795,6.5034385694195285,BlackPETG
-3.8151224011516103,-1.2114634826278945,BlackPETG
-1.742023549514922,5.144354338626947,BlackPETG
-3.3850772191073117,-1.1823300657822449,BlackPETG
-1.2946002522513882,5.127998073254324,BlackPETG
-2.7895340930980517,-0.9582676518272466,BlackPETG
-0.6215443114308269,5.686477259708715,BlackPETG
-2.847221304298481,-0.4779970821197149,BlackPETG
-0.6969182043139609,6.562586711585391,BlackPETG
-2.353288927906864,-0.48094396333492906,BlackPETG
0.007733220660720274,6.575902412223898,BlackPETG
-3.089959670924672,-0.9972487783508885,BlackPETG
-0.9834865622306428,5.608606908757279,BlackPETG
-1.5097230240776252,0.07569202199889734,BlackPETG
0.7849358461585145,7.691127119450794,BlackPETG
-2.9486724554390156,-1.0098656790323344,BlackPETG
-0.8061373614651193,5.586238490321529,BlackPETG
-2.5269564736182457,0.045104725981589315,BlackPETG
-0.20925010053797155,7.532392452947139,BlackPETG
-3.036861251402748,-1.219485460516604,BlackPETG
-0.9584998330778016,5.202655511688858,BlackPETG
-2.8231704177029693,-0.001229006587418306,BlackPETG
-0.49157837321869846,7.48487404501243,BlackPETG
-1.0674976247220855,-1.8233229902446435,BluePETG
-0.9464911781825903,-1.6683636640924726,BluePETG
-1.0801374556930603,-1.7087350522457054,BluePETG
-1.0171270115735662,-1.8443310465841354,BluePETG
-1.2615139109667952,-1.9848098646121648,BluePETG
-0.9324805320227169,-1.701236441014006,BluePETG
-0.9429797203517297,-1.5042139516974842,BluePETG
-0.6415117190330123,-1.3344472043195073,BluePETG
-1.0579040206554577,-1.3484193769592505,BluePETG
-1.036354418845859,-1.3156947103072028,BluePETG
-0.8356145218835999,-1.3422050999450668,BluePETG
-0.3437494083228422,-1.1917409119589433,BluePETG
-0.8034931477618776,-1.7493178395126607,BluePETG
-0.8254424242692482,-1.8676758936602456,BluePETG
-1.0720412712435865,-1.7470213719925438,BluePETG
-0.8160356943669548,-1.604548263336596,BluePETG
-1.0369238692355502,-1.652910551724898,BluePETG
-0.8203099261021891,-1.5957626779206626,BluePETG
-0.8510081144533581,-1.7294197990846782,BluePETG
-0.7335838905159351,-1.2684317612415048,BluePETG
-0.7945622171578471,-1.2894745652511819,BluePETG
-0.55183636362697,-1.1821061716574268,BluePETG
-0.790975443098816,-1.2872930217363647,BluePETG
-0.5745541093927009,-1.2609791329992566,BluePETG
-0.21140596124856434,-1.0263598682544721,BluePETG
-0.7103516767395728,-1.3243772921025259,BluePETG
-0.7778092099556264,-1.3897428110143488,BluePETG
-0.7542086086592105,-1.3381264744827737,BluePETG
-0.8498059449316989,-1.3438102542599724,BluePETG
-1.0658995792645463,-1.4045752655116972,BluePETG
-0.7792810066785657,-1.2142403011344176,BluePETG
-0.7684150388772435,-1.2220230707962527,BluePETG
-0.2698764656250988,-0.9964484745268674,BluePETG
-1.0844827140139182,-1.5552261401853367,BluePETG
-0.8346953688009714,-1.4525113760309936,BluePETG
-1.0444283606431066,-1.5940859711262012,BluePETG
-1.0327912876238314,-1.5542172786452142,BluePETG
-0.8103219085615491,-1.4581783712904854,BluePETG
-0.3005464625108354,-1.1659462534648732,BluePETG
-0.7773463135783003,-1.3615734528801178,BluePETG
-0.966273804683156,-1.4409088582921674,BluePETG
-0.5265003091187901,-1.2709687108680758,BluePETG
-0.7259749209342778,-1.3820288964734488,BluePETG
-0.589513259867023,-1.5624096708254809,BluePETG
-0.7369243424147849,-1.5216495985155036,BluePETG
-0.7733336465609905,-1.4761785577557798,BluePETG
-0.777244064792588,-1.3746523736858856,BluePETG
-0.8027396307794686,-1.370195128518938,BluePETG
-0.6481087515789227,-1.4450061595634356,BluePETG
-0.8077990152296507,-1.3998369237400397,BluePETG
-0.6236800653009731,-1.442010791640061,BluePETG
-0.8989245056289519,-1.358651842656915,BluePETG
-0.6187813102127812,-1.2812397883381363,BluePETG
-0.5255079190627312,-1.1011613932348183,BluePETG
-0.27471457759336276,-1.0631062643636056,BluePETG
0.23289934113505995,-0.812170943037157,BluePETG
0.338815413680956,-0.7880504487805431,BluePETG
0.9009519211314497,-0.8044649609199689,BluePETG
0.9639839669923433,-0.5681887911151906,BluePETG
-0.24068258478683707,-1.863755363541336,BluePETG
1.6562644910296749,-4.328887972115697,BluePETG
-0.7840971984395807,-3.680267205136225,BluePETG
-1.1806510043269962,-3.295888695709766,BluePETG
-0.5263994090624403,-3.8311343898166,BluePETG
0.2519445341551827,-2.3421210578120317,BluePETG
-0.6690163064064092,-1.5080994243159815,BluePETG
0.31834387716661394,-0.8270760890329402,BluePETG
0.29127574147357066,-0.8652731181193819,BluePETG
0.13704049232425533,-1.0185606503708926,BluePETG
-0.2731607034676649,-1.005950567025966,BluePETG
-0.6224473096455067,-1.2236792075458904,BluePETG
-0.8247612358675478,-1.4655641432703348,BluePETG
-0.7872874981458615,-1.473888639681652,BluePETG
-0.7133389103910266,-1.4294629335570592,BluePETG
-0.7616460516496028,-1.3512167964617998,BluePETG
-0.7207664008037762,-1.3411208672522918,BluePETG
-0.7422910613438489,-1.0513467773442358,BluePETG
-0.8184238049376005,-1.1317351402563043,BluePETG
-0.7410124613487266,-1.3543667992566752,BluePETG
-0.7801286247935938,-1.6772281382122733,BluePETG
-0.4809960206809022,-1.5211996469268263,BluePETG
-0.5415384961993466,-1.5108684670045402,BluePETG
-0.6121430042996386,-1.3767870906043156,BluePETG
-0.6892112221498412,-1.2636201127751805,BluePETG
-0.622235074897906,-1.24179544216664,BluePETG
-0.5930762708302415,-1.0937305161834887,BluePETG
-0.757837790276457,-1.1848192244970075,BluePETG
-0.669143688553474,-1.2934517123248264,BluePETG
-0.4702555505934976,-1.4290998764168454,BluePETG
-0.5957584102746617,-1.3728168332178787,BluePETG
-0.8978950464970543,-1.5574822573230251,BluePETG
-0.709818372851321,-1.446157554271547,BluePETG
-0.7335104327035715,-1.2779135326927789,BluePETG
-0.7673741428247799,-1.231915464095324,BluePETG
-0.7968288732831642,-1.2337913915137495,BluePETG
-0.7673654136284228,-1.2738945088768625,BluePETG
-0.23386836857938928,-1.1431189726743223,BluePETG
-0.612502386713012,-1.5043037112704856,BluePETG
-0.5667080248366527,-1.5297878899042363,BluePETG
-0.6747561634942137,-1.5219918646659385,BluePETG
0.24362134846932457,-0.4950223557145467,GreenPETG
0.09714541815732028,-0.41160424392634565,GreenPETG
0.24407812456349376,-0.5814181569078332,GreenPETG
0.02851269939850048,-0.6439950867390157,GreenPETG
0.3094193150777636,-0.43988291520339523,GreenPETG
0.31496573098754743,-0.4754723079336586,GreenPETG
0.05581172020408964,-0.5178532613646616,GreenPETG
0.44593622912431696,-0.16972536783810122,GreenPETG
0.7738317139505968,-0.5752799261773929,GreenPETG
0.13723835369668563,-0.4548380450753035,GreenPETG
0.6495102705303831,-0.1693447450661706,GreenPETG
0.21455537568240943,-0.46793819480650045,GreenPETG
0.4955731851916261,-0.4583949900344835,GreenPETG
0.6305459058128708,-0.3553479840449606,GreenPETG
0.5544570482623821,-0.2911379377643912,GreenPETG
0.7049733699884921,-0.41422562346895353,GreenPETG
0.18033328013079142,-0.4814962792044626,GreenPETG
0.45492379033267444,-0.3686685165791172,GreenPETG
0.36647282461730374,-0.3885218895733434,GreenPETG
0.26441899353075615,-0.43274204014615464,GreenPETG
-1.505337275192618,-0.6885841229974071,GreenPETG
-1.567034149135348,-0.7960264505052006,GreenPETG
-1.588099468572513,-0.8238802174941534,GreenPETG
-1.6037291296890968,-0.8621400331525012,GreenPETG
-1.4175733728987263,-0.9028053507317064,GreenPETG
-1.57929259528627,-0.8723982503586002,GreenPETG
-1.3634707780286837,-0.9095913720240767,GreenPETG
-1.0452262915597008,-0.5921540608352164,GreenPETG
-1.5410458780283847,-0.9139190888592236,GreenPETG
-1.4766212420900382,-1.0312974892401072,GreenPETG
-1.4470781971694684,-1.0150310004378855,GreenPETG
-1.4939902140264953,-0.9700956014816565,GreenPETG
-1.434232688167356,-0.9597456103759183,GreenPETG
-1.4186801638131974,-0.9409932235825,GreenPETG
-1.8181738072676628,-1.1783444106498224,GreenPETG
-1.664625878614194,-1.0015691494076107,GreenPETG
-1.5894911288183806,-0.9700370793566839,GreenPETG
-1.6060435929196881,-0.9096981989021273,GreenPETG
-1.5755903402147522,-0.8433974436738777,GreenPETG
-1.5627931835222615,-0.6812198549742591,GreenPETG
-1.4720951906300737,-0.9635831587564403,GreenPETG
-1.9366010847011832,-1.2894425487328554,GreenPETG
-1.3746988884616138,-1.081406682244614,GreenPETG
-1.576756615042289,-1.1700708040784715,GreenPETG
-1.6233196465693993,-1.0517869768326404,GreenPETG
-1.1825988294376526,-0.8253277885668074,GreenPETG
-1.657536794038622,-1.048073659072711,GreenPETG
-1.7061272410154136,-1.3086036944103243,GreenPETG
-1.7030448339506623,-1.099960503174495,GreenPETG
-1.5653675459823626,-0.9955116452954856,GreenPETG
-1.7890932019777082,-1.1563223360758073,GreenPETG
-1.8356336164799167,-1.2912512872247996,GreenPETG
-1.6595544859584384,-1.1347327332232624,GreenPETG
-1.4186508601994363,-0.8691220595621569,GreenPETG
-1.4870048153328874,-0.786975161438705,GreenPETG
-1.4050732320644501,-0.8007378173387456,GreenPETG
-1.5720197358235353,-0.9334172290582053,GreenPETG
-1.6532223421171395,-1.0049468621951034,GreenPETG
-1.4599937452959912,-1.0420563705950447,GreenPETG
-1.5646192476218417,-0.8411462436362798,GreenPETG
-1.5561482860419422,-0.8145808697562149,GreenPETG
-1.841351968723967,-1.007928172265789,GreenPETG
-1.414285446748419,-0.8812373476965102,GreenPETG
-1.6196821213950814,-0.851201677715763,GreenPETG
-1.3821697982461223,-0.60044661310914,GreenPETG
-0.9042548472475749,-0.6298870760643737,GreenPETG
-0.7283524685211249,-0.581062727696173,GreenPETG
-1.3285757484104264,-0.5850770998173348,GreenPETG
-1.5220626858767268,-0.6798914754827213,GreenPETG
-1.260828663816882,-0.8703045131059403,GreenPETG
-1.3558320286453553,-0.7265523527880079,GreenPETG
-1.3460963535846482,-0.7005636120571611,GreenPETG
-1.444764284332628,-0.6647886846950738,GreenPETG
-1.5088381698267266,-0.7062098809353237,GreenPETG
-1.2994260711042047,-0.7182732075318654,GreenPETG
-1.4675573022065884,-0.8761547776663041,GreenPETG
-1.52968268393485,-0.9483775316426362,GreenPETG
-1.5520003576254382,-1.0873621945821224,GreenPETG
-1.3269625984112507,-0.6097681699095903,GreenPETG
-1.6014701033256713,-0.736041942313087,GreenPETG
-1.3985055634575358,-0.6447195085845038,GreenPETG
-1.7926908845293512,-0.7516398404103015,GreenPETG
-1.3899453743397099,-0.7501811470522829,GreenPETG
-1.534387991386527,-0.6993617723868258,GreenPETG
-1.4055684867553195,-0.8456704538440164,GreenPETG
-1.579431726663704,-0.8111237867767168,GreenPETG
-1.5539482935990734,-0.8128910811387566,GreenPETG
-1.6055928249639762,-0.8469672022776831,GreenPETG
-1.547483171917273,-0.77722037755918,GreenPETG
-1.3840372314865568,-0.8966187491367916,GreenPETG
-1.011137058838292,-0.452304913762922,GreenPETG
-1.498403250383676,-0.837847230984126,GreenPETG
-1.5194425679686758,-0.8541295635453249,GreenPETG
-1.5715649699472092,-0.8805333431055227,GreenPETG
-1.6071097795468434,-1.0101142612336562,GreenPETG
-1.7662114660846253,-0.9484186586294584,GreenPETG
-1.5667454630190438,-0.7881497863432191,GreenPETG
-1.4880427111271275,-0.6984723641282227,GreenPETG
-1.3089115873538177,-0.6007197693985762,GreenPETG
-1.6240479699261896,-0.7691851999458738,GreenPETG
0.7367169662028905,-1.3101583602407973,RedPETG
0.730204827038573,-1.1942244032139482,RedPETG
0.02841209079360976,-1.158686678169776,RedPETG
0.09923801285669122,-1.1693577237669621,RedPETG
0.0856980554402995,-1.2052913034323969,RedPETG
0.4966790814238573,-1.232091705577343,RedPETG
0.813568559110453,-1.1570201369933293,RedPETG
0.9983309816396717,-1.0249919317178124,RedPETG
0.7619715316894048,-1.2094925374567336,RedPETG
-0.47849969925603897,-1.4196165169647186,RedPETG
-0.4528317420800793,-1.5705990657710223,RedPETG
-0.0744967300721424,-1.1100154029345808,RedPETG
-0.4779632182302204,-1.2515358905635277,RedPETG
-0.31362819236776124,-1.183694987113098,RedPETG
-0.22509731331670313,-1.1158802553825418,RedPETG
-0.14357768777288749,-1.031485692858463,RedPETG
-0.3415881518051225,-1.1382508618730032,RedPETG
0.010989969358391357,-1.0455868597689757,RedPETG
0.011209461640898585,-1.0329132662108043,RedPETG
-0.01636022648811797,-1.0277329031852365,RedPETG
0.0010572243452321127,-1.064403399905456,RedPETG
-0.021382841319732813,-1.0641102343608906,RedPETG
-0.06863443872878339,-1.043742730821934,RedPETG
-0.06748018142545897,-1.1123926225566891,RedPETG
-0.20747190696098072,-1.287850944601031,RedPETG
-0.1591863150575572,-1.2121472848418324,RedPETG
-0.1612122666377077,-1.240994186540099,RedPETG
-0.16974679747703458,-1.3238280146398433,RedPETG
-0.7072177470456585,-1.5816150864902765,RedPETG
-0.2929173823928071,-1.4390546410853937,RedPETG
-0.438273290317662,-1.2904062578836208,RedPETG
0.7522522818879271,-0.9293943564627358,RedPETG
3.4792770305492837,-0.9546876634388436,RedPETG
4.8450937146698205,-0.9786083499372221,RedPETG
4.659169041226521,-0.8993009523336052,RedPETG
4.632834836309966,-0.8814816257956283,RedPETG
5.151849157297364,-0.8274914563590984,RedPETG
5.167222119904205,-0.6149479368756028,RedPETG
3.164493622579111,-0.7637547635444042,RedPETG
0.6115041175945176,-0.9856123117787619,RedPETG
0.886199739780369,-1.0432534697173816,RedPETG
1.1321782686768878,-1.0231697052461564,RedPETG
1.4260883382162002,-1.011990484678028,RedPETG
1.284017165875035,-0.9939310071294611,RedPETG
1.3986122292187149,-1.024718897834701,RedPETG
1.3857182516971507,-0.9775535519933144,RedPETG
1.416667679232714,-0.9747479138668321,RedPETG
1.4587417563690435,-0.9670303986073023,RedPETG
1.543952457998552,-1.144956683482734,RedPETG
1.7854969188436753,-1.0825967389332223,RedPETG
2.483608522291109,-1.198886388632947,RedPETG
3.1400594350438196,-1.1237521666480663,RedPETG
3.182476609411433,-1.0681093903619907,RedPETG
2.907497885818296,-1.0019617000370766,RedPETG
3.3186771640635566,-0.6787518277950215,RedPETG
2.177213897306935,-1.0577281957042028,RedPETG
2.22215063242265,-0.9662204728158332,RedPETG
0.5638307924668648,-1.023217725576427,RedPETG
-0.0635256403506548,-1.1826558960395162,RedPETG
-0.008419171757589165,-1.2713159757398664,RedPETG
0.0317684310558679,-1.2304288984890694,RedPETG
1.0958048860129492,-1.041481893450631,RedPETG
0.9868447999066521,-1.0625472120740262,RedPETG
1.0479206373910293,-1.0034153568889845,RedPETG
1.293394466480475,-1.088518297352184,RedPETG
1.419640174998581,-0.9081528288817393,RedPETG
2.0491297729879965,-0.7215589753184057,RedPETG
1.2715969256305746,-1.078263780488327,RedPETG
1.5362348861848183,-0.9208963023477,RedPETG
1.2550697958362418,-1.1192369206372803,RedPETG
1.5449258476101326,-0.9850810648296039,RedPETG
1.1391637573180042,-0.9965215571610377,RedPETG
1.612168101150113,-0.8924183577216682,RedPETG
-0.18152668562573213,-1.51971212169648,RedPETG
-0.17797715167237976,-1.3231333637124232,RedPETG
0.34197893072562724,-0.7037125922191128,RedPETG
3.435091622062067,-0.8132294772169164,RedPETG
3.4143492561237068,-0.8962852535082556,RedPETG
0.9543167748013044,-0.9702705788625194,RedPETG
-0.09871368249711587,-0.9982642836938187,RedPETG
0.5519711154998346,-0.8331656383550919,RedPETG
0.15102224041415976,-1.061394582932416,RedPETG
0.24060695620756894,-0.993847494340706,RedPETG
0.25452786846398995,-1.017172994414936,RedPETG
0.36723613383500175,-1.0759475703541672,RedPETG
0.6377794249145211,-0.9672754605111795,RedPETG
0.7542961703821174,-0.9770995046103285,RedPETG
0.3659017005551391,-1.05754630000403,RedPETG
0.7396318897228364,-1.0720305093380371,RedPETG
0.3452892263682757,-1.102995671150479,RedPETG
1.3287104125203337,-0.6702808193290549,RedPETG
0.9917175185050247,-0.8909359364368075,RedPETG
1.123441120668864,-1.0000391055828461,RedPETG
1.226383377339081,-0.8948601646402721,RedPETG
0.8744337363489941,-0.9303648171275867,RedPETG
1.0665946464972178,-1.0139257250675326,RedPETG
1.0674103993486372,-0.9835011803343982,RedPETG
3.121012452628611,-0.8799580827977833,RedPETG
2.665058587697053,-1.212755291800444,RedPETG
3.584864857097561,-0.9341794407950497,RedPETG
6.845739876143259,-0.10396679500483125,WhitePETG
6.626516145422448,-0.05050930771769852,WhitePETG
6.894527334397239,0.19566856169312635,WhitePETG
6.896257235978856,0.17936379315469103,WhitePETG
6.585196359471586,0.05074396960249468,WhitePETG
6.621174554569109,0.08730188267815583,WhitePETG
6.949969087985036,0.25458856329052365,WhitePETG
6.7697877252898655,0.027779414334941754,WhitePETG
7.23668787747588,-0.03838910111611135,WhitePETG
7.383647413575421,-0.13378021902155485,WhitePETG
7.694074850688369,-0.3454746643027869,WhitePETG
7.610000312675869,-0.3230560580909997,WhitePETG
7.670957398304529,-0.31215961476716186,WhitePETG
7.912497319788849,-0.36894776234523446,WhitePETG
7.559957677757592,-0.2242311512846847,WhitePETG
7.7464674997653225,-0.11861804780374506,WhitePETG
7.731976189006982,-0.061198449544468465,WhitePETG
7.877676108469676,-0.017704081716854086,WhitePETG
7.721037125217059,-0.08155189484221699,WhitePETG
7.934398976635288,-0.022894158629706084,WhitePETG
7.677715231772839,0.0356778412857162,WhitePETG
8.053394599797878,-0.160457095853858,WhitePETG
7.943947874512874,-0.2643387335398933,WhitePETG
7.662971763206877,-0.06530716348928352,WhitePETG
7.549692037243047,-0.3307231934207573,WhitePETG
7.587020604668739,-0.33885975914290456,WhitePETG
7.441002228617207,-0.25310560803418425,WhitePETG
7.826104592371251,-0.11449589924369481,WhitePETG
7.759927190474079,-0.13911901442311822,WhitePETG
7.8732500610021425,-0.27391082484554957,WhitePETG
7.761954260915353,-0.1737291329743836,WhitePETG
7.469270915417444,-0.49752196953882727,WhitePETG
7.46116715806923,-0.5264832666025371,WhitePETG
7.574330307784567,-0.6172895573000738,WhitePETG
7.453584166673208,-0.528800301976135,WhitePETG
7.389242921099057,-0.9544370220917937,WhitePETG
7.34627099754187,-1.2307938863561128,WhitePETG
7.043043154499616,-0.29528012520648567,WhitePETG
6.8767966187169485,-0.09454770924133156,WhitePETG
7.195271842152601,-0.4673957445282624,WhitePETG
6.501758929907037,-0.058150778806261676,WhitePETG
6.810315559936914,0.26249126663075695,WhitePETG
7.112655444798358,0.23009008879418624,WhitePETG
6.476868438561709,-0.16278177951376105,WhitePETG
6.648973241395596,0.017349143418742975,WhitePETG
6.22579392095345,-0.14973543072155707,WhitePETG
6.474181356119881,0.010555673650375411,WhitePETG
6.354874301650998,-0.04890280239362806,WhitePETG
7.4858327287320146,0.4903338801384998,WhitePETG
7.048084254190293,0.2694719314856692,WhitePETG
6.409194332789095,0.055065306550005265,WhitePETG
6.285467934238657,0.024816482397282714,WhitePETG
6.3849970074603375,0.14004159358780302,WhitePETG
6.973877830570795,0.034155910280862456,WhitePETG
7.833659174203874,-0.3357716275098975,WhitePETG
6.57698846770305,0.17328264549893357,WhitePETG
2.0897820932805833,-0.576358717030438,WhitePETG
1.1795449583619544,-0.48737820497054374,WhitePETG
1.50598335552859,-0.3201720613194352,WhitePETG
1.822990674013052,-0.36305005397147266,WhitePETG
2.895303154390847,-0.13380579372603846,WhitePETG
3.5415126632995615,-0.10806992081678579,WhitePETG
3.3113039384917116,-0.17607280425769156,WhitePETG
2.910690523678286,-0.4051660870064888,WhitePETG
2.7928294895049848,-0.40535072379091874,WhitePETG
2.3492434189047002,-0.30094796057247736,WhitePETG
1.7718889503766102,-0.380225917106312,WhitePETG
2.191372466462867,-0.22025614661492185,WhitePETG
2.384572079997323,-0.19464035045823272,WhitePETG
2.5554911167474272,-0.22314456732387147,WhitePETG
3.296158268323445,-0.19270758016850084,WhitePETG
3.4891042651225357,-0.09896444128200675,WhitePETG
5.100217362303594,0.07595075602726069,WhitePETG
5.133708947258272,0.08167425676153071,WhitePETG
2.8122107373681606,-0.16872730615112827,WhitePETG
2.253132073890483,-0.28734925327294764,WhitePETG
1.3027275857332334,-0.664798405358376,WhitePETG
1.1153025982806786,-1.280919925080711,WhitePETG
1.4564331863615572,-0.9710917749974853,WhitePETG
1.6977695566150053,-0.9006756733467594,WhitePETG
1.8080761553514226,-0.7583163427837958,WhitePETG
1.5283257905199885,-0.8184840385423664,WhitePETG
2.4488212650868517,-0.6291843390255467,WhitePETG
3.891284718917087,-0.9007064017794794,WhitePETG
4.467012570844213,-0.8618997539479835,WhitePETG
4.670787209198405,-0.9099075926238175,WhitePETG
4.469075153159029,-0.8898100486365498,WhitePETG
4.317476014654919,-0.8521975017287271,WhitePETG
3.53214175983145,-0.8423614437808884,WhitePETG
2.1348566730751597,-0.9290282309085054,WhitePETG
2.19646930984844,-0.701831646464852,WhitePETG
1.5792491080105884,-0.8613617278257781,WhitePETG
2.2564004836927984,-0.7385971544490993,WhitePETG
2.913574156161192,-0.9453916061393557,WhitePETG
3.588433725090783,-0.9435185696129914,WhitePETG
5.137423527296498,-0.8456959456755676,WhitePETG
2.9712239234763853,-0.8538569609876666,WhitePETG
1.5035736228967147,-0.7787098741606648,WhitePETG
1.8193100235329167,-0.9031381528356037,WhitePETG
4.101273801134393,-0.629330004446788,WhitePETG
-2.8046233257347515,-1.6425964049501878,BlackPLA
-3.145323482898769,-1.6916413990692536,BlackPLA
-3.12134184433512,-1.6798010865373227,BlackPLA
-2.867595501652124,-1.5236175975736275,BlackPLA
-2.7883767078234802,-1.6168080478002635,BlackPLA
-2.603389629337214,-1.5863949592538087,BlackPLA
-2.7419726340140476,-1.6645599240932245,BlackPLA
-2.647923592646692,-1.6286358273277775,BlackPLA
-2.8586691293907434,-1.6166367666889225,BlackPLA
-2.888354610436803,-1.6823697669964415,BlackPLA
-2.395960331597643,-1.3141665186039262,BlackPLA
-2.8655423806551044,-1.536084958117549,BlackPLA
-3.064690165040071,-1.623740931536538,BlackPLA
-2.8315990659353893,-1.4911532194926247,BlackPLA
-2.849717440402722,-1.5627240823261772,BlackPLA
-2.366665705479765,-1.2183430849250656,BlackPLA
-2.3801875057628368,-1.2528031672026974,BlackPLA
-2.78546426196223,-1.6334164609583923,BlackPLA
-2.28927150843741,-1.4012288944130629,BlackPLA
-2.775483592519427,-1.5293849691554677,BlackPLA
-2.787407511717476,-1.5061577810083409,BlackPLA
-2.9239956555304185,-1.570168196029399,BlackPLA
-2.981237516331083,-1.5023767636426664,BlackPLA
-3.302750283683555,-1.6546580011401972,BlackPLA
-3.0329023003403552,-1.4374907697866492,BlackPLA
-2.9968958239781425,-1.4616977497198713,BlackPLA
-2.820456422788264,-1.6307201515662944,BlackPLA
-2.9331051845807314,-1.6693692259063229,BlackPLA
-2.90362557475458,-1.9684483652360154,BlackPLA
-3.094774893553834,-2.244489171634811,BlackPLA
-3.1517638236496475,-2.391422485636891,BlackPLA
-3.213737605344736,-2.577430607187443,BlackPLA
-3.28633383680502,-2.6290116874243017,BlackPLA
-3.262771095380972,-2.4244787832654313,BlackPLA
-3.2430899778631206,-2.2235399514344905,BlackPLA
-3.2363614888475625,-2.1673364882166384,BlackPLA
-3.1903587752903144,-1.9480835960241272,BlackPLA
-2.809021648014957,-1.9594486854463449,BlackPLA
-2.9327632980120253,-1.8151750369589146,BlackPLA
-2.905490201432721,-1.83337882010656,BlackPLA
-2.9385495024498365,-1.9092382661348688,BlackPLA
-2.931024467279414,-1.828554175496922,BlackPLA
-2.942302887380454,-1.8360966888916797,BlackPLA
-2.4865868580874073,-1.663802777683036,BlackPLA
-2.9614148041159654,-1.9965151790373379,BlackPLA
-3.206477088739322,-2.178014395762185,BlackPLA
-2.7350941553308825,-2.113921439378702,BlackPLA
-3.1875767958543832,-2.3073960372491724,BlackPLA
-3.185844653524182,-2.18640158553855,BlackPLA
-2.9069824524278673,-1.9070897475239912,BlackPLA
-2.8025841289134683,-1.7671211238143143,BlackPLA
-2.7087488015417773,-1.6882686586834366,BlackPLA
-2.9045433520387083,-1.7744480437801486,BlackPLA
-2.5806690568262654,-1.6933774610961663,BlackPLA
-2.589018252641146,-1.9256895833477996,BlackPLA
-3.0900091115229844,-1.9829650823024996,BlackPLA
-2.85804892003354,-1.8211926635561067,BlackPLA
-2.706671296866432,-1.8947095354846788,BlackPLA
-3.0196883363946063,-2.22644219332071,BlackPLA
-2.9237361208281607,-1.533029043527711,BlackPLA
-2.9087843021252953,-1.4176187564757372,BlackPLA
-2.8880475318353582,-1.43809215615995,BlackPLA
-2.8642643665981176,-1.4370695805724176,BlackPLA
-2.8587692546485064,-1.381680682063563,BlackPLA
-2.8493049601230753,-1.380209395113312,BlackPLA
-2.8749927695924953,-1.4174830492218973,BlackPLA
-2.839666487618122,-1.4453920695798146,BlackPLA
-2.6898476537845712,-1.5997213988875911,BlackPLA
-2.86829511284806,-1.5216200305956524,BlackPLA
-3.095245197096775,-1.7035566995709293,BlackPLA
-2.867278730625384,-1.615952050114387,BlackPLA
-2.868211783476737,-1.526236626718982,BlackPLA
-2.8642697584263503,-1.470046506694462,BlackPLA
-2.865544319756685,-1.4585290510908648,BlackPLA
-2.7256912846567163,-1.5788407916187095,BlackPLA
-2.6706620587903123,-1.4918847719320012,BlackPLA
-2.851115193798578,-1.5096412859757946,BlackPLA
-2.8360921873487572,-1.5294580579063848,BlackPLA
-3.086086333307651,-1.5892633747435732,BlackPLA
-3.080992807438642,-1.6222830668361374,BlackPLA
-2.3994859061215785,-1.2572831068146115,BlackPLA
-3.060415091087371,-1.701511528180176,BlackPLA
-2.79414882267884,-1.596852483349028,BlackPLA
-2.6056798028655797,-1.6554232733928993,BlackPLA
-2.5918822819388616,-1.6781182366728828,BlackPLA
-2.725792040724645,-1.521718447578294,BlackPLA
-2.901712514758291,-1.4354013529285352,BlackPLA
-2.8816497030389026,-1.3920513778410795,BlackPLA
-2.882515627946226,-1.4473995269280158,BlackPLA
-2.890696652188442,-1.4625136554259766,BlackPLA
-3.103394810639528,-1.5221832919656801,BlackPLA
-2.848204080046971,-1.3723687019700987,BlackPLA
-2.814438022797118,-1.3552403630373309,BlackPLA
-2.775551546010162,-1.3780736249623045,BlackPLA
-2.97217001192979,-1.5123579765876038,BlackPLA
-3.11514841455397,-1.5214049183583567,BlackPLA
-2.876693056165944,-1.3791844328884633,BlackPLA
-2.741102122276807,-1.4767242761591088,BlackPLA
-2.7465390494049493,-1.5144557209657046,BlackPLA
-2.219093761735241,-1.4913494842574517,BlackPLA
-1.706773457634573,-1.301060649818737,BluePLA
-1.6492969300908449,-1.2206957594682133,BluePLA
-1.6965257422841038,-1.3000655257918199,BluePLA
-1.7124148421465086,-1.4152251707758434,BluePLA
-1.7456585856723987,-1.4857545833291979,BluePLA
-1.6822825664552075,-1.417637825991648,BluePLA
-1.595895199076681,-1.4044119869972247,BluePLA
-1.3658616118103362,-1.320207167173125,BluePLA
-0.9837084321614058,-1.2090298528648638,BluePLA
-0.4216914978538885,-0.8986498680177153,BluePLA
-0.669083989052042,-1.2295502293965004,BluePLA
-0.7239325750210217,-1.1399319148813138,BluePLA
-0.6976706647359184,-1.0784982469344344,BluePLA
-0.4658290772468237,-1.1633138723724852,BluePLA
-0.7659163196552348,-1.2220197474553571,BluePLA
-0.9809050857033352,-1.144091602736744,BluePLA
-0.8114251042630101,-1.1472768177315964,BluePLA
-0.9273653005276549,-1.1804550314284041,BluePLA
-0.5077232671843859,-1.0492735583908417,BluePLA
-0.4762706809878185,-1.1745189792762487,BluePLA
-0.6043667501538408,-1.0628719384278649,BluePLA
-0.37428109846736585,-1.0458745708558514,BluePLA
-0.4191199797220246,-1.134654630016298,BluePLA
-0.07576030150854283,-0.7820090613412594,BluePLA
-0.40138753557257295,-1.0561815142432627,BluePLA
-0.3803833776734115,-1.0423186893757501,BluePLA
-0.5863426662884651,-1.1795246750609045,BluePLA
-0.32864870608401403,-1.0112587228773124,BluePLA
-0.5512122417336548,-1.017904634375442,BluePLA
-0.016303132728507905,-0.7305713383442415,BluePLA
-0.6291594912752795,-1.0907357798139097,BluePLA
-0.78892956352606,-1.1930303206221873,BluePLA
-0.5616100968241565,-1.0674132346195704,BluePLA
-0.32480474594492104,-1.015653727407926,BluePLA
-0.3304042392425206,-1.072028124718823,BluePLA
-0.539164544937215,-1.0293564282889702,BluePLA
-0.2971948267228701,-1.006253307479099,BluePLA
-0.4924919748407767,-1.1090688996021643,BluePLA
-0.3787917600253729,-1.024157727706159,BluePLA
-1.7172754755702726,-1.5538554117047005,BluePLA
-1.6466956366713552,-1.2660727494009676,BluePLA
-1.862304501513703,-1.3481826055006456,BluePLA
-1.640181372326577,-1.2580223590498747,BluePLA
-1.5885399248467371,-1.151072488032202,BluePLA
-1.375963925885912,-1.1100965486768637,BluePLA
-1.419840441712586,-1.2399135536070005,BluePLA
-1.5944778303889622,-1.1707273463960655,BluePLA
-1.3686075080485707,-1.1369954252216272,BluePLA
-1.364268478267922,-1.145945972656302,BluePLA
-1.43861822106477,-1.282609686566938,BluePLA
-1.5450876719105364,-1.2163239060508522,BluePLA
-0.9241474847904337,-0.9658360929246202,BluePLA
-1.3886980298853486,-1.3453236194162475,BluePLA
-1.5571639573833893,-1.2206299190759116,BluePLA
-1.8549173814928186,-1.3649156202988617,BluePLA
-1.560935887315271,-1.1958112449414193,BluePLA
-1.5697479733694297,-1.2407957945890917,BluePLA
-1.5758061074683771,-1.1752291855495536,BluePLA
-1.5569420804631176,-1.2120711598010536,BluePLA
-1.0744002059315796,-0.9441465414756867,BluePLA
-1.5734714013116315,-1.2194394350015796,BluePLA
-1.6005581925247703,-1.1252176043008508,BluePLA
-1.8133758714733228,-1.172066244157266,BluePLA
-1.121244706279775,-0.7995462756171677,BluePLA
-1.5909892504600855,-1.0716780637812484,BluePLA
-1.3905611652859748,-1.054453195790002,BluePLA
-1.608376052306639,-1.146343195196341,BluePLA
-1.8353482071686797,-1.3062342973142407,BluePLA
-1.4990060392301006,-1.0788302398399425,BluePLA
-1.4170305398220182,-1.0880470372567927,BluePLA
-1.3466752736896999,-1.2513056449355209,BluePLA
-1.7446795291164015,-1.2708386692249187,BluePLA
-1.5217848669451677,-1.1293335256480284,BluePLA
-1.521000216645137,-1.1192219756949489,BluePLA
-1.5710143917918773,-1.1142142086554736,BluePLA
-1.8291134306674726,-1.2664433963051969,BluePLA
-1.5831586601791736,-1.131740772483587,BluePLA
-1.5687755538085761,-1.1584511382832783,BluePLA
-1.4621238516078772,-1.1684277590478669,BluePLA
-1.137524888789261,-0.8652532558455974,BluePLA
-1.5693221308641048,-1.1856640324555334,BluePLA
-1.7256082538639521,-1.2292802475288855,BluePLA
-1.3762062753160853,-1.2892646487760602,BluePLA
-1.3458076214069732,-1.1991466973839222,BluePLA
-1.594944614878695,-1.13846286399665,BluePLA
-1.5245054464347734,-1.1750487584387872,BluePLA
-1.4812677267640515,-1.122541597147611,BluePLA
-1.4425958979390028,-1.129451506134877,BluePLA
-1.4399416860179748,-1.0970854196149205,BluePLA
-1.4272370028876635,-1.0979984691193663,BluePLA
-1.2370291082087568,-1.098074613990609,BluePLA
-1.4278841301193825,-1.1346621444476503,BluePLA
-1.665760413765796,-1.2551857768252574,BluePLA
-1.4701314057591368,-1.2845320163408176,BluePLA
-0.978551540596781,-1.1404334081624687,BluePLA
-0.42066601391413183,-0.9358297648314978,BluePLA
-0.3977085338808668,-0.9197692055653646,BluePLA
-0.1780210144728983,-0.9304709218308008,BluePLA
-0.10527696278704934,-1.0147292877712315,BluePLA
-0.24234874791672453,-0.9524158029451715,BluePLA
-1.055926315715226,-0.6612922210773308,GreenPLA
-1.233681088845586,-0.7183359337578061,GreenPLA
-1.0772006854150733,-0.6753492896923884,GreenPLA
-0.9795266581405504,-0.6441483596047837,GreenPLA
-1.1813731651251547,-0.6975681209403465,GreenPLA
-0.9604354186732724,-0.6133581777074638,GreenPLA
-0.9824315502320262,-0.6868995370501527,GreenPLA
-0.9807402247717831,-0.6577711510580545,GreenPLA
-0.9855621106703722,-0.6083991300081439,GreenPLA
-1.248065041199036,-0.8013550435200699,GreenPLA
-0.9837774785512177,-0.6886901089319798,GreenPLA
-1.23684031957073,-0.8128232730641605,GreenPLA
-1.193762101190144,-0.7116450372533922,GreenPLA
-1.2536626716498698,-0.8154771987631001,GreenPLA
-1.2343533282449546,-0.7090036359861729,GreenPLA
-1.0421269503512285,-0.6714549855305058,GreenPLA
-1.2783699828814508,-0.8001431886709595,GreenPLA
-1.0349223546056965,-0.6603298452891654,GreenPLA
-1.2100984606948635,-0.685929740987752,GreenPLA
-1.0263271319884275,-0.6538705310395175,GreenPLA
-1.2258455922295073,-0.6902802065300737,GreenPLA
-1.262687869860647,-0.8047250317027869,GreenPLA
-1.2152757579588396,-0.6618414478037218,GreenPLA
-1.0444005260101765,-0.7262662308680673,GreenPLA
-1.0731328287967195,-0.7642540849153485,GreenPLA
-1.2027811139415123,-0.6526523294729636,GreenPLA
-0.5112542147147123,-0.29407181443365604,GreenPLA
-1.2636858555555897,-0.7465420755747384,GreenPLA
-1.0045067353228885,-0.5889180970915728,GreenPLA
-1.01719130908084,-0.6182877337689316,GreenPLA
-0.9764487100416992,-0.6039090011415045,GreenPLA
-1.0159020608142186,-0.7248383085359581,GreenPLA
-0.982361312209695,-0.6733614736619692,GreenPLA
-1.287351027554714,-0.7501820400547246,GreenPLA
-1.073838321751483,-0.626208345620515,GreenPLA
-1.323271068394184,-0.8354797941648394,GreenPLA
-1.2678798294667513,-0.7681267539898178,GreenPLA
-1.342398725548065,-0.9330998159170849,GreenPLA
-1.2915879703084316,-0.8392502979961302,GreenPLA
-1.5325394690639524,-0.9678959890230636,GreenPLA
-0.7939385344634139,-0.5462697218619585,GreenPLA
-1.5096509424000746,-0.9024655791785844,GreenPLA
-1.0498081748617627,-0.64846858602332,GreenPLA
-1.1948354240063377,-0.7564864571329072,GreenPLA
-0.9014595148959523,-0.5552903664549189,GreenPLA
-0.7812682997510714,-0.5788294080908454,GreenPLA
-0.704491513057813,-0.5405328992181966,GreenPLA
-0.3032764385687641,-0.6314392254654083,GreenPLA
-0.6171280434424795,-0.694945359242273,GreenPLA
-0.8865333241197489,-0.7555825834142306,GreenPLA
-0.7944560162193645,-0.5983132053008715,GreenPLA
-0.9229238453863091,-0.7273433442282747,GreenPLA
-0.8739574486575681,-0.6070291352075481,GreenPLA
-0.8698627233120271,-0.6093923520529624,GreenPLA
-1.0485537167157377,-0.653283141059701,GreenPLA
-1.104007805523855,-0.7538475566731241,GreenPLA
-0.8738829295132957,-0.6005314216080605,GreenPLA
-0.8515819884756426,-0.5734515347570565,GreenPLA
-0.8584984475211954,-0.5634598985633346,GreenPLA
-1.0809128537598116,-0.6642755223270755,GreenPLA
-0.9278727636965085,-0.734110579527481,GreenPLA
-0.8630413419060887,-0.5971692939033308,GreenPLA
-0.8778511123728354,-0.6078344960060655,GreenPLA
-1.1430225418476405,-0.7824643396248923,GreenPLA
-0.6945263571213439,-0.6689070623859382,GreenPLA
-1.1448613418960802,-0.8011276000561823,GreenPLA
-0.8843775435441315,-0.607738963502869,GreenPLA
-0.9505525545870983,-0.7713306324155593,GreenPLA
-0.5951205279984808,-0.37660672867693984,GreenPLA
-0.9217692130580564,-0.6616140683779801,GreenPLA
-1.1201436511465388,-0.7149125947808993,GreenPLA
-0.9222296511963108,-0.7640576950555525,GreenPLA
-1.0947196692486276,-0.6787725242788102,GreenPLA
-1.191928265662686,-0.7950019131942174,GreenPLA
-1.1286435008370201,-0.6702111490488741,GreenPLA
-0.9759588960386305,-0.6565552160748354,GreenPLA
-0.9984626313139096,-0.7661404233231794,GreenPLA
-0.9630878282567219,-0.7064174679556956,GreenPLA
-0.9438232362347481,-0.609844689483711,GreenPLA
-0.9616323791979353,-0.6313889800003972,GreenPLA
-1.159363129637701,-0.6464529278012497,GreenPLA
-1.1954064727810068,-0.7056042237146766,GreenPLA
-1.1801703461431705,-0.6556030576152477,GreenPLA
-0.9677873865703286,-0.6828150759617831,GreenPLA
-1.2131286564722839,-0.7810873784135621,GreenPLA
-0.6015228582597736,-0.33566678623030016,GreenPLA
-0.899372974978409,-0.5884000239206606,GreenPLA
-0.8975211284014992,-0.7215880576344514,GreenPLA
-0.8552354616017859,-0.6232775074229582,GreenPLA
-1.1271590857058882,-0.7534139582636429,GreenPLA
-1.0498938510306022,-0.6655023977016542,GreenPLA
-1.0451106741776657,-0.7587783213275602,GreenPLA
-0.7633288175567308,-0.5906226820729914,GreenPLA
-0.6909403219128551,-0.5619719174705501,GreenPLA
-0.7853540371543855,-0.6226696039490934,GreenPLA
-0.9924273636300653,-0.7387105651239423,GreenPLA
-0.7483255986632671,-0.5828417175623285,GreenPLA
-0.9732887395988759,-0.6050820181803043,GreenPLA
-0.9680431519200428,-0.5769731517714255,GreenPLA
-1.2589620644662036,-0.700134149725648,GreenPLA
-0.2358682956426261,-1.3941243522541027,RedPLA
0.6962894317347688,-0.9355133135877378,RedPLA
0.11905282221050031,-1.176449062805521,RedPLA
0.09523258474854053,-1.2013626902039107,RedPLA
0.11210448862289561,-1.1885379049996438,RedPLA
0.2799691196031341,-1.3085645292649017,RedPLA
-0.11930664037160123,-1.356839898981158,RedPLA
0.4191613743563613,-1.1924083697949863,RedPLA
0.23237113591289357,-1.1066700444885433,RedPLA
0.1861004645849444,-1.1646114510332264,RedPLA
0.16428208164239683,-1.2247396695207884,RedPLA
0.04890638183391896,-1.1796366384956474,RedPLA
-0.10716917617608616,-1.2561875834730152,RedPLA
0.19758452406165894,-1.1168323083946465,RedPLA
0.4557419051407884,-1.0715206605996306,RedPLA
0.297126169292397,-1.0796898991976867,RedPLA
0.02479011256661488,-1.1839894633509398,RedPLA
0.21736982894554435,-1.1027890703966268,RedPLA
0.16875502858540492,-1.12364878292759,RedPLA
-0.1320386381409381,-1.2719791973539392,RedPLA
-0.1805473750510902,-1.3179150615879338,RedPLA
0.043267498223941214,-1.1906601381347857,RedPLA
0.050591055106944754,-1.2050314946640868,RedPLA
0.5648438689722173,-0.9855432423943322,RedPLA
0.042413663520377315,-1.2471452252331632,RedPLA
-0.03063945084318351,-1.309652045669109,RedPLA
0.20149028227224675,-1.3432105420295555,RedPLA
0.06924291262405231,-1.1863961111828736,RedPLA
0.2819943971128963,-1.2517262122619082,RedPLA
0.36982042277548566,-1.0943636643896821,RedPLA
0.43727415346580534,-1.052941282319349,RedPLA
0.14250432296841453,-1.2656475334721102,RedPLA
0.19330772114181125,-1.1284374263611108,RedPLA
-0.0645765196785173,-1.2734094286075912,RedPLA
-0.1469561715711487,-1.398614278425827,RedPLA
-0.15886476958090195,-1.4030422489243495,RedPLA
-0.15645304647691066,-1.4319012869227594,RedPLA
-0.14168370731826413,-1.4292321274571003,RedPLA
-0.19954439515930483,-1.5923486319177962,RedPLA
-0.13618380116317808,-1.4586071291359126,RedPLA
-0.13763184504884957,-1.4671773149037477,RedPLA
-0.40739206977264053,-1.606662218287528,RedPLA
-0.14788458620759004,-1.4684484154829394,RedPLA
-0.3240256806539006,-1.5779716315476517,RedPLA
-0.3147057578071327,-1.5403929931460052,RedPLA
-0.05969783154058053,-1.395208838100565,RedPLA
0.042931299252546254,-1.389344901393064,RedPLA
0.3389322463690541,-1.4821353659200285,RedPLA
0.1336347659205536,-1.3295650925711127,RedPLA
0.4461087920859827,-1.1990677259200198,RedPLA
1.200238868266277,-1.076873025734755,RedPLA
1.8597117126576208,-1.1861115123385944,RedPLA
3.2555011060154846,-0.7949642296965523,RedPLA
3.3026564823117943,-0.972073661806543,RedPLA
3.91698862444327,-0.6867149645939483,RedPLA
3.929716587165204,-0.7143119615681668,RedPLA
4.2156712160685625,-0.6032359090013338,RedPLA
4.648221302157558,-0.36331932538155687,RedPLA
4.220627896254966,-0.7334270767822242,RedPLA
4.063322092476731,-0.6723021411846821,RedPLA
4.170862835351906,-0.6610547139069394,RedPLA
4.410882609691791,-0.6220764558647738,RedPLA
4.786165310392747,-0.42925300386408866,RedPLA
4.872321743856601,-0.7468196634566129,RedPLA
4.823740985449946,-0.6842798016290423,RedPLA
4.832151273771759,-0.6800118780997104,RedPLA
5.478327439011672,-0.42219596282868,RedPLA
4.6450580593954,-0.6164448731135095,RedPLA
4.567456015547106,-0.647838920536564,RedPLA
5.2831262920787,-0.4067183164680478,RedPLA
4.580852067547737,-0.6843185245812344,RedPLA
4.561626836774588,-0.672742156668332,RedPLA
4.898058649801082,-0.7780783137447891,RedPLA
4.735193395548738,-0.6519506195198206,RedPLA
4.876773794125997,-0.6850501747301292,RedPLA
4.841852214520013,-0.9638558647629033,RedPLA
5.192397894674368,-1.0178711939921499,RedPLA
5.192684567306637,-0.7172826333665083,RedPLA
5.16560551127655,-0.7394126841145334,RedPLA
5.4555151999490406,-0.8532708920327872,RedPLA
5.193017156856058,-0.8122995950225813,RedPLA
4.986794168460511,-0.8967232294671229,RedPLA
5.225566996795917,-0.9141805073349534,RedPLA
4.976711289536107,-0.8971997092681845,RedPLA
5.479668448238454,-1.0831686239156302,RedPLA
5.260416761626828,-0.9720054507273251,RedPLA
5.090796674025099,-1.106324854865469,RedPLA
5.461395922583506,-0.9117921372757177,RedPLA
5.194996156294596,-0.9395733101411793,RedPLA
5.279529175500352,-0.9202054604841844,RedPLA
5.522151956017141,-0.8191263165641952,RedPLA
5.254077265902812,-0.8775397570733595,RedPLA
5.220286042111846,-0.9153873584609897,RedPLA
5.465653877768356,-0.7879202343268944,RedPLA
5.482073598999469,-0.7681194794028192,RedPLA
5.1145186015221125,-0.9379667819672856,RedPLA
4.758950339464083,-0.9119994502662973,RedPLA
1.9637858178307026,-0.6383980745828234,RedPLA
-0.19747449278164142,-1.1699252371385493,RedPLA
-0.2283828279241994,-1.2123022637891823,RedPLA
3.274298859474179,-0.34968611801115534,WhitePLA
3.2794223657587094,-0.27164420845106646,WhitePLA
4.203951152366924,0.03647381024399945,WhitePLA
4.0291373731769315,-0.20715211220138258,WhitePLA
4.270923429915748,-0.15714942790939662,WhitePLA
3.6571622458838395,-0.14962150764603255,WhitePLA
3.4858252441180966,-0.15391656647456103,WhitePLA
3.113851159607706,-0.23275694241355058,WhitePLA
3.2056361602081718,-0.0375452412930492,WhitePLA
2.721616854943824,-0.17473922456634958,WhitePLA
2.3961098222528037,-0.2516975833091222,WhitePLA
2.5188578881161665,-0.19787684564560412,WhitePLA
3.2209836081831544,-0.13798791117512604,WhitePLA
3.3738077222800924,-0.28193136711761146,WhitePLA
3.972493154176355,-0.1286977204779609,WhitePLA
4.163329978306824,-0.1359291234388025,WhitePLA
3.959574474501064,-0.2274475967749605,WhitePLA
4.206137162467492,-0.1588433020907092,WhitePLA
4.1290932731756,-0.10963956516790013,WhitePLA
3.987814408361063,-0.22908652900236756,WhitePLA
4.446759624518588,-0.04374148530010628,WhitePLA
4.38757617907629,-0.02277464737920979,WhitePLA
3.6248371978531857,-0.2680747866700145,WhitePLA
4.549107682233689,-0.11243567829576034,WhitePLA
5.300953458923399,0.1534708227864144,WhitePLA
5.243262887775203,0.12101065341845473,WhitePLA
5.526461105382072,0.25465192933193137,WhitePLA
5.666550213883152,0.13050017953163393,WhitePLA
6.169044609158051,0.5535310088766119,WhitePLA
5.026491956082441,0.10411320997012417,WhitePLA
1.2930179817690683,-0.428673957383925,WhitePLA
0.9985593891751349,-0.4783011719531634,WhitePLA
0.95133389892226,-0.598728548394135,WhitePLA
1.4987075211522263,-0.37748929707351375,WhitePLA
1.69824405429485,-0.4610920211625972,WhitePLA
2.120648592253456,-0.31978110932832166,WhitePLA
2.1499388012758094,-0.3283462581318692,WhitePLA
2.5517570022500515,-0.3397359379475988,WhitePLA
2.741979882503592,-0.3979992590177684,WhitePLA
2.570813877859145,-0.29885086195337324,WhitePLA
2.5920548035998645,-0.27896486196965914,WhitePLA
2.2728262247571895,-0.45148110425592014,WhitePLA
2.5554996025333585,-0.2753816673635838,WhitePLA
2.5645438703920993,-0.4307329262392154,WhitePLA
2.3432069880759996,-0.40624842319755333,WhitePLA
1.9437450926373734,-0.36334450975895727,WhitePLA
1.860495719451164,-0.4780157395681085,WhitePLA
1.7788705199399495,-0.4248529916725686,WhitePLA
1.4656426728760437,-0.6156884213431141,WhitePLA
1.1792546038649967,-0.5081060213247423,WhitePLA
1.2007440666507672,-0.5593713534304423,WhitePLA
0.9520859748356663,-0.521407723880918,WhitePLA
0.6853130155284546,-0.6563535879515867,WhitePLA
0.9326193671810384,-0.5544816879951835,WhitePLA
1.07475205711606,-0.6099583015538321,WhitePLA
1.6601401408336351,-0.48886896169587046,WhitePLA
2.1978949008441795,-0.39312772133718127,WhitePLA
2.457513735532167,-0.2471203302457345,WhitePLA
2.1474232464785548,-0.30624828021410927,WhitePLA
2.0575207776905278,-0.3211808846565317,WhitePLA
2.0843303832312445,-0.29129573532502684,WhitePLA
2.7619044417876566,-0.18090204419605113,WhitePLA
2.6415359382182215,-0.3603261238238792,WhitePLA
2.1707805283708717,-0.41780910050754544,WhitePLA
2.5185617760870294,-0.23912933538551642,WhitePLA
4.214911711514523,-0.09278479864811114,WhitePLA
4.010948111095835,-0.18046378313187686,WhitePLA
4.094745369113003,-0.0598966775744162,WhitePLA
3.6623524380438406,-0.12400559298466342,WhitePLA
3.996009962422559,-0.021865191933466817,WhitePLA
4.20792384540516,0.01765042735736802,WhitePLA
3.8014628664554397,0.021477162910374357,WhitePLA
1.47928802330069,-0.2372659466698312,WhitePLA
1.3293584711427646,-0.23092210863145518,WhitePLA
1.332258009739824,-0.20554654621351404,WhitePLA
0.9332152892171379,-0.417481833797169,WhitePLA
1.2094917846139692,-0.23337646313340546,WhitePLA
2.094378089964168,-0.6189239793931555,WhitePLA
2.5435726946970765,-0.23304538654853185,WhitePLA
1.7036265147555012,-0.464238436257913,WhitePLA
1.8343283380139235,-0.3474306365467133,WhitePLA
1.8009641653343407,-0.3115495334013504,WhitePLA
1.674241261745473,-0.34563451963931896,WhitePLA
1.7961200371766999,-0.3715396304709325,WhitePLA
1.8252930051023262,-0.38446629654298414,WhitePLA
1.7560909796990756,-0.4428193111979851,WhitePLA
1.6223030133454828,-0.4666654652531274,WhitePLA
1.6695184684085964,-0.44992703097800724,WhitePLA
1.8308593191570732,-0.47786572443581465,WhitePLA
2.1015527452327674,-0.47907934322446966,WhitePLA
2.2013031709620496,-0.529769900980088,WhitePLA
2.072385538338371,-0.7371152335281475,WhitePLA
2.3362038261692373,-0.7938318155655105,WhitePLA
2.2113669966066247,-0.7402336653435018,WhitePLA
1.783102726597162,-0.7054246154736945,WhitePLA
1.65383371095675,-0.6532844987374705,WhitePLA
2.110061555253369,-0.4194426978828588,WhitePLA
1.5411502383841722,-0.6090465436598239,WhitePLA
1.3541696779233638,-0.5726320301832108,WhitePLA
1.0613347173507492,-0.5641112150671839,WhitePLA
